id,oracle,n,num_clusters,entropy_cluster,entropy_cluster_norm,max_cluster_share,dispersion_1_minus_max
1851,0.137186003263752,100,3,0.19043755351592534,0.17334373143304282,0.96,0.040000000000000036
1852,0.0,100,1,-1.000088900581841e-12,0.0,1.0,0.0
1853,1.0676407166615385,100,6,1.1111248015311794,0.6201305591591968,0.55,0.44999999999999996
1854,0.5509248719088385,100,2,0.5269079614293803,0.7601675029590803,0.78,0.21999999999999997
1855,0.0,100,1,-1.000088900581841e-12,0.0,1.0,0.0
1856,0.6702891014510198,100,3,0.7560597023056922,0.6881951987104501,0.69,0.31000000000000005
1857,0.7836275362681947,100,3,0.8229537068143472,0.7490847456403804,0.63,0.37
1858,1.8390398465728,100,9,1.8953430864442589,0.8626078125987725,0.33,0.6699999999999999
1859,1.3551432880331464,100,5,1.3771332839358608,0.8556610188541514,0.48,0.52
1860,1.7957698194444365,100,9,1.8226935820952193,0.8295435982720261,0.36,0.64
1861,0.4994833718233533,100,3,0.5020040903393309,0.45694381495398156,0.86,0.14
1862,0.6104008372876036,100,3,0.6435661541192998,0.5857991584087595,0.74,0.26
1863,0.0428542914977931,100,2,0.05600153435284737,0.08079313589302582,0.99,0.010000000000000009
1864,1.3346463400164144,100,5,1.3763146927380125,0.8551523995458054,0.46,0.54
1865,0.7398656538954574,100,3,0.7424171058017361,0.6757771722195072,0.62,0.38
1866,0.3119643098647652,100,3,0.35021138100968696,0.3187761366061741,0.91,0.08999999999999997
1867,2.0817234277775887,100,13,2.1069555981084296,0.821441402723689,0.25,0.75
1868,0.6111924687168194,100,3,0.666039978690258,0.6062557151055756,0.74,0.26
1869,1.318578465722789,100,4,1.3269638314026955,0.9572020695018437,0.37,0.63
1870,1.9768219553904869,100,10,2.016701740609899,0.8758424375915622,0.27,0.73
1871,0.0,100,1,-1.000088900581841e-12,0.0,1.0,0.0
1872,2.2665378875289544,100,12,2.2669346807986193,0.9122816267532716,0.22,0.78
1873,0.0,100,1,-1.000088900581841e-12,0.0,1.0,0.0
1874,0.3516277945949397,100,2,0.34651533691666614,0.4999159581616426,0.89,0.10999999999999999
1875,0.5931443165756229,100,3,0.6298917513421144,0.5733521806002703,0.8,0.19999999999999996
1876,0.4483611673434513,100,2,0.439669879399343,0.6343095546376808,0.84,0.16000000000000003
1877,1.532224151434999,100,5,1.5309146476060924,0.9512107523866826,0.29,0.71
1878,2.5292081251349225,100,16,2.549278079927152,0.9194577109394603,0.15,0.85
1879,2.3163900776460307,100,12,2.3321401837284816,0.9385222515008553,0.2,0.8
1880,1.391129577054877,100,9,1.446046710731188,0.6581242198211192,0.47,0.53
1881,0.971140532219256,100,3,0.982452082744858,0.8942664239956051,0.49,0.51
1882,1.7209753434078772,100,7,1.718341779502755,0.8830529921111534,0.39,0.61
1883,1.2462490344076638,100,6,1.2839010938675701,0.7165588439282613,0.5,0.5
1884,0.0,100,1,-1.000088900581841e-12,0.0,1.0,0.0
1885,1.595068019416915,100,6,1.6029390271348138,0.8946173047576577,0.32,0.6799999999999999
1886,1.7153969193037917,100,7,1.7145070576574155,0.8810823349113844,0.28,0.72
1887,1.4921416024608594,100,5,1.4888555065036024,0.9250779387021336,0.37,0.63
1888,2.127978439784517,100,11,2.126071187100716,0.8866405514947977,0.25,0.75
1889,0.7305050701300696,100,3,0.7830103699298679,0.7127267535657568,0.66,0.33999999999999997
1890,0.3099017460520568,100,2,0.32508297338944825,0.46899559358639586,0.9,0.09999999999999998
1891,0.8994716418605407,100,3,0.9142025851580708,0.8321430540945378,0.63,0.37
1892,1.3443060245222342,100,5,1.3461554077869091,0.8364133822043468,0.43,0.5700000000000001
1893,0.5267089734524637,100,2,0.5510799280849727,0.7950402793816368,0.76,0.24
1894,0.714183467041596,100,3,0.746032664711785,0.6790681957656138,0.7,0.30000000000000004
1895,2.378473632829848,100,17,2.4218693127077398,0.854813605120337,0.28,0.72
1896,0.0,100,1,-1.000088900581841e-12,0.0,1.0,0.0
1897,2.919486693998875,100,27,2.947183626286586,0.89421404823946,0.2,0.8
1898,2.193925525007677,100,11,2.206456002083325,0.9201636231211907,0.16,0.84
1899,1.1129557245781243,100,7,1.1822524806653754,0.6075575900764622,0.64,0.36
1900,1.8552503256203936,100,7,1.8619258426548484,0.9568406041557279,0.26,0.74
1901,2.758994026132841,100,24,2.780650396543505,0.8749538380975342,0.21,0.79
1902,2.286861615340963,100,12,2.304154098475924,0.927259822284472,0.17,0.83
1903,0.6052834686131802,100,2,0.6191006644235872,0.8931734583749716,0.69,0.31000000000000005
1904,1.410664296069781,100,5,1.4066198527919282,0.8739820541847236,0.38,0.62
1905,0.8457382719874903,100,3,0.8743504350413263,0.7958680637928556,0.57,0.43000000000000005
1906,1.3658821988464789,100,4,1.367427940033475,0.9863907539296527,0.33,0.6699999999999999
1907,0.0,100,1,-1.000088900581841e-12,0.0,1.0,0.0
1908,0.0,100,1,-1.000088900581841e-12,0.0,1.0,0.0
1909,2.429602066089722,100,15,2.467362180114997,0.9111212853848685,0.15,0.85
1910,0.0,100,1,-1.000088900581841e-12,0.0,1.0,0.0
1911,1.2078341493310525,100,4,1.213750870667917,0.8755361809936327,0.4,0.6
1912,1.1765756145121395,100,4,1.1708266497663333,0.8445729006792642,0.45,0.55
1913,1.66986292747107,100,8,1.6947815493439142,0.8150176455428597,0.32,0.6799999999999999
1914,0.0,100,1,-1.000088900581841e-12,0.0,1.0,0.0
1915,3.37854122678746,100,40,3.3906818638948093,0.9191630971062041,0.09,0.91
1916,0.3810488224064213,100,2,0.4049634850619386,0.5842388116399706,0.86,0.14
1917,2.727078965827841,100,19,2.73715900407388,0.929602896660728,0.14,0.86
1918,0.5122768096035597,100,3,0.5486372905991197,0.4993911830935861,0.83,0.17000000000000004
1919,0.8687506655622093,100,3,0.8785258722239531,0.7996687105047987,0.47,0.53
1920,0.6484226292798767,100,2,0.6534181947917017,0.9426831892526067,0.64,0.36
1921,1.2628509718523155,100,6,1.262632454533921,0.7046885903038659,0.56,0.43999999999999995
1922,0.6669586925723109,100,3,0.7098551052418884,0.6461379620124887,0.76,0.24
1923,0.2232513259389678,100,2,0.25363894691969135,0.36592365089733775,0.93,0.06999999999999995
1924,2.331856744383612,100,13,2.334219445236612,0.91004504180415,0.21,0.79
1925,0.7513729984510853,100,3,0.7612300161578045,0.6929014211926149,0.73,0.27
1926,1.5950470483524055,100,6,1.6239003508081384,0.9063160422463203,0.32,0.6799999999999999
1927,2.5178698741837784,100,16,2.5500208543456475,0.9197256101819759,0.17,0.83
1928,0.5885502678901208,100,2,0.5929533174454745,0.8554508105572454,0.72,0.28
1929,1.2893173721232445,100,4,1.2942985785914893,0.933639070381788,0.39,0.61
1930,0.6657022633917841,100,2,0.6589556806810628,0.9506720926841806,0.63,0.37
1931,1.3309537857583082,100,5,1.3369504185778327,0.8306940008365034,0.39,0.61
1932,0.512730330665871,100,2,0.5510799280849727,0.7950402793816368,0.76,0.24
1933,1.6375916403059254,100,8,1.6622481577832344,0.7993723913202292,0.4,0.6
1934,1.02261025516757,100,4,1.0283234450985657,0.7417785673367775,0.65,0.35
1935,0.1289548884591773,100,3,0.15383759322561116,0.14002901188381428,0.97,0.030000000000000027
1936,1.0613484752992417,100,4,1.044353224367186,0.7533416088654691,0.57,0.43000000000000005
1937,1.3458840495410227,100,6,1.3805402933315862,0.7704942080905343,0.54,0.45999999999999996
1938,1.8874532477140964,100,9,1.9031732263527825,0.8661714628461298,0.34,0.6599999999999999
1939,0.6920550854667159,100,2,0.6899437584563995,0.9953784388173404,0.54,0.45999999999999996
1940,1.4880699636780903,100,8,1.5205226514268502,0.7312168295909516,0.39,0.61
1941,0.368097963641522,100,3,0.44330669146508717,0.4035151399976829,0.88,0.12
1942,0.0,100,1,-1.000088900581841e-12,0.0,1.0,0.0
1943,1.9541368926913416,100,8,1.964075983881663,0.9445208939583957,0.21,0.79
1944,1.223016733478343,100,4,1.2238034376472693,0.8827875752582905,0.43,0.5700000000000001
1945,1.8628963694395082,100,8,1.8676775762285955,0.8981630590681713,0.26,0.74
1946,1.8957040699996075,100,9,1.8886787789662738,0.8595747555563903,0.3,0.7
1947,2.482421243034787,100,15,2.493134090792937,0.9206380626836979,0.15,0.85
1948,0.614869813006816,100,2,0.6191006644235872,0.8931734583749716,0.69,0.31000000000000005
1949,0.972676420204846,100,3,0.9748474678580377,0.8873444052222309,0.47,0.53
1950,1.3394289295694073,100,5,1.3484356752267954,0.837830192024887,0.36,0.64
1951,0.3777348532360742,100,2,0.38638670628660376,0.5574381850251038,0.87,0.13
1952,0.8655731627301119,100,3,0.861551684406503,0.7842181389132243,0.67,0.32999999999999996
1953,0.0,100,1,-1.000088900581841e-12,0.0,1.0,0.0
1954,0.086947175247392,100,3,0.11190205688793092,0.1018576417196226,0.98,0.020000000000000018
1955,0.7940586680361182,100,3,0.8225874872699983,0.7487513982455567,0.65,0.35
1956,1.255405335581001,100,8,1.2930534535784304,0.6218272683606497,0.52,0.48
1957,2.605931034911072,100,15,2.6154179409179554,0.9657937433558093,0.11,0.89
1958,2.6897292582383456,100,18,2.6893243406216056,0.9304423672403661,0.13,0.87
1959,2.014081019842819,100,11,2.016280546586047,0.8408542981249657,0.33,0.6699999999999999
1960,0.6032310179105218,100,3,0.6535076427317578,0.5948482913148827,0.79,0.20999999999999996
1961,0.0,100,1,-1.000088900581841e-12,0.0,1.0,0.0
1962,0.0,100,1,-1.000088900581841e-12,0.0,1.0,0.0
1963,2.3579853407195976,100,12,2.378341934738733,0.9571152038816593,0.18,0.8200000000000001
1964,2.0438036402296262,100,13,2.0957492697578393,0.8170723775349497,0.3,0.7
1965,0.3071915019971967,100,2,0.32508297338944825,0.46899559358639586,0.9,0.09999999999999998
1966,1.3778256771383406,100,5,1.381063190362532,0.8581028070065925,0.44,0.56
1967,1.7032926491938536,100,8,1.7210864271673907,0.8276676178052329,0.31,0.69
1968,0.0,100,1,-1.000088900581841e-12,0.0,1.0,0.0
1969,0.34448947526061585,100,2,0.36692499127070966,0.529360865284479,0.88,0.12
1970,1.0444111555277833,100,7,1.1591024698099683,0.5956608378720267,0.68,0.31999999999999995
1971,0.0731197768104183,100,2,0.09803911327773202,0.14144054253893532,0.98,0.020000000000000018
1972,0.2489392153135601,100,2,0.30253782309549804,0.4364698170612175,0.91,0.08999999999999997
1973,0.5997006997736839,100,4,0.6628708747055372,0.47816026184370397,0.79,0.20999999999999996
1974,0.9355436036443331,100,4,0.9453656457599304,0.6819371644823221,0.65,0.35
1975,0.6363838092900544,100,3,0.6573673726013246,0.5983615688463457,0.79,0.20999999999999996
1976,2.2199024633374025,100,13,2.2400503128672895,0.8733312049030897,0.22,0.78
1977,0.60006947845413,100,4,0.6817080239956383,0.49174839277636095,0.76,0.24
1978,0.8063114627429252,100,3,0.8231206123136706,0.7492366695730043,0.55,0.44999999999999996
1979,0.4472300252365951,100,3,0.47707654479137646,0.43425378517270624,0.84,0.16000000000000003
1980,2.0904022008049425,100,10,2.095392748462706,0.9100175080774416,0.26,0.74
1981,0.8038573654633524,100,3,0.8120274763514912,0.7391392620739238,0.62,0.38
1982,2.285574905065358,100,12,2.272188299035591,0.9143958382619494,0.22,0.78
1983,1.0709907391980371,100,4,1.099556363558989,0.7931622564422277,0.59,0.41000000000000003
1984,0.7600213098011168,100,3,0.7702233513306299,0.7010875076451234,0.73,0.27
1985,1.5545597965727829,100,5,1.5581961791503487,0.9681617210034191,0.27,0.73
1986,0.0538742178449933,100,2,0.05600153435284737,0.08079313589302582,0.99,0.010000000000000009
1987,0.4143642300500781,100,2,0.4558862130253584,0.6577047787413342,0.83,0.17000000000000004
1988,1.0859624076520829,100,3,1.0805276266011719,0.9835386311863827,0.4,0.6
1989,1.840890733376259,100,13,1.8725130850629117,0.7300390082227934,0.43,0.5700000000000001
1990,0.4459038416459207,100,3,0.4730029037995116,0.4305457973467158,0.87,0.13
1991,1.3512069534830804,100,6,1.371280709183803,0.765326335780211,0.54,0.45999999999999996
1992,0.7141441433100284,100,3,0.7308097236403832,0.6652116776577951,0.57,0.43000000000000005
1993,3.4365948494230474,100,44,3.4663819526239705,0.9160169779955707,0.11,0.89
1994,0.0,100,1,-1.000088900581841e-12,0.0,1.0,0.0
1995,0.2479712787651802,100,2,0.25363894691969135,0.36592365089733775,0.93,0.06999999999999995
1996,1.939921811935424,100,12,1.9533505553029307,0.7860860911896149,0.3,0.7
1997,2.22581922002987,100,12,2.2329095938795605,0.898588924485377,0.24,0.76
1998,0.6483142761533558,100,3,0.6878771576580365,0.6261327720009182,0.77,0.22999999999999998
1999,0.19830807337591697,100,2,0.22696752249860447,0.3274449191515909,0.94,0.06000000000000005
2000,0.4323829249182391,100,2,0.439669879399343,0.6343095546376808,0.84,0.16000000000000003
2001,0.3840732741156203,100,2,0.439669879399343,0.6343095546376808,0.84,0.16000000000000003
2002,0.9620863757629406,100,3,0.9803208389448952,0.8923264822873738,0.57,0.43000000000000005
2003,1.8804528297285967,100,12,1.9378555092042797,0.7798504259182564,0.3,0.7
2004,2.232985482948096,100,11,2.2463570329572446,0.9368036454468343,0.18,0.8200000000000001
2005,1.023783267348989,100,3,1.0175693930518328,0.9262315773706405,0.49,0.51
2006,2.12212264147645,100,14,2.181857074926268,0.8267562248237916,0.24,0.76
2007,0.0,100,1,-1.000088900581841e-12,0.0,1.0,0.0
2008,2.2268704959110392,100,11,2.236955849731247,0.932883047523879,0.19,0.81
2009,1.7299932677456134,100,9,1.7888765974732366,0.8141528253074435,0.38,0.62
2010,1.0721908945526897,100,3,1.0778717853095312,0.9811211802630361,0.38,0.62
2011,0.673956627457192,100,3,0.688293255416438,0.6265115205027267,0.72,0.28
2012,1.6924599836529526,100,10,1.7223111569641258,0.7479902315899252,0.38,0.62
2013,0.6115126908541155,100,2,0.6191006644235872,0.8931734583749716,0.69,0.31000000000000005
2014,0.0,100,1,-1.000088900581841e-12,0.0,1.0,0.0
2015,0.0,100,1,-1.000088900581841e-12,0.0,1.0,0.0
2016,0.9660919331941796,100,4,0.9754086511965305,0.7036086119607137,0.58,0.42000000000000004
2017,1.2071101738718717,100,4,1.214761203873766,0.8762649823464947,0.45,0.55
2018,1.052734130209656,100,3,1.053919750899252,0.9593190989852841,0.42,0.5800000000000001
2019,1.36512356488423,100,6,1.3994252544095946,0.7810341055501775,0.38,0.62
2020,1.3010722462300266,100,4,1.3011358299402165,0.938571104688848,0.37,0.63
2021,0.6930638139889048,100,2,0.6931471805579453,0.9999999999971146,0.5,0.5
2022,0.1616583037012321,100,3,0.19043755351592534,0.17334373143304282,0.96,0.040000000000000036
2023,0.4031842483071864,100,2,0.439669879399343,0.6343095546376808,0.84,0.16000000000000003
2024,1.166426627254516,100,5,1.1865916546792115,0.7372708481090894,0.35,0.65
2025,0.667770889755181,100,2,0.6802920001901536,0.9814538950307683,0.58,0.42000000000000004
2026,1.301813088763908,100,7,1.3694030646470683,0.703733964958185,0.5,0.5
2027,0.8858099640540944,100,4,0.8899791926860048,0.6419842838912312,0.71,0.29000000000000004
2028,0.0,100,1,-1.000088900581841e-12,0.0,1.0,0.0
2029,0.0,100,1,-1.000088900581841e-12,0.0,1.0,0.0
2030,0.2118280479024944,100,2,0.22696752249860447,0.3274449191515909,0.94,0.06000000000000005
2031,2.134553746177196,100,9,2.1333073940112595,0.9709100362410613,0.19,0.81
2032,2.9119465065054064,100,23,2.918509699428541,0.9307973475446808,0.09,0.91
2033,1.9519935414821477,100,12,1.9844838763557173,0.7986150612639809,0.37,0.63
2034,0.4948911758437154,100,4,0.5518367963966756,0.39806610477076826,0.85,0.15000000000000002
2035,0.9584797381241296,100,4,0.9999299895438177,0.7212970185755094,0.57,0.43000000000000005
2036,1.732869054943735,100,8,1.774533192261612,0.8533700787895632,0.41,0.5900000000000001
2037,2.0367676541215145,100,9,2.0496100499537877,0.9328177333782646,0.23,0.77
2038,1.9074307210992731,100,9,1.9212432880481969,0.8743955023374964,0.32,0.6799999999999999
2039,0.0,100,1,-1.000088900581841e-12,0.0,1.0,0.0
2040,1.7959174628064878,100,9,1.8231191402890954,0.8297372781526654,0.34,0.6599999999999999
2041,0.0385498158233959,100,2,0.05600153435284737,0.08079313589302582,0.99,0.010000000000000009
2042,0.0,100,1,-1.000088900581841e-12,0.0,1.0,0.0
2043,0.9212715897710746,100,5,0.9904882310041452,0.6154249401930263,0.7,0.30000000000000004
2044,0.45822864825637905,100,2,0.47139348680809423,0.6800770457253945,0.82,0.18000000000000005
2045,1.9770841404729864,100,10,1.9981633907138907,0.8677913345281341,0.29,0.71
2046,0.6204191884143934,100,3,0.6225752839461666,0.5666924449761424,0.8,0.19999999999999996
2047,2.989108615667925,100,24,2.998748910666291,0.9435802760892744,0.11,0.89
2048,1.1422983175698462,100,6,1.1904088544793077,0.6643798316255989,0.61,0.39
2049,0.6424007698640755,100,2,0.6474466390326326,0.9340680553726057,0.65,0.35
2050,1.38040807504769,100,5,1.375767269812228,0.8548122665580365,0.39,0.61
2051,1.4630767803444984,100,6,1.4818519844279543,0.8270373394852947,0.35,0.65
2052,1.706148960860186,100,7,1.7057298800002285,0.8765717578626713,0.28,0.72
2053,1.2263638026120196,100,4,1.2459949646204826,0.8987953782152949,0.48,0.52
2054,0.6426496418319887,100,2,0.6534181947917017,0.9426831892526067,0.64,0.36
2055,0.0,100,1,-1.000088900581841e-12,0.0,1.0,0.0
2056,1.7614176736371754,100,7,1.7882654102991842,0.9189866300699129,0.25,0.75
2057,0.0,100,1,-1.000088900581841e-12,0.0,1.0,0.0
2058,1.1709224674170884,100,4,1.1799450160779204,0.8511504116086319,0.47,0.53
2059,0.0,100,1,-1.000088900581841e-12,0.0,1.0,0.0
2060,1.3489885305175704,100,5,1.3555731789545113,0.8422649724364663,0.45,0.55
2061,1.855508422644208,100,9,1.8910240456764322,0.8606421324346344,0.27,0.73
2062,2.1518361334222638,100,11,2.177102170641006,0.9079221245973362,0.21,0.79
2063,1.8949268775965715,100,8,1.89771208337219,0.912606603905374,0.24,0.76
2064,0.0,100,1,-1.000088900581841e-12,0.0,1.0,0.0
2065,1.3668977093056311,100,7,1.449855011386581,0.74507808702804,0.54,0.45999999999999996
2066,0.6010336590533418,100,2,0.6268694575704263,0.9043814577216086,0.68,0.31999999999999995
2067,1.1795835202113734,100,6,1.2577302946670674,0.7019526427891218,0.61,0.39
2068,0.4926758279980384,100,3,0.5455199975036201,0.4965537006371694,0.84,0.16000000000000003
2069,2.755257798612616,100,18,2.7624178203728103,0.9557309757217912,0.11,0.89
2070,1.3804784804793184,100,7,1.4398994581865479,0.7399619447411692,0.5,0.5
2071,2.159841929478599,100,10,2.1698800469242356,0.9423669307711646,0.24,0.76
2072,0.6926066909470724,100,2,0.6923469670879616,0.9988455359923166,0.52,0.48
2073,0.69277460586374,100,2,0.6929471672224783,0.9997114417499247,0.51,0.49
2074,1.1491602984358524,100,4,1.15288035375921,0.831627384553363,0.42,0.5800000000000001
2075,2.7006265385927968,100,19,2.721998211382588,0.924453938642388,0.11,0.89
2076,1.3273994450247868,100,5,1.3390424275857467,0.8319938391165337,0.42,0.5800000000000001
2077,1.2739703448155415,100,5,1.324567034183418,0.8229997715041731,0.43,0.5700000000000001
2078,2.317368622380052,100,13,2.3299011579174658,0.9083614657496817,0.24,0.76
2079,2.1289930280752856,100,11,2.1423409421881052,0.8934255663667785,0.23,0.77
2080,0.74483445238779,100,4,0.7922860291377087,0.5715135626012906,0.72,0.28
2081,0.9253522703362688,100,3,0.9169886124837865,0.8346790054528584,0.61,0.39
2082,2.2871324555399046,100,13,2.3026097715813023,0.8977213389741678,0.19,0.81
2083,1.975442137474265,100,9,1.972398348058483,0.8976771734684026,0.34,0.6599999999999999
2084,2.0969330582858863,100,10,2.1083399179468763,0.915640392340683,0.18,0.8200000000000001
2085,1.7523974257588757,100,7,1.764203882478659,0.9066214508080613,0.26,0.74
2086,0.3091283052790059,100,3,0.3316944308182259,0.30192128218441094,0.92,0.07999999999999996
2087,0.0,100,1,-1.000088900581841e-12,0.0,1.0,0.0
2088,0.8994645353737768,100,4,0.9150841038678968,0.660093649323268,0.62,0.38
2089,0.7357943697978335,100,3,0.7612300161578045,0.6929014211926149,0.73,0.27
2090,0.0496740226346973,100,2,0.05600153435284737,0.08079313589302582,0.99,0.010000000000000009
2091,0.6542806697020013,100,2,0.6534181947917017,0.9426831892526067,0.64,0.36
2092,0.2752751558078264,100,2,0.30253782309549804,0.4364698170612175,0.91,0.08999999999999997
2093,1.060929844598532,100,3,1.06424323595777,0.9687159400410433,0.46,0.54
2094,1.8216586241719448,100,8,1.8303153056860468,0.8801956049254757,0.26,0.74
2095,1.8807689543974009,100,9,1.8892577579453986,0.8598382602454862,0.29,0.71
2096,0.5837903348044847,100,2,0.5730569171294204,0.8267463724897325,0.74,0.26
2097,0.34521599635516226,100,2,0.38638670628660376,0.5574381850251038,0.87,0.13
2098,0.4566806371520864,100,3,0.45944859182218617,0.4182081308950162,0.85,0.15000000000000002
2099,0.6912084992581539,100,2,0.6913460989997393,0.9974015885648543,0.53,0.47
2100,1.2265545113842895,100,6,1.2748816688461597,0.7115250069784299,0.56,0.43999999999999995
2101,1.4150194541176877,100,5,1.439907269163807,0.8946646888578035,0.34,0.6599999999999999
2102,0.5940072581168209,100,2,0.6108643020528935,0.8812908992278073,0.7,0.30000000000000004
2103,0.1172290188585516,100,2,0.1347421681777668,0.19439185782869087,0.97,0.030000000000000027
2104,1.3090335908363169,100,5,1.3189603987629037,0.8195161730520684,0.49,0.51
2105,1.0805607387055405,100,3,1.0849042225876493,0.9875223805323721,0.39,0.61
2106,1.314824462250706,100,4,1.3178907093154262,0.950657195381502,0.39,0.61
2107,0.6911582157613664,100,2,0.6923469670879616,0.9988455359923166,0.52,0.48
2108,1.291742865700144,100,6,1.312150924182666,0.7323253744253859,0.57,0.43000000000000005
2109,1.8190008962903192,100,9,1.8589056268266946,0.8460244100675034,0.33,0.6699999999999999
2110,1.565509951474805,100,7,1.5920872245500024,0.8181709856043033,0.46,0.54
2111,0.6861353127538546,100,2,0.6881388137115885,0.9927744539849229,0.55,0.44999999999999996
2112,2.178060490670768,100,13,2.186014232343604,0.852264090900822,0.26,0.74
2113,0.0,100,1,-1.000088900581841e-12,0.0,1.0,0.0
2114,2.5633455155441585,100,16,2.5775471527263214,0.9296536237239329,0.14,0.86
2115,1.109135114699574,100,4,1.1224485758859393,0.809675497041762,0.44,0.56
2116,1.0163194743845965,100,3,1.0159469899446358,0.9247548024210686,0.47,0.53
2117,0.6882631592961438,100,2,0.6881388137115885,0.9927744539849229,0.55,0.44999999999999996
2118,1.5953967730283036,100,8,1.607693704193152,0.7731372447692896,0.36,0.64
2119,1.3677466127833047,100,5,1.3849882770668371,0.8605416004971528,0.44,0.56
2120,0.7648157422382292,100,3,0.771412173442249,0.7021696201646004,0.69,0.31000000000000005
2121,0.69249949253973,100,2,0.6913460989997393,0.9974015885648543,0.53,0.47
2122,1.0495380658545246,100,4,1.0721766153371262,0.7734119429519928,0.54,0.45999999999999996
2123,1.316629512521612,100,6,1.3428231398491635,0.7494438639287297,0.53,0.47
2124,2.4088265586166067,100,16,2.41978763177394,0.8727539040911781,0.19,0.81
2125,0.0,100,1,-1.000088900581841e-12,0.0,1.0,0.0
2126,1.2924802048740356,100,7,1.3467846125934924,0.6921103799408826,0.59,0.41000000000000003
2127,1.752761931037034,100,7,1.7629694661742135,0.9059870863154126,0.28,0.72
2128,2.5048122420388914,100,15,2.5031302192119456,0.9243293267581009,0.13,0.87
2129,1.4224616206031675,100,5,1.4429218305749127,0.8965377411748987,0.33,0.6699999999999999
2130,1.635346475799576,100,7,1.6507013627789413,0.8482926940795864,0.36,0.64
2131,0.0,100,1,-1.000088900581841e-12,0.0,1.0,0.0
2132,1.9811810215846688,100,9,1.9863119980400943,0.9040095484678117,0.23,0.77
2133,1.7735722548085218,100,9,1.7817016513426145,0.8108873665989301,0.37,0.63
2134,2.7427049698336554,100,17,2.745334403826721,0.9689825898872544,0.11,0.89
2135,1.984838789187159,100,9,1.9874832065692405,0.9045425884407061,0.24,0.76
2136,2.4782625760752026,100,15,2.4943861127312643,0.9211003960399324,0.17,0.83
2137,3.148143504356799,100,30,3.1680810207077337,0.9314605020539859,0.11,0.89
2138,0.6870181881589698,100,2,0.6881388137115885,0.9927744539849229,0.55,0.44999999999999996
2139,0.0,100,1,-1.000088900581841e-12,0.0,1.0,0.0
2140,1.6910476430592825,100,9,1.7083313849300508,0.7774951193205417,0.31,0.69
2141,1.4830875349281465,100,8,1.5679339220084016,0.7540168312410347,0.5,0.5
2142,1.188076273138622,100,5,1.2248068565558896,0.7610152880663176,0.46,0.54
2143,1.0198915468038334,100,4,1.0415901537377983,0.7513484747181474,0.6,0.4
2144,0.4392445628073412,100,2,0.47139348680809423,0.6800770457253945,0.82,0.18000000000000005
2145,0.135480594079875,100,3,0.15383759322561116,0.14002901188381428,0.97,0.030000000000000027
2146,1.0862826985682794,100,4,1.1065960356424922,0.798240306444405,0.45,0.55
2147,1.0353468498414262,100,4,1.047051354287566,0.7552878981933723,0.59,0.41000000000000003
2148,1.3920455916007104,100,5,1.3999020370134678,0.8698080405576304,0.45,0.55
2149,0.0,100,1,-1.000088900581841e-12,0.0,1.0,0.0
2150,0.0,100,1,-1.000088900581841e-12,0.0,1.0,0.0
2151,0.6710529314662007,100,4,0.7302792923489814,0.5267851567678885,0.72,0.28
2152,0.2067785820437891,100,3,0.223535364519782,0.20347065732423456,0.95,0.050000000000000044
2153,0.0,100,1,-1.000088900581841e-12,0.0,1.0,0.0
2154,1.322765600604331,100,4,1.32951300214393,0.9590409074952229,0.33,0.6699999999999999
2155,0.6207652779559667,100,2,0.6268694575704263,0.9043814577216086,0.68,0.31999999999999995
2156,1.917730851228746,100,8,1.919411332395154,0.9230417368908556,0.26,0.74
2157,1.2908927081224,100,6,1.3050294729727094,0.7283508168286429,0.53,0.47
2158,0.5263691870538667,100,2,0.5269079614293803,0.7601675029590803,0.78,0.21999999999999997
2159,1.854945892288544,100,8,1.8633554392429383,0.8960845505364212,0.29,0.71
2160,0.0,100,1,-1.000088900581841e-12,0.0,1.0,0.0
2161,2.361404517730443,100,17,2.384325460042448,0.841562272408646,0.3,0.7
2162,0.0,100,1,-1.000088900581841e-12,0.0,1.0,0.0
2163,1.298040763073869,100,5,1.30368686388185,0.8100261922562548,0.52,0.48
2164,0.0,100,1,-1.000088900581841e-12,0.0,1.0,0.0
2165,0.5819787107209148,100,3,0.6283351877869133,0.5719353353935885,0.77,0.22999999999999998
2166,1.9593333514518,100,9,1.9615398065342176,0.8927352382487311,0.26,0.74
2167,1.0367567849174188,100,4,1.0588404431055265,0.7637919281805079,0.51,0.49
2168,1.1590481615253951,100,4,1.1561114442836002,0.8339581236914636,0.45,0.55
2169,0.0,100,1,-1.000088900581841e-12,0.0,1.0,0.0
2170,0.0,100,1,-1.000088900581841e-12,0.0,1.0,0.0
2171,1.168255046564331,100,4,1.1835138732615322,0.8537247978888509,0.46,0.54
2172,1.5381811218366757,100,6,1.5571808610521893,0.8690791860154481,0.34,0.6599999999999999
2173,0.7397079840568711,100,4,0.804303294313024,0.5801821870380282,0.71,0.29000000000000004
2174,0.839184123351279,100,4,0.8782727424481551,0.6335398650389517,0.68,0.31999999999999995
2175,2.1138313398466275,100,9,2.1185337584289266,0.9641862649275965,0.17,0.83
2176,1.0597182369835316,100,4,1.0767910871030972,0.7767405807185371,0.57,0.43000000000000005
2177,0.6901955944881853,100,2,0.6899437584563995,0.9953784388173404,0.54,0.45999999999999996
2178,2.095703922701924,100,10,2.1048574186291695,0.9141279621037711,0.25,0.75
2179,0.9655210186891242,100,4,0.987893063417143,0.7126142117602593,0.49,0.51
2180,0.211805136848254,100,2,0.22696752249860447,0.3274449191515909,0.94,0.06000000000000005
2181,2.338599099175714,100,12,2.3423352005207634,0.9426250280752396,0.18,0.8200000000000001
2182,1.867836443339521,100,7,1.8647182907277557,0.9582756385915485,0.27,0.73
2183,1.744605380881883,100,8,1.7866870211886374,0.8592148350298405,0.37,0.63
2184,1.5267743625244352,100,7,1.5491360505384852,0.7960984484769499,0.37,0.63
2185,0.0880717233203072,100,2,0.09803911327773202,0.14144054253893532,0.98,0.020000000000000018
2186,0.0,100,1,-1.000088900581841e-12,0.0,1.0,0.0
2187,1.6948100070746666,100,8,1.7366556763073941,0.8351548439801155,0.37,0.63
2188,1.15917717504862,100,5,1.2019327274461395,0.7468027925528029,0.6,0.4
2189,1.6357028257582307,100,7,1.6652539435123315,0.8557712411956776,0.37,0.63
2190,0.0,100,1,-1.000088900581841e-12,0.0,1.0,0.0
2191,0.5937778468677617,100,3,0.6260296940611805,0.5698367845676845,0.73,0.27
2192,1.0820762494239669,100,5,1.1241844622481567,0.6984950792838909,0.57,0.43000000000000005
2193,0.9581051199994081,100,3,0.9566011612726355,0.8707359012271382,0.5,0.5
2194,2.227168597416488,100,14,2.301791020089264,0.8722019769175824,0.21,0.79
2195,1.4115748166272812,100,7,1.4479449001543823,0.7440964840320713,0.56,0.43999999999999995
2196,2.1256239006233555,100,10,2.141707326843387,0.930131673899847,0.22,0.78
2197,0.0,100,1,-1.000088900581841e-12,0.0,1.0,0.0
2198,0.3386436577818756,100,2,0.38638670628660376,0.5574381850251038,0.87,0.13
2199,0.9816613409459708,100,4,1.0103746355289716,0.7288312380588206,0.64,0.36
2200,1.140440625374444,100,5,1.1500096616099973,0.714541177839369,0.54,0.45999999999999996
2201,0.11136588380865338,100,2,0.1347421681777668,0.19439185782869087,0.97,0.030000000000000027
2202,2.0616837405739767,100,10,2.070349663897677,0.8991414346410131,0.29,0.71
2203,1.7203339173557584,100,6,1.7265066909025908,0.9635817310045656,0.29,0.71
2204,0.5998033023242492,100,2,0.5929533174454745,0.8554508105572454,0.72,0.28
2205,1.0200603500767935,100,3,1.0426068631866272,0.9490216648228283,0.47,0.53
2206,2.1181127971892817,100,10,2.114012511380505,0.9181039683669885,0.22,0.78
2207,2.137278591621798,100,10,2.1400105063971346,0.9293947541432591,0.2,0.8
2208,2.2724156584555515,100,14,2.267147901648311,0.8590748962542746,0.23,0.77
2209,1.6418766203988469,100,7,1.667322981932295,0.8568345166099962,0.32,0.6799999999999999
2210,0.39095754307842895,100,3,0.39439769144444276,0.3589962496437996,0.9,0.09999999999999998
2211,2.5965907645254505,100,15,2.6116964500264936,0.9644195107474377,0.11,0.89
2212,1.9264163161197772,100,10,1.9330396521800617,0.839508454241982,0.32,0.6799999999999999
2213,0.2986289071323581,100,4,0.3619470334317808,0.261089595098251,0.92,0.07999999999999996
2214,1.5585543042397247,100,6,1.5655494484580335,0.8737497835758726,0.39,0.61
2215,0.3277569676892566,100,2,0.34651533691666614,0.4999159581616426,0.89,0.10999999999999999
2216,1.3577092811534819,100,8,1.3822004543272302,0.6646979136574558,0.49,0.51
2217,0.0436327124711055,100,2,0.05600153435284737,0.08079313589302582,0.99,0.010000000000000009
2218,1.358635770647184,100,6,1.4039141374789383,0.7835393988925242,0.52,0.48
2219,1.982184414051603,100,10,2.016423287601424,0.8757215069865122,0.32,0.6799999999999999
2220,0.0,100,1,-1.000088900581841e-12,0.0,1.0,0.0
2221,1.7310634060826129,100,6,1.7324516253865934,0.9668996621142384,0.21,0.79
2222,0.4328301096389513,100,4,0.5640638205030917,0.4068860382923464,0.84,0.16000000000000003
2223,2.619892977927907,100,18,2.618913979765113,0.9060820541892372,0.17,0.83
2224,0.551842982717623,100,2,0.5730569171294204,0.8267463724897325,0.74,0.26
2225,0.7361188359013466,100,3,0.7687384658068743,0.6997359065943507,0.73,0.27
2226,0.6370155590208906,100,4,0.6847213202906495,0.4939220265871318,0.77,0.22999999999999998
2227,1.2530595557067332,100,5,1.2838597969875567,0.7977069429449801,0.51,0.49
2228,2.4567777066102403,100,15,2.4758347284345454,0.9142499379911236,0.22,0.78
2229,0.6266258855903349,100,2,0.6341786357102057,0.9149263727768423,0.67,0.32999999999999996
2230,0.8377697878654042,100,3,0.8486765553486089,0.772498691396846,0.68,0.31999999999999995
2231,1.1097373363303282,100,4,1.1098759597841055,0.8006062715912038,0.43,0.5700000000000001
2232,1.4366954137122834,100,6,1.4841065349109073,0.828295628067927,0.4,0.6
2233,1.0877124707046235,100,6,1.1298107279311422,0.6305593732499706,0.58,0.42000000000000004
2234,1.6029764303351335,100,8,1.6409531051727884,0.7891316357213759,0.47,0.53
2235,0.0750671064949294,100,2,0.09803911327773202,0.14144054253893532,0.98,0.020000000000000018
2236,0.5132350319346249,100,2,0.5392763414950504,0.7780113035436524,0.77,0.22999999999999998
2237,1.935912581031053,100,9,1.9566616267864951,0.8905150829682743,0.21,0.79
2238,0.38778866981250265,100,2,0.42270908780399086,0.609840304713515,0.85,0.15000000000000002
2239,0.8010430615344916,100,5,0.8280510541023917,0.5144970475127272,0.77,0.22999999999999998
2240,0.7997132029520934,100,3,0.8070433860150534,0.7346025475406464,0.49,0.51
2241,0.4581510361562911,100,2,0.47139348680809423,0.6800770457253945,0.82,0.18000000000000005
2242,0.7700244066550931,100,3,0.7856960386296917,0.7151713545660603,0.63,0.37
2243,0.0,100,1,-1.000088900581841e-12,0.0,1.0,0.0
2244,0.8139343802353819,100,5,0.8596276064217486,0.534116662581693,0.74,0.26
2245,1.3215378052099105,100,6,1.3502201061836334,0.7535721894442393,0.42,0.5800000000000001
2246,1.3480016236709076,100,4,1.35219094785674,0.9753995874039328,0.32,0.6799999999999999
2247,0.1576298233085475,100,2,0.167944147732173,0.24229218907952946,0.96,0.040000000000000036
2248,1.2576467571295278,100,7,1.3364280173082261,0.6867881427911899,0.62,0.38
2249,2.5179635862434493,100,16,2.5304057785480247,0.912650967037003,0.14,0.86
2250,2.393937876275961,100,14,2.395665206170069,0.9077730821858755,0.2,0.8
2251,1.6046289304936456,100,7,1.6010124118971625,0.8227576245873484,0.38,0.62
2252,1.1596443243658363,100,4,1.159518605275293,0.8364158708245764,0.45,0.55
2253,1.227660678152725,100,4,1.2185997696086233,0.8790339222213971,0.36,0.64
2254,1.3637031493664082,100,4,1.3674279400334752,0.9863907539296528,0.33,0.6699999999999999
2255,1.3726453501962774,100,6,1.4133004670331093,0.788778009161019,0.44,0.56
2256,1.7095849393941194,100,8,1.7297713039122398,0.8318441606754081,0.32,0.6799999999999999
2257,0.7194834873718318,100,3,0.7286666422201592,0.663260960883252,0.7,0.30000000000000004
2258,1.51487320670116,100,9,1.5556271029059348,0.7079964055344228,0.47,0.53
2259,1.87912850287574,100,8,1.8879357223307998,0.907905168041256,0.25,0.75
2260,0.8032153734843125,100,4,0.8571928610448274,0.6183339448573975,0.74,0.26
2261,0.9411081887008871,100,3,0.9812519116586494,0.8931739811942747,0.57,0.43000000000000005
2262,2.322313642336731,100,15,2.3803542187254894,0.8789919100305658,0.22,0.78
2263,0.44430055232262616,100,2,0.47139348680809423,0.6800770457253945,0.82,0.18000000000000005
2264,1.571494286734336,100,6,1.5692319754771522,0.8758050410378049,0.42,0.5800000000000001
2265,1.0999043675465543,100,4,1.1179205941859116,0.806409248669829,0.51,0.49
2266,0.8095447401907392,100,4,0.8557872631925778,0.6173200203319351,0.66,0.33999999999999997
2267,1.779073232825845,100,7,1.7891456656513014,0.919438991836228,0.26,0.74
2268,1.1880128734521094,100,5,1.204114597602405,0.7481584647035637,0.47,0.53
2269,0.8807474780409358,100,5,0.9109098136277567,0.5659800894401105,0.66,0.33999999999999997
2270,0.6793435869773422,100,2,0.6802920001901536,0.9814538950307683,0.58,0.42000000000000004
2271,0.9949227089939591,100,4,1.0337794073124331,0.7457142121513896,0.63,0.37
2272,0.0,100,1,-1.000088900581841e-12,0.0,1.0,0.0
2273,0.6009838021609798,100,3,0.6199205640174514,0.5642760147613178,0.76,0.24
2274,1.4375887397456493,100,6,1.4694751834079052,0.8201297153132949,0.38,0.62
2275,0.4124212650253507,100,4,0.4559569364975614,0.32890340557197795,0.89,0.10999999999999999
2276,2.083797654951021,100,10,2.091551712071444,0.908349367167927,0.24,0.76
2277,0.41254822004294506,100,2,0.42270908780399086,0.609840304713515,0.85,0.15000000000000002
2278,0.9204758246689172,100,3,0.9252440783606624,0.8421934543280701,0.6,0.4
2279,0.0,100,1,-1.000088900581841e-12,0.0,1.0,0.0
2280,1.7771458035967178,100,8,1.7880587814261908,0.8598745122605096,0.39,0.61
2281,0.0,100,1,-1.000088900581841e-12,0.0,1.0,0.0
2282,2.229924692562113,100,12,2.2433040977868934,0.9027719805805505,0.17,0.83
2283,0.0,100,1,-1.000088900581841e-12,0.0,1.0,0.0
2284,1.1512907761260749,100,5,1.1839255870831622,0.7356143271737666,0.48,0.52
2285,1.3290320026599691,100,6,1.3482247130771943,0.7524585393473885,0.46,0.54
2286,0.7662012768245883,100,3,0.8181412948460389,0.7447042994921378,0.7,0.30000000000000004
2287,0.4443979371142486,100,2,0.4558862130253584,0.6577047787413342,0.83,0.17000000000000004
2288,0.690919162556697,100,2,0.6913460989997393,0.9974015885648543,0.53,0.47
2289,2.239819042098052,100,13,2.2744443923708566,0.8867404675084168,0.22,0.78
2290,1.6655870509773794,100,7,1.657151577329954,0.8516074486452812,0.32,0.6799999999999999
2291,0.6925707228280983,100,2,0.6923469670879616,0.9988455359923166,0.52,0.48
2292,1.941521900394908,100,9,1.9560122483350337,0.8902195380985511,0.25,0.75
2293,0.742697746924787,100,3,0.7499982354683697,0.6826778138242215,0.71,0.29000000000000004
2294,2.60447325216833,100,18,2.6475314058180963,0.9159830041188798,0.13,0.87
2295,1.268709522351048,100,6,1.3116878702949224,0.7320669391299703,0.58,0.42000000000000004
2296,0.3121277167004155,100,2,0.38638670628660376,0.5574381850251038,0.87,0.13
2297,2.889345081725665,100,32,2.8982807017159837,0.8362670390939669,0.18,0.8200000000000001
2298,1.8354716124016093,100,7,1.8298176477733115,0.9403402560296211,0.23,0.77
2299,1.4701174730719957,100,5,1.4688725569316414,0.9126618340375312,0.38,0.62
2300,0.6912432898153517,100,2,0.6899437584563995,0.9953784388173404,0.54,0.45999999999999996
2301,0.0,100,1,-1.000088900581841e-12,0.0,1.0,0.0
2302,0.0,100,1,-1.000088900581841e-12,0.0,1.0,0.0
2303,1.3217514539733777,100,5,1.3622468963769707,0.8464115862144195,0.48,0.52
2304,0.6775258224693813,100,2,0.6730116670072565,0.9709505944517833,0.6,0.4
2305,1.3391051911385592,100,4,1.341521923497556,0.9677035131368736,0.35,0.65
2306,0.409771828338864,100,2,0.42270908780399086,0.609840304713515,0.85,0.15000000000000002
2307,2.09960359215574,100,13,2.146060532779225,0.836687292299262,0.24,0.76
2308,0.6360375056219911,100,2,0.6410354778791556,0.9248187049701446,0.66,0.33999999999999997
2309,0.4777937836942228,100,2,0.48622296465979226,0.701471459881012,0.81,0.18999999999999995
2310,0.1573391999698351,100,2,0.167944147732173,0.24229218907952946,0.96,0.040000000000000036
2311,1.5930621027243668,100,6,1.6083253317340866,0.8976234585923537,0.25,0.75
2312,0.0,100,1,-1.000088900581841e-12,0.0,1.0,0.0
2313,0.5550527905977347,100,2,0.5730569171294204,0.8267463724897325,0.74,0.26
2314,1.8595627238432704,100,7,1.845409343043016,0.9483528023834567,0.25,0.75
2315,2.0964265087992824,100,13,2.13495707560982,0.8323583736260318,0.25,0.75
2316,2.063400654872491,100,9,2.0611368382811643,0.9380638008245659,0.24,0.76
2317,2.1142092093080183,100,10,2.139504121606784,0.92917483402309,0.21,0.79
2318,1.882158922657483,100,12,1.9235754704977488,0.7741037155910298,0.38,0.62
2319,0.52522359861058,100,2,0.5392763414950504,0.7780113035436524,0.77,0.22999999999999998
2320,0.1988570995532861,100,2,0.1985152433438726,0.28639695711307084,0.95,0.050000000000000044
2321,0.5901662336594831,100,2,0.60215168259068,0.8687212463365191,0.71,0.29000000000000004
2322,1.138489310630996,100,4,1.1660615571350994,0.8411356129250354,0.46,0.54
2323,0.0,100,1,-1.000088900581841e-12,0.0,1.0,0.0
2324,0.9614169306647592,100,5,0.9861721915759607,0.6127432341173585,0.68,0.31999999999999995
2325,1.2292666800600924,100,4,1.2300922111830346,0.8873239664549518,0.37,0.63
2326,1.2483984117195088,100,4,1.246126887526936,0.8988905404767549,0.38,0.62
2327,1.6126534633493257,100,6,1.6250691856733432,0.9069683814052748,0.3,0.7
2328,2.433870339836402,100,14,2.4358886273226306,0.923014668907459,0.15,0.85
2329,1.3226090703675366,100,5,1.3371496038361093,0.8308177615959198,0.4,0.6
2330,1.0573306938027205,100,3,1.0652527887230476,0.9696348745693486,0.42,0.5800000000000001
2331,1.743563820841944,100,6,1.7490046711287568,0.9761380928447286,0.23,0.77
2332,0.901901499212804,100,3,0.9120314008781418,0.8301667569947109,0.63,0.37
2333,1.926544230212795,100,8,1.931158145967701,0.9286907601199758,0.19,0.81
2334,2.1038289104837764,100,12,2.1162900862269076,0.8516577821575143,0.24,0.76
2335,0.0,100,1,-1.000088900581841e-12,0.0,1.0,0.0
2336,0.0,100,1,-1.000088900581841e-12,0.0,1.0,0.0
2337,1.939663766891398,100,10,1.9734593849652986,0.8570625211506143,0.34,0.6599999999999999
2338,1.9150958389702275,100,9,1.9293756723576085,0.8780967099397119,0.27,0.73
2339,1.2989500210901257,100,7,1.3372658157066373,0.6872186859993734,0.49,0.51
2340,0.0,100,1,-1.000088900581841e-12,0.0,1.0,0.0
2341,1.0653510550139471,100,3,1.0652527887230476,0.9696348745693486,0.42,0.5800000000000001
2342,2.2906213370804416,100,13,2.31084421617226,0.9009317121407973,0.17,0.83
2343,1.5520433378365226,100,8,1.5922018223047885,0.7656872243778297,0.35,0.65
2344,1.3640132751725051,100,5,1.3655835624174197,0.8484847733903091,0.42,0.5800000000000001
2345,0.0506805680277076,100,2,0.05600153435284737,0.08079313589302582,0.99,0.010000000000000009
2346,0.3097522899206966,100,2,0.32508297338944825,0.46899559358639586,0.9,0.09999999999999998
2347,1.1388070506338837,100,4,1.1578294800587223,0.8351974245378828,0.55,0.44999999999999996
2348,1.2909265042924587,100,5,1.2958175901619646,0.8051367375844782,0.5,0.5
2349,1.8121193590488491,100,7,1.818607509702796,0.9345793846574473,0.29,0.71
2350,1.1612158022559038,100,7,1.2308907256357764,0.6325527035425251,0.59,0.41000000000000003
2351,1.459097267925643,100,5,1.4672532575673976,0.9116557067730162,0.41,0.5900000000000001
2352,0.220620655390494,100,3,0.2685563533312012,0.24445052736191625,0.94,0.06000000000000005
2353,1.1054984759501116,100,5,1.1002966181162424,0.6836527272134176,0.61,0.39
2354,0.8587284473839912,100,4,0.8980965649900641,0.6478397302752891,0.72,0.28
2355,0.871219193681228,100,3,0.8748608452378523,0.796332659175404,0.63,0.37
2356,2.117972889116891,100,16,2.1796271319027833,0.786134313545795,0.33,0.6699999999999999
2357,0.9855750794211726,100,4,0.985233565313107,0.7106957893972861,0.64,0.36
2358,0.0,100,1,-1.000088900581841e-12,0.0,1.0,0.0
2359,1.9378084056888063,100,8,1.956036304430005,0.9406546253999811,0.26,0.74
2360,1.4379561670655965,100,7,1.4595767967091913,0.7500740963902041,0.51,0.49
2361,1.7348004247992783,100,7,1.7619952747380756,0.9054864509512306,0.3,0.7
2362,2.114400113266014,100,10,2.124727651785401,0.9227574947176534,0.23,0.77
2363,0.0,100,1,-1.000088900581841e-12,0.0,1.0,0.0
2364,0.0,100,1,-1.000088900581841e-12,0.0,1.0,0.0
2365,1.7958579634065173,100,9,1.7697811724243924,0.8054621228431582,0.38,0.62
2366,2.3877005783185075,100,17,2.3907714158617437,0.843837411989228,0.18,0.8200000000000001
2367,1.6829649052035716,100,7,1.6874669234278057,0.8671864547533324,0.41,0.5900000000000001
2368,0.7690882789673467,100,3,0.7919325144428442,0.7208480394871012,0.62,0.38
2369,0.7196844859064768,100,3,0.7275486925194019,0.6622433592122271,0.58,0.42000000000000004
2370,0.7562423058474207,100,3,0.742503654197212,0.6758559519640709,0.66,0.33999999999999997
2371,0.0,100,1,-1.000088900581841e-12,0.0,1.0,0.0
2372,0.9663562144419174,100,4,0.9928908505343526,0.7162193531049678,0.65,0.35
2373,1.6405687680428107,100,7,1.666159946460518,0.8562368346089327,0.32,0.6799999999999999
2374,0.055070058537073,100,2,0.05600153435284737,0.08079313589302582,0.99,0.010000000000000009
2375,1.019382305582115,100,4,1.0637270435552209,0.7673168652982978,0.56,0.43999999999999995
2376,1.542233238000999,100,7,1.5863146652389823,0.815204476943139,0.34,0.6599999999999999
2377,0.0,100,1,-1.000088900581841e-12,0.0,1.0,0.0
2378,2.9298986797225175,100,26,2.952116108032946,0.906086137590525,0.11,0.89
2379,0.1068945577648337,100,2,0.1347421681777668,0.19439185782869087,0.97,0.030000000000000027
2380,0.6907850467415854,100,2,0.6923469670879616,0.9988455359923166,0.52,0.48
2381,0.6909287800283203,100,2,0.6929471672224783,0.9997114417499247,0.51,0.49
2382,1.3036282629989246,100,5,1.3341144163255556,0.8289318935626738,0.41,0.5900000000000001
2383,1.0464621357298094,100,4,1.0467196706764517,0.7550486390429229,0.63,0.37
2384,1.855006247309565,100,10,1.8556770848454405,0.8059103181426872,0.37,0.63
2385,1.1989983630008816,100,4,1.2131720408429838,0.8751186435346578,0.43,0.5700000000000001
2386,0.2163661174080271,100,2,0.22696752249860447,0.3274449191515909,0.94,0.06000000000000005
2387,1.5218463679802958,100,6,1.568112559405535,0.875180283032703,0.34,0.6599999999999999
2388,0.6759546110886069,100,2,0.6768585467329506,0.9765004687549386,0.59,0.41000000000000003
2389,0.5632354127690926,100,3,0.5840070660902887,0.5315861401826327,0.81,0.18999999999999995
2390,2.274620565197867,100,12,2.291424837064831,0.9221371906507327,0.21,0.79
2391,0.4652697734303961,100,4,0.4916914837694998,0.3546804326407968,0.88,0.12
2392,0.9487627716830301,100,3,0.9718795949442558,0.8846429308764633,0.57,0.43000000000000005
2393,0.758252370926606,100,3,0.7560597023056921,0.68819519871045,0.69,0.31000000000000005
2394,0.0,100,1,-1.000088900581841e-12,0.0,1.0,0.0
2395,0.990169223090072,100,4,1.005079324397341,0.7250114785040368,0.65,0.35
2396,1.1957574538171964,100,5,1.2015872980820517,0.7465881652214724,0.52,0.48
2397,0.0,100,1,-1.000088900581841e-12,0.0,1.0,0.0
2398,1.2807455834533303,100,7,1.3544053354181909,0.6960266567681545,0.53,0.47
2399,0.1642887426490268,100,2,0.1985152433438726,0.28639695711307084,0.95,0.050000000000000044
2400,1.82272692428589,100,7,1.8375775639225735,0.9443280640756552,0.28,0.72
2401,1.2889312550587466,100,4,1.2959446307706979,0.9348264460397823,0.4,0.6
2402,0.2058507607275133,100,2,0.22696752249860447,0.3274449191515909,0.94,0.06000000000000005
2403,0.731594974751241,100,3,0.7409540795190217,0.6744454683073944,0.52,0.48
2404,0.8707202342131594,100,3,0.9010529693969893,0.8201737580137308,0.62,0.38
2405,0.0,100,1,-1.000088900581841e-12,0.0,1.0,0.0
2406,1.7566214806357985,100,12,1.7614307883283489,0.7088518952929782,0.42,0.5800000000000001
2407,0.1271018768831022,100,3,0.15383759322561116,0.14002901188381428,0.97,0.030000000000000027
2408,1.7626935116837688,100,8,1.784166619197783,0.8580027778787565,0.27,0.73
2409,1.0243606039390931,100,7,1.0939250539178342,0.5621662718851151,0.69,0.31000000000000005
2410,0.7780004516490125,100,3,0.79212081301378,0.7210194362326847,0.57,0.43000000000000005
2411,1.6130418640929909,100,6,1.6205748209923811,0.9044600287172332,0.33,0.6699999999999999
2412,1.84396635821334,100,7,1.8586065260864344,0.9551348128734195,0.26,0.74
2413,0.5403041285131283,100,2,0.5392763414950504,0.7780113035436524,0.77,0.22999999999999998
2414,1.2993741332003816,100,6,1.3473623189074053,0.7519772279969534,0.54,0.45999999999999996
2415,0.0323803925451563,100,2,0.05600153435284737,0.08079313589302582,0.99,0.010000000000000009
2416,0.0,100,1,-1.000088900581841e-12,0.0,1.0,0.0
2417,1.3153687304482555,100,4,1.3111276750413836,0.9457786973772403,0.42,0.5800000000000001
2418,0.7792849219611339,100,3,0.7883658292175628,0.7176015026860197,0.58,0.42000000000000004
2419,0.7935378403544467,100,3,0.8384223834259072,0.7631649418762275,0.63,0.37
2420,2.882330172254111,100,21,2.8867034743800577,0.9481629823489243,0.12,0.88
2421,1.2960488833699813,100,4,1.297349164843973,0.9358396032109191,0.37,0.63
2422,0.0,100,1,-1.000088900581841e-12,0.0,1.0,0.0
2423,1.416634696991735,100,5,1.4268104446531513,0.8865271742575365,0.36,0.64
2424,0.0,100,1,-1.000088900581841e-12,0.0,1.0,0.0
2425,0.0,100,1,-1.000088900581841e-12,0.0,1.0,0.0
2426,0.9291263267859486,100,3,0.9247185054100793,0.8417150572119955,0.59,0.41000000000000003
2427,1.5348556672724663,100,6,1.523264444348047,0.850150073438326,0.4,0.6
2428,1.4969314799265323,100,6,1.5486588647443398,0.8643229693166068,0.3,0.7
2429,1.7624207832254193,100,7,1.746002902609263,0.8972679974236735,0.37,0.63
2430,0.6930979520651905,100,2,0.6923469670879616,0.9988455359923166,0.52,0.48
2431,0.6221486790798485,100,2,0.6268694575704263,0.9043814577216086,0.68,0.31999999999999995
2432,0.3964053889412775,100,2,0.4049634850619386,0.5842388116399706,0.86,0.14
2433,3.0348637867773114,100,26,3.031498605742996,0.9304508231618911,0.09,0.91
2434,0.9693391821175488,100,4,0.977985616436768,0.7054674994470306,0.66,0.33999999999999997
2435,0.9320659556989734,100,3,0.930793473696779,0.8472447316470636,0.54,0.45999999999999996
2436,1.5924511062040014,100,9,1.7071414668012588,0.7769535642418912,0.38,0.62
2437,1.4405402337991131,100,7,1.4388227737018116,0.7394086383692079,0.46,0.54
2438,2.208349742459486,100,11,2.2351576800654662,0.9321331525279718,0.22,0.78
2439,2.2460236576260404,100,13,2.249256299742443,0.8769203544698726,0.24,0.76
2440,1.5313588928892476,100,8,1.5953859881731511,0.7672184844803812,0.39,0.61
2441,1.5081217789858148,100,5,1.507237614888709,0.9364993848126615,0.33,0.6699999999999999
2442,0.17096166809569543,100,2,0.1985152433438726,0.28639695711307084,0.95,0.050000000000000044
2443,1.5019416070178828,100,6,1.4973079847583908,0.8356634975136908,0.43,0.5700000000000001
2444,1.38151777456242,100,6,1.4033486681949068,0.7832238044761178,0.44,0.56
2445,1.4893645489200396,100,7,1.497871474890093,0.7697536680289525,0.45,0.55
2446,1.4500141669012059,100,5,1.458366947990819,0.9061343321937764,0.35,0.65
2447,0.6854155050352485,100,2,0.6859298002503729,0.9895875212191703,0.56,0.43999999999999995
2448,0.3226942929799415,100,3,0.35021138100968696,0.3187761366061741,0.91,0.08999999999999997
2449,0.6898059449806343,100,2,0.6859298002503729,0.9895875212191703,0.56,0.43999999999999995
2450,1.2136074425546712,100,4,1.228661104553397,0.8862916412361711,0.38,0.62
2451,1.1116452539301616,100,5,1.1419043498187664,0.7095050644679793,0.49,0.51
2452,2.308846878056143,100,14,2.308706286020048,0.8748223314863071,0.19,0.81
2453,1.919267860639429,100,10,1.9503783610820125,0.847038559841426,0.27,0.73
2454,1.328237685636402,100,4,1.32351087975916,0.9547112913955647,0.37,0.63
2455,2.3116133358005517,100,13,2.2928073041828956,0.8938996388030159,0.26,0.74
2456,2.131038225163028,100,12,2.143394805551336,0.862565523632125,0.27,0.73
2457,1.271786960208225,100,6,1.3006695831743558,0.7259175160015893,0.44,0.56
2458,0.6775264860199398,100,2,0.6768585467329506,0.9765004687549386,0.59,0.41000000000000003
2459,1.6733681944413863,100,6,1.6743036807404446,0.934446676295109,0.29,0.71
2460,1.63629906915947,100,9,1.6956254666045378,0.7717124066854424,0.47,0.53
2461,0.6061184388352168,100,3,0.6312186103011046,0.5745599396729445,0.78,0.21999999999999997
2462,1.1566113949029764,100,4,1.1674937782457795,0.8421687420719527,0.5,0.5
2463,0.4893699302160686,100,2,0.5004024235361879,0.7219280948844771,0.8,0.19999999999999996
2464,1.6540814204345935,100,8,1.6959494310712686,0.8155792779349927,0.41,0.5900000000000001
2465,0.7218853822795857,100,3,0.7424171058017361,0.6757771722195072,0.62,0.38
2466,0.9043461745716684,100,4,0.9399462102679197,0.6780278681279513,0.65,0.35
2467,0.16807833129362706,100,3,0.1956700349535708,0.17810654129018452,0.96,0.040000000000000036
2468,0.0802774570279963,100,2,0.09803911327773202,0.14144054253893532,0.98,0.020000000000000018
2469,0.0,100,1,-1.000088900581841e-12,0.0,1.0,0.0
2470,1.3760498846529263,100,5,1.3978863948502374,0.868555651666044,0.37,0.63
2471,0.669404092431837,100,2,0.6730116670072565,0.9709505944517833,0.6,0.4
2472,0.5827314531399833,100,2,0.5929533174454745,0.8554508105572454,0.72,0.28
2473,0.9131518013336107,100,3,0.9120314008781419,0.830166756994711,0.63,0.37
2474,1.786546773979751,100,7,1.7945148061167946,0.9221981842213953,0.26,0.74
2475,0.3129513634506102,100,3,0.37512321574226704,0.3414518657870134,0.9,0.09999999999999998
2476,1.0722837853996725,100,4,1.0826460552045418,0.7809640474407957,0.5,0.5
2477,0.6702650910831247,100,2,0.6730116670072565,0.9709505944517833,0.6,0.4
2478,1.092893552114412,100,6,1.10051066328345,0.614206695811455,0.64,0.36
2479,2.385273881822016,100,14,2.3867926006269946,0.9044110462636138,0.2,0.8
2480,0.0,100,1,-1.000088900581841e-12,0.0,1.0,0.0
2481,1.650578872828523,100,7,1.6402162758318521,0.8429044252778746,0.37,0.63
2482,0.3595931909428824,100,2,0.36692499127070966,0.529360865284479,0.88,0.12
2483,1.4120224894568214,100,6,1.4463215159380336,0.8072074074547257,0.46,0.54
2484,1.6194786894773479,100,6,1.5999234772056141,0.8929342942972754,0.3,0.7
2485,0.9025413621608468,100,4,0.9460156276905413,0.682406027336302,0.47,0.53
2486,1.0115988640471298,100,3,1.0159469899446358,0.9247548024210686,0.47,0.53
2487,0.5608283119436117,100,2,0.5623351446168083,0.8112781244562475,0.75,0.25
2488,1.647183705022602,100,8,1.6571290478607086,0.7969106198205648,0.34,0.6599999999999999
2489,0.6446892308412306,100,2,0.6474466390326326,0.9340680553726057,0.65,0.35
2490,0.3001128553309988,100,3,0.32375618333509204,0.2946955779345907,0.92,0.07999999999999996
2491,1.716606144725839,100,7,1.720051987212485,0.8839318650182917,0.31,0.69
2492,1.36671046882105,100,6,1.3653270109879836,0.7620035135498452,0.44,0.56
2493,0.0,100,1,-1.000088900581841e-12,0.0,1.0,0.0
2494,1.7564052715385354,100,8,1.7712479337307858,0.8517902033927427,0.29,0.71
2495,1.7599812112467397,100,7,1.7693594006887476,0.9092708630702829,0.29,0.71
2496,0.9985636757543407,100,4,1.0144527926713205,0.731773006601437,0.62,0.38
2497,1.097892651449812,100,6,1.2074150647942332,0.6738711783197243,0.59,0.41000000000000003
2498,0.0,100,1,-1.000088900581841e-12,0.0,1.0,0.0
2499,2.612133746490493,100,17,2.5988865250289157,0.9172929142385646,0.2,0.8
2500,1.3289282236163786,100,4,1.325114821234985,0.9558682906020891,0.36,0.64
2501,0.6523963971216109,100,2,0.6474466390326326,0.9340680553726057,0.65,0.35
2502,0.0,100,1,-1.000088900581841e-12,0.0,1.0,0.0
2503,0.0,100,1,-1.000088900581841e-12,0.0,1.0,0.0
2504,0.7606988480128702,100,3,0.7738461364529639,0.7043851087731119,0.7,0.30000000000000004
2505,0.3232177157677729,100,2,0.34651533691666614,0.4999159581616426,0.89,0.10999999999999999
2506,1.4612723150842097,100,5,1.4679838510360572,0.9121096500180556,0.29,0.71
2507,0.0,100,1,-1.000088900581841e-12,0.0,1.0,0.0
2508,2.780849546434977,100,19,2.7801801612861654,0.9442138828338783,0.16,0.84
2509,1.0168925087591376,100,5,1.0578063130958442,0.6572520163241506,0.65,0.35
2510,1.9163777428647026,100,10,1.9404270442464588,0.8427167578520741,0.29,0.71
2511,0.8861995398618886,100,4,0.9110866240588906,0.6572100771750145,0.66,0.33999999999999997
2512,0.663432654605262,100,2,0.6589556806810628,0.9506720926841806,0.63,0.37
2513,1.1733595980127005,100,4,1.1740965264835836,0.8469316181414118,0.45,0.55
2514,0.0,100,1,-1.000088900581841e-12,0.0,1.0,0.0
2515,1.6112578683570475,100,7,1.5957681055686173,0.8200625842582298,0.47,0.53
2516,1.9863797057011452,100,11,2.012432176847452,0.8392494032897946,0.26,0.74
2517,0.9852136093194735,100,4,0.999770028054494,0.7211816307518192,0.66,0.33999999999999997
2518,2.04251333230215,100,9,2.0633142163984894,0.9390547683113599,0.23,0.77
2519,0.6813624141870503,100,2,0.6768585467329506,0.9765004687549386,0.59,0.41000000000000003
2520,0.3924629209710229,100,3,0.4216413247810435,0.3837944733826122,0.87,0.13
2521,0.9865293195841832,100,3,1.0008374812359055,0.9110015348993225,0.44,0.56
2522,1.8767971881286627,100,8,1.8957924043174765,0.9116834334212628,0.25,0.75
2523,1.916749572800468,100,8,1.9368440831910794,0.9314251179316337,0.21,0.79
2524,1.6910049175123236,100,7,1.6841729168730752,0.8654936702451014,0.32,0.6799999999999999
2525,0.0,100,1,-1.000088900581841e-12,0.0,1.0,0.0
2526,2.3261790930804764,100,16,2.3535911363700066,0.8488785651803071,0.31,0.69
2527,2.1157902702592035,100,10,2.1289282328011185,0.9245817838735672,0.24,0.76
2528,1.2678008138822063,100,5,1.2983244390011655,0.8066943303439339,0.53,0.47
2529,0.0,100,1,-1.000088900581841e-12,0.0,1.0,0.0
2530,0.0,100,1,-1.000088900581841e-12,0.0,1.0,0.0
2531,0.4934662794979769,100,2,0.5139566706152255,0.7414827399283883,0.79,0.20999999999999996
2532,2.7775808021098958,100,19,2.787828368401928,0.9468113919586649,0.12,0.88
2533,0.0,100,1,-1.000088900581841e-12,0.0,1.0,0.0
2534,1.7931193479164895,100,7,1.8009301530412898,0.9254950203716202,0.28,0.72
2535,0.47415843231962435,100,2,0.5139566706152255,0.7414827399283883,0.79,0.20999999999999996
2536,0.567802235638351,100,2,0.5929533174454745,0.8554508105572454,0.72,0.28
2537,1.911699332263943,100,9,1.9294645388361553,0.8781371548170647,0.21,0.79
2538,0.6897002244884035,100,2,0.6899437584563995,0.9953784388173404,0.54,0.45999999999999996
2539,0.6818659576799471,100,3,0.6967380853883505,0.6341983360053555,0.77,0.22999999999999998
2540,0.7248550863123974,100,3,0.7609850291133499,0.6926784243747368,0.7,0.30000000000000004
2541,0.4170838248581741,100,2,0.42270908780399086,0.609840304713515,0.85,0.15000000000000002
2542,2.4466960093733747,100,16,2.459524319116701,0.8870858845338673,0.2,0.8
2543,1.0118205756949787,100,4,1.0274362357359126,0.7411385810629125,0.64,0.36
2544,1.0534030209722876,100,4,1.0688458689355635,0.7710093172939962,0.53,0.47
2545,1.242709528066723,100,5,1.2437068970323386,0.772758543478926,0.45,0.55
2546,1.4826502948830864,100,5,1.4865028513051024,0.9236161518383322,0.31,0.69
2547,0.8189592647752636,100,3,0.8265376330276784,0.7523469758650906,0.66,0.33999999999999997
2548,1.075581284613985,100,3,1.0755008978315235,0.9789631054786351,0.41,0.5900000000000001
2549,0.0,100,1,-1.000088900581841e-12,0.0,1.0,0.0
2550,0.6662518596718064,100,2,0.6730116670072565,0.9709505944517833,0.6,0.4
2551,0.6305088692600653,100,3,0.6547077258544627,0.5959406540483816,0.7,0.30000000000000004
2552,1.2552088777613823,100,5,1.2596378229515832,0.7826569842924339,0.45,0.55
2553,0.6904330541970035,100,2,0.6881388137115885,0.9927744539849229,0.55,0.44999999999999996
2554,0.7865478238426195,100,3,0.8070433860150534,0.7346025475406464,0.49,0.51
2555,2.9772400683450786,100,28,2.999668073003892,0.900205273669164,0.15,0.85
2556,0.0487550600314654,100,2,0.05600153435284737,0.08079313589302582,0.99,0.010000000000000009
2557,0.0495160743046797,100,2,0.05600153435284737,0.08079313589302582,0.99,0.010000000000000009
2558,1.668993936101633,100,8,1.6793517791767183,0.8075974945754364,0.35,0.65
2559,0.7718325181460872,100,4,0.8565461721677522,0.6178674574394202,0.72,0.28
2560,0.3373724332590189,100,4,0.39801494833772,0.2871070960832528,0.91,0.08999999999999997
2561,1.9252571783549481,100,8,1.9309343723987085,0.9285831477805533,0.31,0.69
2562,0.0,100,1,-1.000088900581841e-12,0.0,1.0,0.0
2563,2.011262106192354,100,11,2.0564203438294517,0.8575938937606671,0.27,0.73
2564,0.0,100,1,-1.000088900581841e-12,0.0,1.0,0.0
2565,0.5450260316563004,100,4,0.5925223712671129,0.42741454332141654,0.83,0.17000000000000004
2566,1.4493236770409006,100,5,1.4563781826014686,0.90489864278073,0.34,0.6599999999999999
2567,0.950290452374586,100,3,0.9539674244963283,0.8683385707007337,0.54,0.45999999999999996
2568,0.9966273956152564,100,3,0.997271523179384,0.9077556599957705,0.55,0.44999999999999996
2569,1.4529713705473035,100,5,1.457914750087284,0.9058533658389755,0.33,0.6699999999999999
2570,0.0,100,1,-1.000088900581841e-12,0.0,1.0,0.0
2571,0.8447146156275048,100,4,0.9027500291038915,0.6511964950752758,0.7,0.30000000000000004
2572,0.23782088170997687,100,2,0.2787693717665874,0.40217919019938747,0.92,0.07999999999999996
2573,2.323040285680662,100,12,2.328432963722926,0.9370303564206632,0.17,0.83
2574,1.3078800291232495,100,4,1.3168894345578313,0.9499349283178271,0.39,0.61
2575,1.921378861008128,100,9,1.9277938648966741,0.8773767983397552,0.23,0.77
2576,0.8673870672206747,100,3,0.8761169442679759,0.7974760097851503,0.66,0.33999999999999997
2577,2.5671761978795167,100,16,2.5920232482487693,0.9348747715293505,0.12,0.88
2578,2.409873033515937,100,13,2.4143592025268257,0.941289228773021,0.18,0.8200000000000001
2579,2.181401013558949,100,17,2.1869071719762467,0.7718822786727827,0.39,0.61
2580,1.3561734330041826,100,5,1.3766532966064289,0.8553627859582295,0.47,0.53
2581,0.09081376947076152,100,2,0.09803911327773202,0.14144054253893532,0.98,0.020000000000000018
2582,0.0,100,1,-1.000088900581841e-12,0.0,1.0,0.0
2583,1.3602236667310477,100,5,1.3769042405821597,0.8555187062169682,0.39,0.61
2584,1.9997154536221389,100,9,2.0111502835558355,0.9153139393671041,0.28,0.72
2585,2.82413732742217,100,21,2.8516680630370796,0.9366552953275153,0.11,0.89
2586,0.36572227426981635,100,3,0.3986706613520282,0.36288567446787995,0.89,0.10999999999999999
2587,0.3348329067460191,100,3,0.4013453092364489,0.36532024388969414,0.88,0.12
2588,1.2734922999382068,100,9,1.3169533452891586,0.599371297259815,0.54,0.45999999999999996
2589,1.0220846539977853,100,4,1.03017190824574,0.7431119516446246,0.53,0.47
2590,0.7688673853390621,100,3,0.7812942784260701,0.711164699762519,0.68,0.31999999999999995
2591,1.7281666542596676,100,7,1.7291167724967715,0.8885902431498243,0.29,0.71
2592,0.0,100,1,-1.000088900581841e-12,0.0,1.0,0.0
2593,0.4015391775491333,100,3,0.4223063531480986,0.38439980828912534,0.89,0.10999999999999999
2594,2.4646748543423684,100,17,2.504068788590218,0.8838264135115315,0.22,0.78
2595,0.5132975010947308,100,6,0.5827660263254071,0.3252479120852536,0.86,0.14
2596,0.0,100,1,-1.000088900581841e-12,0.0,1.0,0.0
2597,1.1893792926784974,100,4,1.1900800625770418,0.8584613022703628,0.44,0.56
2598,2.8467298364957165,100,22,2.8542141967397177,0.923382399241624,0.1,0.9
2599,2.0140825842065384,100,9,2.0147905172066576,0.9169706810986368,0.21,0.79
2600,0.2702194802288844,100,3,0.32375618333509204,0.2946955779345907,0.92,0.07999999999999996
2601,1.081126068406878,100,4,1.090850068564207,0.7868819921354837,0.48,0.52
2602,0.9693351577131247,100,4,0.9909318043585374,0.7148062000036073,0.51,0.49
2603,1.164924813587202,100,5,1.1705952101196426,0.7273316982754833,0.58,0.42000000000000004
2604,0.7613712470058148,100,4,0.7710527858876943,0.5561970152318981,0.7,0.30000000000000004
2605,1.592685381171196,100,6,1.5783696823655844,0.8809048923545494,0.31,0.69
2606,0.9585533942070953,100,4,0.9892137141863454,0.7135668599179965,0.48,0.52
2607,2.848511765772684,100,24,2.854568474062915,0.8982127510881041,0.14,0.86
2608,1.1817484152039728,100,4,1.1941833796090675,0.8614212198370121,0.52,0.48
2609,0.2381727280812509,100,3,0.26515837259529323,0.2413575520047705,0.94,0.06000000000000005
2610,1.878958288039689,100,9,1.9016343428366076,0.8654710867753138,0.29,0.71
2611,2.398868088559466,100,14,2.408235580869272,0.9125362885619324,0.17,0.83
2612,1.550063352483727,100,7,1.5451335855466257,0.7940415883522404,0.33,0.6699999999999999
2613,0.7797861861615623,100,3,0.774054407794624,0.7045746855180731,0.53,0.47
2614,0.1503445193662336,100,2,0.167944147732173,0.24229218907952946,0.96,0.040000000000000036
2615,0.9850600228266364,100,3,0.9803208389448952,0.8923264822873738,0.57,0.43000000000000005
2616,1.8540098208828237,100,9,1.874961522489908,0.8533317630931457,0.29,0.71
2617,0.876275066859562,100,5,0.9078810659539515,0.5640982227024091,0.73,0.27
2618,0.985182294623399,100,4,1.0053918403906628,0.7252369111409187,0.62,0.38
2619,1.8222478355249887,100,7,1.829533137143032,0.9401940464883339,0.25,0.75
2620,0.1337733321578466,100,2,0.1347421681777668,0.19439185782869087,0.97,0.030000000000000027
2621,0.0,100,1,-1.000088900581841e-12,0.0,1.0,0.0
2622,0.8762203241066703,100,4,0.8908824723233111,0.6426358624178701,0.7,0.30000000000000004
2623,0.0,100,1,-1.000088900581841e-12,0.0,1.0,0.0
2624,0.7294937566500298,100,3,0.7609850291133499,0.6926784243747368,0.7,0.30000000000000004
2625,1.7895889428593408,100,8,1.8051858814045476,0.8681109063283712,0.31,0.69
2626,1.518408078247176,100,10,1.6476562683502738,0.7155680254178274,0.5,0.5
2627,0.3272388167289786,100,2,0.34651533691666614,0.4999159581616426,0.89,0.10999999999999999
2628,2.3749932828929,100,17,2.402971559400355,0.84814352736321,0.27,0.73
2629,0.0,100,1,-1.000088900581841e-12,0.0,1.0,0.0
2630,2.038687809706936,100,9,2.0485608781983426,0.932340234734627,0.23,0.77
2631,2.18155634879158,100,12,2.210926392589239,0.8897422334870665,0.23,0.77
2632,0.49542654473505426,100,3,0.5100141347388472,0.46423487157344384,0.82,0.18000000000000005
2633,0.0,100,1,-1.000088900581841e-12,0.0,1.0,0.0
2634,0.811767355593258,100,3,0.8522879295095871,0.775785905820195,0.61,0.39
2635,1.2646284933274403,100,4,1.2685732184044878,0.9150821455983532,0.43,0.5700000000000001
2636,0.0,100,1,-1.000088900581841e-12,0.0,1.0,0.0
2637,1.5515469568503537,100,5,1.5533623541301727,0.9651582966508354,0.27,0.73
2638,1.5044816415903204,100,5,1.5132097161427491,0.9402100599545239,0.3,0.7
2639,0.0,100,1,-1.000088900581841e-12,0.0,1.0,0.0
2640,2.2523628197084298,100,14,2.268291706075646,0.8595083102671114,0.27,0.73
2641,2.404405998105447,100,13,2.409457715179035,0.9393782797971544,0.16,0.84
2642,1.8304000285195883,100,14,1.9193263780404626,0.7272772578685421,0.45,0.55
2643,1.59432463226405,100,7,1.6287683556345283,0.8370213580648886,0.35,0.65
2644,1.112261087892491,100,4,1.119417607492588,0.8074891155066724,0.5,0.5
2645,0.0,100,1,-1.000088900581841e-12,0.0,1.0,0.0
2646,0.6375868688833609,100,3,0.6874357505003553,0.6257309858910829,0.75,0.25
2647,1.872852580726314,100,8,1.8734644690871756,0.9009459662779143,0.26,0.74
2648,0.0,100,1,-1.000088900581841e-12,0.0,1.0,0.0
2649,1.391789022492081,100,5,1.390048493983298,0.8636856900437995,0.45,0.55
2650,1.7723383279998643,100,8,1.7676767529110617,0.8500728284398315,0.35,0.65
2651,0.6840501178572106,100,2,0.6802920001901536,0.9814538950307683,0.58,0.42000000000000004
2652,2.4110570494659784,100,13,2.426268568205243,0.9459323480002185,0.15,0.85
2653,1.045740122243136,100,4,1.0624605199927295,0.7664032616669101,0.58,0.42000000000000004
2654,2.3089506335293204,100,13,2.3303985647222243,0.9085553903600494,0.23,0.77
2655,2.909743435192361,100,20,2.914579534958741,0.9729105503480209,0.09,0.91
2656,1.9294775487557285,100,8,1.9265538950190582,0.9264765834497707,0.24,0.76
2657,1.7356520399833009,100,8,1.756181966934727,0.8445450048651187,0.35,0.65
2658,0.7654709441541719,100,5,0.9536615368004613,0.5925432285599335,0.7,0.30000000000000004
2659,2.1490660687834926,100,11,2.170510325871321,0.9051731118091373,0.23,0.77
2660,0.7623224825109864,100,5,0.8020520291752574,0.49834294506101245,0.71,0.29000000000000004
2661,0.6411427182354896,100,4,0.7050409305155134,0.5085795270392357,0.79,0.20999999999999996
2662,1.851562981987336,100,10,1.8866628295815375,0.8193672560992369,0.36,0.64
2663,2.415626220293527,100,13,2.4211844399083637,0.9439501925700968,0.16,0.84
2664,1.7750256951320778,100,11,1.8303591357132947,0.7633190475317319,0.39,0.61
2665,0.0,100,1,-1.000088900581841e-12,0.0,1.0,0.0
2666,0.5595791935274623,100,2,0.5623351446168083,0.8112781244562475,0.75,0.25
2667,0.0908585087039812,100,2,0.09803911327773202,0.14144054253893532,0.98,0.020000000000000018
2668,0.673026563448047,100,2,0.6768585467329506,0.9765004687549386,0.59,0.41000000000000003
2669,0.6632873728301328,100,2,0.6589556806810628,0.9506720926841806,0.63,0.37
2670,1.5312611473104087,100,6,1.557336945789997,0.869166298566261,0.31,0.69
2671,0.9994427493378945,100,3,0.9999439247046985,0.9101881846934092,0.55,0.44999999999999996
2672,0.2202505018608689,100,2,0.25363894691969135,0.36592365089733775,0.93,0.06999999999999995
2673,1.019045097843747,100,4,1.036731369517446,0.7478436027684214,0.61,0.39
2674,0.2815214864750874,100,2,0.30253782309549804,0.4364698170612175,0.91,0.08999999999999997
2675,1.4344410732682864,100,5,1.4399072691638068,0.8946646888578034,0.34,0.6599999999999999
2676,2.508691489208565,100,17,2.5296611381522838,0.8928593900135502,0.19,0.81
2677,1.615675090891384,100,7,1.6472767449681847,0.8465327886633887,0.36,0.64
2678,2.9855165722289176,100,25,3.0011840546548885,0.9323702491001729,0.1,0.9
2679,1.890425880378568,100,12,1.9362802146408962,0.7792164807503291,0.29,0.71
2680,0.6396809086686628,100,2,0.6410354778791556,0.9248187049701446,0.66,0.33999999999999997
2681,0.7262355049009795,100,3,0.7641870673042084,0.6955930451412136,0.66,0.33999999999999997
2682,0.5442222043561433,100,3,0.6112638622919839,0.5563963452775891,0.81,0.18999999999999995
2683,2.3885032813774933,100,13,2.3958859561768433,0.9340870412147197,0.15,0.85
2684,2.0167522119734027,100,10,2.0108705573493837,0.8733099868785538,0.28,0.72
2685,1.833825979261439,100,8,1.842563056890272,0.8860855282336015,0.28,0.72
2686,0.6834624706008062,100,2,0.683314913572166,0.9858150371760346,0.57,0.43000000000000005
2687,0.6738094473184142,100,2,0.6730116670072565,0.9709505944517833,0.6,0.4
2688,1.9537949811058304,100,9,1.9445849525931176,0.8850187516792722,0.28,0.72
2689,2.015657334755706,100,9,2.0122649460561375,0.9158212441332165,0.28,0.72
2690,0.8229549342600654,100,3,0.8181026548481716,0.7446691278503621,0.61,0.39
2691,0.5342862192155091,100,2,0.5392763414950504,0.7780113035436524,0.77,0.22999999999999998
2692,0.4498651740092035,100,2,0.4558862130253584,0.6577047787413342,0.83,0.17000000000000004
2693,0.5737050134157129,100,4,0.6387017453855444,0.4607259203374251,0.79,0.20999999999999996
2694,1.7502653004519655,100,8,1.7788647854274997,0.8554531347827546,0.41,0.5900000000000001
2695,0.6262628108152625,100,3,0.6312186103011046,0.5745599396729445,0.78,0.21999999999999997
2696,1.5986176279185484,100,6,1.607382987177546,0.8970975260814756,0.31,0.69
2697,1.6844613306286755,100,7,1.713593283019949,0.8806127476398908,0.34,0.6599999999999999
2698,2.1447731957340084,100,12,2.163336442463026,0.8705906286852227,0.31,0.69
2699,0.5648623260902339,100,3,0.6145355264655429,0.5593743423447121,0.78,0.21999999999999997
2700,2.8215667288395747,100,21,2.8023991619365156,0.9204724942122753,0.19,0.81
2701,0.0,100,1,-1.000088900581841e-12,0.0,1.0,0.0
2702,2.572604765213881,100,15,2.5658787861767887,0.9475004507421776,0.13,0.87
2703,0.0,100,1,-1.000088900581841e-12,0.0,1.0,0.0
2704,1.2105403537110475,100,4,1.219538931046512,0.8797113839959151,0.5,0.5
2705,0.4736215141990103,100,2,0.48622296465979226,0.701471459881012,0.81,0.18999999999999995
2706,1.018171843180157,100,5,1.0526950871061327,0.6540762330583139,0.66,0.33999999999999997
2707,0.9860528055566932,100,3,0.9890938651791026,0.9003120349019756,0.56,0.43999999999999995
2708,1.620393832935526,100,6,1.6193809190617365,0.9037936993626804,0.32,0.6799999999999999
2709,2.297810526911248,100,14,2.3522222934209407,0.8913115554650968,0.23,0.77
2710,2.6039198996653434,100,17,2.625723271449396,0.926765108232279,0.16,0.84
2711,0.45716961204153,100,2,0.4558862130253584,0.6577047787413342,0.83,0.17000000000000004
2712,0.6927876671436457,100,2,0.6913460989997393,0.9974015885648543,0.53,0.47
2713,2.4815940649434176,100,16,2.495162092235385,0.8999394941705302,0.16,0.84
2714,1.9137112274326145,100,8,1.9355141427152183,0.930785551755233,0.24,0.76
2715,0.6919389290572638,100,2,0.6913460989997393,0.9974015885648543,0.53,0.47
2716,0.4964107125721671,100,5,0.5303100582944713,0.3295001653666993,0.86,0.14
2717,0.9268598998490316,100,3,0.933246811243204,0.849477855717976,0.46,0.54
2718,0.3058998695361631,100,2,0.30253782309549804,0.4364698170612175,0.91,0.08999999999999997
2719,0.6751777727442246,100,2,0.6802920001901536,0.9814538950307683,0.58,0.42000000000000004
2720,0.0,100,1,-1.000088900581841e-12,0.0,1.0,0.0
2721,0.046898952573348605,100,2,0.05600153435284737,0.08079313589302582,0.99,0.010000000000000009
2722,2.3710717580634184,100,12,2.3802694800392645,0.9578909051743804,0.18,0.8200000000000001
2723,2.344385536952753,100,17,2.3671778547976094,0.8355099201278646,0.25,0.75
2724,0.9975437963346833,100,3,0.9952429339071409,0.9059091584654605,0.48,0.52
2725,0.3162278911695422,100,2,0.32508297338944825,0.46899559358639586,0.9,0.09999999999999998
2726,1.4822890597936844,100,6,1.4940680380272866,0.8338552488136016,0.44,0.56
2727,2.094015531853094,100,10,2.1107066890521873,0.9166682679716477,0.25,0.75
2728,0.1253248467591229,100,2,0.1347421681777668,0.19439185782869087,0.97,0.030000000000000027
2729,0.10428152835353081,100,2,0.1347421681777668,0.19439185782869087,0.97,0.030000000000000027
2730,1.42488237864404,100,5,1.4270042786418071,0.8866476100861933,0.3,0.7
2731,1.093246152363303,100,4,1.1229629605099725,0.8100465471148631,0.48,0.52
2732,0.0,100,1,-1.000088900581841e-12,0.0,1.0,0.0
2733,0.7393426838855307,100,3,0.7409540795190217,0.6744454683073944,0.52,0.48
2734,2.5064615638871444,100,14,2.524912134043054,0.9567477393191586,0.14,0.86
2735,2.5473023864626088,100,16,2.537112542281223,0.9150699207315778,0.18,0.8200000000000001
2736,0.6747152289628437,100,2,0.6730116670072565,0.9709505944517833,0.6,0.4
2737,1.2915692228996742,100,5,1.2957481515299523,0.8050935929366009,0.49,0.51
2738,2.334499179182603,100,13,2.3535309495375034,0.917574042033614,0.19,0.81
2739,0.5886270526396837,100,2,0.6108643020528935,0.8812908992278073,0.7,0.30000000000000004
2740,0.5110723967719156,100,3,0.5253994542791063,0.47823919293317607,0.81,0.18999999999999995
2741,1.1331993563880671,100,4,1.1297436457504326,0.8149377775999835,0.46,0.54
2742,0.5076921206949265,100,2,0.5004024235361879,0.7219280948844771,0.8,0.19999999999999996
2743,0.8994676759011954,100,3,0.9129821202576167,0.8310321390674232,0.5,0.5
2744,1.4874816729458396,100,7,1.4725327402878923,0.7567321343191344,0.49,0.51
2745,2.481904390193774,100,18,2.50492276399382,0.8666438001100232,0.2,0.8
2746,1.2714185729508316,100,4,1.2653497574656205,0.9127569100428516,0.41,0.5900000000000001
2747,2.837265347820923,100,22,2.866997947055788,0.927518140018067,0.12,0.88
2748,1.3060260819586498,100,6,1.3118942090392016,0.7321820989758218,0.39,0.61
2749,0.1931902346832504,100,3,0.1956700349535708,0.17810654129018452,0.96,0.040000000000000036
2750,0.0,100,1,-1.000088900581841e-12,0.0,1.0,0.0
2751,2.990459315318986,100,26,3.0059653205289987,0.922613951259531,0.12,0.88
2752,1.8215667146890702,100,9,1.8577256303703655,0.8454873705365877,0.32,0.6799999999999999
2753,0.3818394782250003,100,6,0.4889153051556047,0.2728688272908888,0.89,0.10999999999999999
2754,0.0,100,1,-1.000088900581841e-12,0.0,1.0,0.0
2755,0.5000095756458022,100,3,0.5100141347388472,0.46423487157344384,0.82,0.18000000000000005
2756,2.362277429090468,100,17,2.3852075851788217,0.841873623877544,0.26,0.74
2757,1.1831665127917916,100,5,1.1863846164869774,0.7371422080474662,0.49,0.51
2758,1.0686024940574528,100,4,1.0808899137207286,0.7796972591358974,0.5,0.5
2759,1.160060005004643,100,5,1.1930591215447843,0.7412893112107766,0.51,0.49
2760,0.6805612867971546,100,2,0.6802920001901536,0.9814538950307683,0.58,0.42000000000000004
2761,1.7373857826615715,100,9,1.797786646415509,0.8182079633366541,0.31,0.69
2762,1.6174963318201658,100,6,1.628246119354149,0.9087414618523811,0.31,0.69
2763,2.067566855845823,100,12,2.1130649570172153,0.8503598946855776,0.25,0.75
2764,0.552763414710579,100,2,0.5510799280849727,0.7950402793816368,0.76,0.24
2765,0.3919302442316918,100,2,0.4049634850619386,0.5842388116399706,0.86,0.14
2766,0.0868788206910917,100,2,0.09803911327773202,0.14144054253893532,0.98,0.020000000000000018
2767,0.8654090085808597,100,3,0.8783457043440981,0.7995047146331765,0.65,0.35
2768,0.6634884908299192,100,3,0.6806121051655178,0.6195198362387246,0.77,0.22999999999999998
2769,1.0486681878739574,100,3,1.0509134745060587,0.9565826682861174,0.44,0.56
2770,0.692980972855669,100,2,0.6929471672224783,0.9997114417499247,0.51,0.49
2771,1.5421829709014745,100,7,1.5661674454600996,0.8048508540954121,0.41,0.5900000000000001
2772,0.9003798415090557,100,5,0.921869186204139,0.5727895304826713,0.56,0.43999999999999995
2773,1.4882449572320395,100,6,1.5307881431449484,0.8543491296878475,0.34,0.6599999999999999
2774,1.321816642653355,100,7,1.3898979618839793,0.7142662586752719,0.4,0.6
2775,3.256659140178884,100,31,3.2633696363110585,0.950315025067291,0.07,0.9299999999999999
2776,2.373762751926163,100,13,2.388085059994598,0.9310456961060718,0.15,0.85
2777,2.6865153941079747,100,21,2.6989681539741905,0.8864996757890131,0.18,0.8200000000000001
2778,0.0,100,1,-1.000088900581841e-12,0.0,1.0,0.0
2779,1.3184589371431057,100,6,1.3506074923027458,0.7537883937538943,0.43,0.5700000000000001
2780,0.546969238046062,100,3,0.6176576494407515,0.5622162211470999,0.81,0.18999999999999995
2781,2.243808152947228,100,12,2.254181627995113,0.9071494207588958,0.15,0.85
2782,0.7783743172124998,100,3,0.7745119423351285,0.7049911514043771,0.61,0.39
2783,1.0716891728616615,100,3,1.0821288613936515,0.9849961379055374,0.38,0.62
2784,1.578140911933666,100,6,1.5888154868817779,0.8867348068579141,0.36,0.64
2785,0.3959474849204962,100,3,0.4421986991365839,0.4025066019174776,0.87,0.13
2786,2.5634534451829016,100,17,2.5911664101136855,0.9145680524022946,0.12,0.88
2787,0.4124146493577194,100,3,0.45661324479615567,0.4156272868108235,0.87,0.13
2788,0.651826576007591,100,4,0.7408953309655477,0.5344430099008914,0.77,0.22999999999999998
2789,0.93654719584327,100,5,0.9405972912444737,0.5844259564023332,0.73,0.27
2790,0.0,100,1,-1.000088900581841e-12,0.0,1.0,0.0
2791,0.7013090503288236,100,3,0.7140863119219389,0.6499893723086362,0.76,0.24
2792,2.7316626822193357,100,19,2.74026580020078,0.9306580369264569,0.16,0.84
2793,0.9601802804064796,100,3,0.9743417807659858,0.8868841089946463,0.56,0.43999999999999995
2794,1.9472767616312805,100,9,1.9536557913916415,0.8891470683256848,0.27,0.73
2795,0.6356098003908774,100,3,0.659279393228919,0.6001019650237018,0.79,0.20999999999999996
2796,0.55639868511184,100,4,0.5550557264792522,0.40038807200431903,0.85,0.15000000000000002
2797,0.6112671451164498,100,2,0.6191006644235872,0.8931734583749716,0.69,0.31000000000000005
2798,0.3595963816765753,100,2,0.38638670628660376,0.5574381850251038,0.87,0.13
2799,2.143666916172048,100,11,2.1724005174265497,0.9059613829136641,0.22,0.78
2800,1.5166060570659792,100,6,1.5773427875512605,0.8803317714463249,0.41,0.5900000000000001
2801,1.4927721034033166,100,7,1.5008378457145561,0.771278081078498,0.5,0.5
2802,1.072625177078329,100,4,1.1065933241586887,0.7982383505222868,0.59,0.41000000000000003
2803,1.283564985215739,100,5,1.2946500192691754,0.8044112850002133,0.47,0.53
2804,0.4956880644995863,100,4,0.5321897692994584,0.38389377049008505,0.85,0.15000000000000002
2805,0.56603734701937,100,4,0.5925223712671129,0.42741454332141654,0.83,0.17000000000000004
2806,0.5454539162966187,100,4,0.6111466944553354,0.4408491526731975,0.84,0.16000000000000003
2807,2.58534413694788,100,19,2.5869032993754777,0.8785725626101514,0.24,0.76
2808,1.29330813470756,100,4,1.300340696603775,0.9379975372281831,0.35,0.65
2809,2.2302559094654217,100,13,2.2372885758852297,0.8722544830668375,0.17,0.83
2810,0.6013040136379793,100,3,0.6435661541192998,0.5857991584087595,0.74,0.26
2811,1.363075448561217,100,6,1.3762521186437888,0.7681009322287665,0.38,0.62
2812,2.8596927859199472,100,22,2.884745907538843,0.9332598794962073,0.13,0.87
2813,0.0,100,1,-1.000088900581841e-12,0.0,1.0,0.0
2814,0.0,100,1,-1.000088900581841e-12,0.0,1.0,0.0
2815,0.2049799863631622,100,2,0.25363894691969135,0.36592365089733775,0.93,0.06999999999999995
2816,1.606089992521628,100,8,1.674541530109181,0.8052842537503775,0.46,0.54
2817,3.655245717123004,100,48,3.637087888820049,0.9395244211219771,0.1,0.9
2818,1.583647468994999,100,7,1.6204135125483479,0.8327278180521412,0.38,0.62
2819,1.5345189940170787,100,6,1.5416255640974748,0.8603976094858616,0.42,0.5800000000000001
2820,0.0,100,1,-1.000088900581841e-12,0.0,1.0,0.0
2821,2.061007393902787,100,11,2.1019640062552756,0.876587076216327,0.3,0.7
2822,0.9624977927275578,100,4,1.018957281133251,0.7350223081843213,0.61,0.39
2823,0.402394315063674,100,2,0.4049634850619386,0.5842388116399706,0.86,0.14
2824,2.984618755915076,100,23,2.9972238686444044,0.9559015779450988,0.1,0.9
2825,0.6759231820504729,100,4,0.7093202474447065,0.5116664016953052,0.77,0.22999999999999998
2826,1.3877188025494351,100,5,1.4014922500304854,0.8707960954584948,0.47,0.53
2827,1.2709054036699143,100,5,1.2719243004455851,0.7902910019821378,0.35,0.65
2828,0.2475340826143926,100,2,0.25363894691969135,0.36592365089733775,0.93,0.06999999999999995
2829,1.7107918416843606,100,6,1.7160099734198129,0.957723401433521,0.23,0.77
2830,1.0867206187810696,100,4,1.127177906078008,0.813086987649174,0.5,0.5
2831,0.0,100,1,-1.000088900581841e-12,0.0,1.0,0.0
2832,1.047481480147764,100,3,1.0507979363942503,0.9564775009645791,0.46,0.54
2833,0.8746402675170099,100,5,0.9154116699107827,0.5687772500191212,0.68,0.31999999999999995
2834,0.5749046469817123,100,3,0.5926491777037752,0.5394525291741155,0.76,0.24
2835,0.6221127660386213,100,2,0.6341786357102057,0.9149263727768423,0.67,0.32999999999999996
2836,0.5459435867831022,100,3,0.5859660371001605,0.5333692724396427,0.82,0.18000000000000005
2837,1.672027199952647,100,7,1.6762886516814708,0.8614419594323323,0.3,0.7
2838,0.6797910160142848,100,2,0.683314913572166,0.9858150371760346,0.57,0.43000000000000005
2839,0.1572652984566331,100,2,0.167944147732173,0.24229218907952946,0.96,0.040000000000000036
2840,0.8294017994126633,100,3,0.848082357869912,0.7719578295433734,0.54,0.45999999999999996
2841,1.7657988560373303,100,7,1.7768831052968106,0.9131372823968462,0.27,0.73
2842,1.1540005530406945,100,6,1.1714126383428725,0.6537778415355902,0.51,0.49
2843,1.724238422744375,100,8,1.7492069548095799,0.8411907330640888,0.4,0.6
2844,1.5397975136678277,100,6,1.5690518214871376,0.8757044951815621,0.4,0.6
2845,0.3572697346147753,100,2,0.38638670628660376,0.5574381850251038,0.87,0.13
2846,0.3956215581556682,100,2,0.4049634850619386,0.5842388116399706,0.86,0.14
2847,0.936781061890838,100,5,0.960803155558676,0.5969805657837185,0.51,0.49
2848,0.6510183035162594,100,4,0.7234172306511392,0.521835225577013,0.78,0.21999999999999997
2849,0.6867836831364235,100,2,0.6881388137115885,0.9927744539849229,0.55,0.44999999999999996
2850,1.0958399337674716,100,5,1.114155346580244,0.6922636393566776,0.54,0.45999999999999996
2851,0.1671820585878563,100,2,0.167944147732173,0.24229218907952946,0.96,0.040000000000000036
2852,0.0,100,1,-1.000088900581841e-12,0.0,1.0,0.0
2853,0.0,100,1,-1.000088900581841e-12,0.0,1.0,0.0
2854,1.0607772106538815,100,3,1.0582952305656796,0.9633018322129747,0.45,0.55
2855,1.9516686912391783,100,13,2.03721895846331,0.7942530921856064,0.33,0.6699999999999999
2856,0.0,100,1,-1.000088900581841e-12,0.0,1.0,0.0
2857,1.9861894424350603,100,10,2.0003143205409075,0.8687254714829685,0.25,0.75
2858,0.0,100,1,-1.000088900581841e-12,0.0,1.0,0.0
2859,1.298214210495764,100,6,1.345915485887684,0.7511697351138017,0.53,0.47
2860,0.5300445303026307,100,3,0.5493201525625763,0.5000127508390957,0.84,0.16000000000000003
2861,1.1700165078808236,100,5,1.2160786559271068,0.7555921520998097,0.57,0.43000000000000005
2862,1.7965569247940945,100,10,1.8082978932904106,0.7853337966933005,0.39,0.61
2863,0.4233561065131444,100,2,0.439669879399343,0.6343095546376808,0.84,0.16000000000000003
2864,0.2116583610239365,100,2,0.22696752249860447,0.3274449191515909,0.94,0.06000000000000005
2865,1.6319773111766953,100,6,1.6364183407347581,0.9133024654474283,0.29,0.71
2866,2.0014524244205587,100,9,2.015770956963428,0.9174168984616152,0.23,0.77
2867,0.4462614865651511,100,2,0.47139348680809423,0.6800770457253945,0.82,0.18000000000000005
2868,1.79671405814714,100,8,1.804988700819588,0.8680160825110109,0.37,0.63
2869,2.0273985496957043,100,9,2.0303566983187196,0.924055155427125,0.28,0.72
2870,0.9903609506513388,100,3,0.9927652428537065,0.9036538668771621,0.53,0.47
2871,0.0,100,1,-1.000088900581841e-12,0.0,1.0,0.0
2872,0.6537948159093835,100,2,0.6589556806810628,0.9506720926841806,0.63,0.37
2873,0.0,100,1,-1.000088900581841e-12,0.0,1.0,0.0
2874,2.066919657794939,100,10,2.0947492487902744,0.9097380397205981,0.24,0.76
2875,1.8321202593439077,100,8,1.8422671163468678,0.8859432109154791,0.26,0.74
2876,1.5900265672673417,100,7,1.6058931151027012,0.8252658098742734,0.33,0.6699999999999999
2877,0.7248094396015605,100,3,0.7306594906542075,0.6650749297006447,0.64,0.36
2878,0.1878099465417551,100,2,0.1985152433438726,0.28639695711307084,0.95,0.050000000000000044
2879,1.9126019118157271,100,9,1.9144911271450598,0.8713224614782307,0.23,0.77
2880,0.0,100,1,-1.000088900581841e-12,0.0,1.0,0.0
2881,2.2565945011243205,100,11,2.2708184214708034,0.9470048367962012,0.18,0.8200000000000001
2882,1.3959737259262115,100,5,1.3990409841049631,0.8692730383050722,0.33,0.6699999999999999
2883,2.4804315520372757,100,15,2.499568566493256,0.9230141174915814,0.19,0.81
2884,2.509764731552641,100,16,2.5153720702391382,0.9072287029311525,0.21,0.79
2885,1.5808025164974115,100,6,1.5880384246549624,0.8863011201716368,0.39,0.61
2886,1.9379888182140288,100,8,1.9549540742302716,0.9401341826858959,0.23,0.77
2887,0.7678743936599114,100,3,0.7630743613288876,0.6945802165147745,0.63,0.37
2888,2.722058449268919,100,21,2.738148601016714,0.8993688360083811,0.2,0.8
2889,0.9307877252502216,100,3,0.9671134041633516,0.8803045570660971,0.58,0.42000000000000004
2890,1.7346475847224436,100,8,1.7573907710320231,0.8451263167573105,0.3,0.7
2891,1.191320157003689,100,5,1.2021404913688876,0.7469318835361474,0.56,0.43999999999999995
2892,0.7400504864202947,100,3,0.7805558317961541,0.710492536673199,0.72,0.28
2893,0.6886578873166442,100,2,0.6881388137115885,0.9927744539849229,0.55,0.44999999999999996
2894,0.5607922981825364,100,4,0.588189231529852,0.42428884371620396,0.81,0.18999999999999995
2895,1.3678202222102929,100,5,1.396674901731356,0.8678029086683043,0.45,0.55
2896,1.93229160631608,100,9,1.9314524259742605,0.8790418812426698,0.36,0.64
2897,1.024000884704789,100,6,1.0492273663668048,0.5855849428376925,0.63,0.37
2898,0.236994674039995,100,3,0.2685563533312012,0.24445052736191625,0.94,0.06000000000000005
2899,0.4811163849405269,100,2,0.47139348680809423,0.6800770457253945,0.82,0.18000000000000005
2900,1.6403859151808355,100,8,1.6452194115886487,0.7911832954244007,0.37,0.63
2901,1.019947899757437,100,3,1.018098207345716,0.926712924884534,0.46,0.54
2902,1.0689620538215945,100,3,1.071375151128421,0.9752076889903449,0.41,0.5900000000000001
2903,0.5159484324026322,100,5,0.5512851943473027,0.34253275015346424,0.85,0.15000000000000002
2904,1.5699812138811986,100,7,1.6180485650326197,0.8315124754440171,0.42,0.5800000000000001
2905,0.0,100,1,-1.000088900581841e-12,0.0,1.0,0.0
2906,2.19922308292238,100,13,2.2171190353097514,0.8643909591665295,0.2,0.8
2907,0.0,100,1,-1.000088900581841e-12,0.0,1.0,0.0
2908,1.9707820216102192,100,9,1.9729069114682962,0.897908630650822,0.26,0.74
2909,1.7233021847527927,100,7,1.7323445529708237,0.890248994184973,0.34,0.6599999999999999
2910,1.5613651849786263,100,6,1.5834016264192132,0.8837132738030911,0.34,0.6599999999999999
2911,0.6169438238911724,100,2,0.6108643020528935,0.8812908992278073,0.7,0.30000000000000004
2912,0.5840644046935253,100,3,0.6312186103011046,0.5745599396729445,0.78,0.21999999999999997
2913,0.0,100,1,-1.000088900581841e-12,0.0,1.0,0.0
2914,1.6713125962301183,100,8,1.6839196166606043,0.8097941600706328,0.32,0.6799999999999999
2915,0.6928923457962654,100,2,0.6931471805579453,0.9999999999971146,0.5,0.5
2916,0.282537495150391,100,3,0.30891098466610234,0.2811828957790078,0.92,0.07999999999999996
2917,0.6811135818853216,100,2,0.6802920001901536,0.9814538950307683,0.58,0.42000000000000004
2918,2.613165635094966,100,16,2.6217806319414825,0.9456074790001774,0.13,0.87
2919,2.430150959537835,100,13,2.423402771206227,0.9448150561555747,0.18,0.8200000000000001
2920,2.517482497083895,100,15,2.5287301645591773,0.9337826025270701,0.15,0.85
2921,0.8611926430747122,100,3,0.8926373932245446,0.8125135704669055,0.59,0.41000000000000003
2922,1.9525817548730175,100,10,1.9819932993760532,0.8607687530882396,0.24,0.76
2923,0.0,100,1,-1.000088900581841e-12,0.0,1.0,0.0
2924,1.320378392810022,100,4,1.327896446905394,0.9578748093822433,0.34,0.6599999999999999
2925,0.0,100,1,-1.000088900581841e-12,0.0,1.0,0.0
2926,0.5606410624131419,100,3,0.5840070660902887,0.5315861401826327,0.81,0.18999999999999995
2927,1.2139584841088538,100,7,1.3034376383919646,0.6698344417519732,0.47,0.53
2928,2.014780414592037,100,10,2.0393450180240067,0.8856762880247137,0.22,0.78
2929,0.519062267680032,100,2,0.5269079614293803,0.7601675029590803,0.78,0.21999999999999997
2930,2.0027257401148595,100,10,2.02425266247004,0.879121761288704,0.24,0.76
2931,1.33899660362094,100,5,1.390301130554417,0.8638426619711831,0.43,0.5700000000000001
2932,0.0,100,1,-1.000088900581841e-12,0.0,1.0,0.0
2933,0.733254340125312,100,3,0.7474359091714861,0.6803454839173805,0.68,0.31999999999999995
2934,2.588533065271713,100,16,2.601845037673128,0.9384172332531451,0.15,0.85
2935,1.79774290837896,100,9,1.8779711664910272,0.8547015111071461,0.37,0.63
2936,2.0728098616755384,100,10,2.0831786837895705,0.9047130071882895,0.22,0.78
2937,0.8740310209226546,100,3,0.8899038184637161,0.8100253634906824,0.57,0.43000000000000005
2938,0.0,100,1,-1.000088900581841e-12,0.0,1.0,0.0
2939,0.0,100,1,-1.000088900581841e-12,0.0,1.0,0.0
2940,1.493288302570367,100,6,1.5228259594158107,0.8499053503380624,0.34,0.6599999999999999
2941,2.1614833092898467,100,11,2.17928641996147,0.9088330273149161,0.19,0.81
2942,1.0433553720017057,100,3,1.0397741748662495,0.9464432407968129,0.41,0.5900000000000001
2943,1.2302222641553355,100,5,1.335453905291088,0.8297641648514164,0.52,0.48
2944,0.6585047259613768,100,4,0.6847213202906495,0.4939220265871318,0.77,0.22999999999999998
2945,1.0738828210683606,100,3,1.0755008978315235,0.9789631054786351,0.41,0.5900000000000001
2946,0.0,100,1,-1.000088900581841e-12,0.0,1.0,0.0
2947,1.1972453407185792,100,5,1.2689198658567884,0.7884242418135191,0.48,0.52
2948,0.8034605378220635,100,4,0.8179074428159421,0.5899955058283666,0.73,0.27
2949,1.6782670171964524,100,7,1.7035169691967962,0.8754345466689752,0.29,0.71
2950,0.6257928856697402,100,2,0.6341786357102057,0.9149263727768423,0.67,0.32999999999999996
2951,0.0,100,1,-1.000088900581841e-12,0.0,1.0,0.0
2952,0.9876195888758136,100,3,0.992956741654749,0.9038281765977231,0.54,0.45999999999999996
2953,0.3098365256047016,100,2,0.34651533691666614,0.4999159581616426,0.89,0.10999999999999999
2954,0.7786236007076975,100,3,0.7889655579447291,0.7181473992988214,0.71,0.29000000000000004
2955,1.1820094229784133,100,4,1.1887639521816236,0.8575119292999966,0.54,0.45999999999999996
2956,2.41834226341363,100,13,2.428899809013392,0.9469581931306476,0.13,0.87
2957,0.0,100,1,-1.000088900581841e-12,0.0,1.0,0.0
2958,1.050013965281868,100,3,1.0540779290190128,0.9594630789146845,0.47,0.53
2959,2.0028272676717327,100,9,2.031761401186393,0.9246944632530808,0.21,0.79
2960,0.8177655910763354,100,3,0.8258457867165729,0.7517172302139253,0.54,0.45999999999999996
2961,2.093585568067033,100,14,2.1061468639658787,0.7980678708002636,0.3,0.7
2962,1.3768902988786846,100,5,1.3817452233151366,0.8585265779065666,0.32,0.6799999999999999
2963,2.595524013003751,100,16,2.6005537225481614,0.9379514897713914,0.14,0.86
2964,3.555534581422392,100,44,3.592793291944964,0.94942210605468,0.07,0.9299999999999999
2965,1.988898784282143,100,11,2.008294637814425,0.8375239154922403,0.28,0.72
2966,0.1154996030542385,100,2,0.167944147732173,0.24229218907952946,0.96,0.040000000000000036
2967,1.3840596559110112,100,5,1.4011265449861727,0.8705688701387186,0.45,0.55
2968,1.0935281283620952,100,4,1.1013059718883729,0.7944243320723778,0.55,0.44999999999999996
2969,0.0,100,1,-1.000088900581841e-12,0.0,1.0,0.0
2970,0.4428140825841975,100,4,0.5179897153680163,0.3736505967964614,0.87,0.13
2971,1.4859651019793878,100,6,1.5070235083824541,0.8410858344907903,0.48,0.52
2972,1.5184401935061136,100,6,1.5266787650439317,0.8520556421011531,0.35,0.65
2973,0.0,100,1,-1.000088900581841e-12,0.0,1.0,0.0
2974,2.207344682132833,100,13,2.220590150476062,0.8657442471588296,0.23,0.77
2975,2.3459663613774504,100,13,2.3552782361594007,0.918255258844704,0.24,0.76
2976,2.020432202315661,100,11,2.0389478718987153,0.8503073070072991,0.24,0.76
2977,2.5293275695668265,100,19,2.554995246712516,0.867735845364955,0.28,0.72
2978,0.8462703176038985,100,3,0.8558588468534728,0.7790362948616418,0.64,0.36
2979,1.4936126204555926,100,6,1.5062907710830908,0.8406768860175452,0.42,0.5800000000000001
2980,2.0651582253380827,100,10,2.0891598102876032,0.9073105774219504,0.28,0.72
2981,0.6882642817780869,100,2,0.6881388137115885,0.9927744539849229,0.55,0.44999999999999996
2982,0.2786506011264279,100,2,0.32508297338944825,0.46899559358639586,0.9,0.09999999999999998
2983,1.0679940891373487,100,5,1.0837868057166693,0.6733946040065375,0.56,0.43999999999999995
2984,0.0,100,1,-1.000088900581841e-12,0.0,1.0,0.0
2985,0.0400846485671265,100,2,0.05600153435284737,0.08079313589302582,0.99,0.010000000000000009
2986,0.0,100,1,-1.000088900581841e-12,0.0,1.0,0.0
2987,1.1915551390780392,100,4,1.1978021672173387,0.8640316233052537,0.49,0.51
2988,2.080320851080544,100,11,2.0970348230062914,0.8745314471382348,0.21,0.79
2989,0.7096646261174474,100,3,0.733657189425176,0.6678035527115913,0.56,0.43999999999999995
2990,0.2965632764259939,100,2,0.32508297338944825,0.46899559358639586,0.9,0.09999999999999998
2991,1.0295997756284312,100,4,1.0581704097836389,0.763308601305149,0.45,0.55
2992,0.5114147747635491,100,2,0.5139566706152255,0.7414827399283883,0.79,0.20999999999999996
2993,0.9957512381389652,100,3,0.9999439247046985,0.9101881846934092,0.55,0.44999999999999996
2994,1.5957700663286378,100,7,1.626715104344007,0.8359661956302212,0.39,0.61
2995,1.423503157245699,100,5,1.4403362679384184,0.8949312407833527,0.4,0.6
2996,0.4213933653245446,100,2,0.42270908780399086,0.609840304713515,0.85,0.15000000000000002
2997,1.360376059059914,100,5,1.3654059343213136,0.848374406848839,0.41,0.5900000000000001
2998,0.0,100,1,-1.000088900581841e-12,0.0,1.0,0.0
2999,2.6904930866917742,100,18,2.6960392642619855,0.9327655713825445,0.1,0.9
3000,1.7318374734155346,100,6,1.7304933980970862,0.9658067546547617,0.26,0.74
3001,0.6540896020786052,100,4,0.743328932101832,0.536198482046301,0.77,0.22999999999999998
3002,0.0,100,1,-1.000088900581841e-12,0.0,1.0,0.0
3003,0.8537543117267491,100,4,0.8715269103511291,0.6286737757824271,0.57,0.43000000000000005
3004,1.6113832718513708,100,6,1.6218978236340194,0.9051984105504869,0.35,0.65
3005,1.6752732473948146,100,6,1.6770176246732917,0.9359613572438953,0.24,0.76
3006,0.9535710501106432,100,3,0.9743417807659858,0.8868841089946463,0.56,0.43999999999999995
3007,2.341226308830386,100,13,2.367937078725474,0.9231905775593789,0.19,0.81
3008,0.2554453234483516,100,3,0.28234708919888,0.2570033961127272,0.93,0.06999999999999995
3009,1.1397503715277637,100,5,1.1995343046322662,0.7453125686706986,0.57,0.43000000000000005
3010,2.566028891571352,100,17,2.5724508569499243,0.9079622833016284,0.19,0.81
3011,1.7853049254627915,100,11,1.9297157049421378,0.8047539552009451,0.43,0.5700000000000001
3012,1.097309991505034,100,3,1.0957815752727504,0.9974233736282059,0.36,0.64
3013,0.4844576050499425,100,2,0.48622296465979226,0.701471459881012,0.81,0.18999999999999995
3014,0.6063634834672526,100,2,0.5929533174454745,0.8554508105572454,0.72,0.28
3015,0.45587992745264233,100,2,0.47139348680809423,0.6800770457253945,0.82,0.18000000000000005
3016,0.48617580313952163,100,2,0.5004024235361879,0.7219280948844771,0.8,0.19999999999999996
3017,0.507358885410262,100,2,0.5392763414950504,0.7780113035436524,0.77,0.22999999999999998
3018,0.2600163443701615,100,3,0.3014425142477244,0.27438480104129803,0.93,0.06999999999999995
3019,2.408879971374118,100,15,2.392875763457271,0.8836157330035244,0.19,0.81
3020,0.7302543293004433,100,4,0.7583770413057099,0.5470533983078961,0.75,0.25
3021,0.3375068279295786,100,3,0.3861694035939376,0.35150653927429276,0.9,0.09999999999999998
3022,2.3592378297789742,100,16,2.3805081751562853,0.8585868347734023,0.21,0.79
3023,0.0,100,1,-1.000088900581841e-12,0.0,1.0,0.0
3024,0.3663703138689294,100,2,0.36692499127070966,0.529360865284479,0.88,0.12
3025,3.163316218191414,100,33,3.1938758675997323,0.913447436178339,0.14,0.86
3026,2.5541735961229937,100,16,2.585954092618482,0.9326857863468008,0.15,0.85
3027,1.457140253455096,100,5,1.4513590820735365,0.9017801002826591,0.43,0.5700000000000001
3028,1.970951523397123,100,8,1.9674533139160626,0.9461450463890869,0.22,0.78
3029,1.1623603236356694,100,4,1.187994477934244,0.8569568709596035,0.47,0.53
3030,1.4637682376172207,100,7,1.4848687937290215,0.7630716117339155,0.36,0.64
3031,2.2026673221086703,100,12,2.228774528213495,0.8969248516452893,0.27,0.73
3032,0.0,100,1,-1.000088900581841e-12,0.0,1.0,0.0
3033,1.3924215155809658,100,6,1.4163097735551748,0.7904575351095338,0.48,0.52
3034,1.422897346703295,100,5,1.4203979215400597,0.8825428496287017,0.42,0.5800000000000001
3035,0.4179542317269996,100,2,0.439669879399343,0.6343095546376808,0.84,0.16000000000000003
3036,1.6448391995987812,100,10,1.7286979202724906,0.7507639676519702,0.43,0.5700000000000001
3037,0.8881582835041875,100,4,0.9240322818494174,0.6665483953227338,0.59,0.41000000000000003
3038,0.8026784781031465,100,4,0.8495457981707017,0.6128177550144638,0.74,0.26
3039,2.24478938794768,100,10,2.2440525779233123,0.9745796516928614,0.15,0.85
3040,1.2113904550124277,100,5,1.2410381638546324,0.7711003663245989,0.53,0.47
3041,2.369634957761747,100,14,2.4082857833599984,0.9125553114494471,0.25,0.75
3042,1.527758069967832,100,6,1.5398786165543683,0.8594226194980263,0.33,0.6699999999999999
3043,2.70503130729873,100,19,2.7244329567605092,0.9252808348338691,0.11,0.89
3044,0.7981023699035733,100,4,0.8500519881492186,0.6131828939003408,0.71,0.29000000000000004
3045,0.1335143097880668,100,2,0.1347421681777668,0.19439185782869087,0.97,0.030000000000000027
3046,1.8732874083122208,100,11,1.9223368184963479,0.8016767205404093,0.31,0.69
3047,2.325519914246021,100,12,2.319316952886163,0.933361803786084,0.15,0.85
3048,0.9499250695967684,100,4,0.9892438113054639,0.7135885704002451,0.63,0.37
3049,1.6556863138051512,100,7,1.67889564612558,0.8627816895557271,0.39,0.61
3050,1.7112985459024401,100,8,1.7119070426852923,0.8232532669816541,0.31,0.69
3051,0.0,100,1,-1.000088900581841e-12,0.0,1.0,0.0
3052,1.946687953740782,100,10,1.9537515853863419,0.8485035325430181,0.2,0.8
3053,1.5097124067510161,100,8,1.64200819286248,0.7896390256472495,0.47,0.53
3054,1.3363580109990094,100,5,1.3424264793814,0.8340964687175323,0.47,0.53
3055,0.6903148124840998,100,2,0.6899437584563995,0.9953784388173404,0.54,0.45999999999999996
3056,1.0358373274233312,100,3,1.042661841702624,0.9490717084247104,0.45,0.55
3057,0.8491575071785618,100,3,0.8596323294241012,0.7824710667184205,0.62,0.38
3058,0.6389588468044243,100,2,0.6410354778791556,0.9248187049701446,0.66,0.33999999999999997
3059,1.324549189499297,100,4,1.334200110545805,0.9624219415189699,0.37,0.63
3060,0.7081219360698393,100,3,0.7407655365641892,0.6742738491140018,0.74,0.26
3061,2.2730103696249904,100,12,2.2830859337472376,0.9187813690876552,0.2,0.8
3062,1.974225808467974,100,8,1.9830209682243591,0.9536315056120379,0.21,0.79
3063,1.7236624770007936,100,9,1.7309064466868254,0.7877694726978115,0.47,0.53
3064,0.7132602063060823,100,3,0.7424171058017361,0.6757771722195072,0.62,0.38
3065,0.693032639452846,100,2,0.6929471672224783,0.9997114417499247,0.51,0.49
3066,0.5485438695684193,100,3,0.5939279028452127,0.5406164749579258,0.78,0.21999999999999997
3067,1.3534623664037289,100,6,1.3609353876126289,0.7595525018762489,0.43,0.5700000000000001
3068,1.708731610557215,100,6,1.7096629312085385,0.9541810497282394,0.27,0.73
3069,0.6755674006684486,100,2,0.6730116670072565,0.9709505944517833,0.6,0.4
3070,0.5991893483782649,100,4,0.6904565313808348,0.4980591068862627,0.8,0.19999999999999996
3071,1.515683765299545,100,6,1.5143368690840355,0.8451674988141452,0.41,0.5900000000000001
3072,1.0317847238466833,100,4,1.0888599243260448,0.7854464065239585,0.59,0.41000000000000003
3073,2.56283512864434,100,19,2.5668734067213,0.8717699449312317,0.17,0.83
3074,0.3320997431556109,100,3,0.3861694035939376,0.35150653927429276,0.9,0.09999999999999998
3075,1.6599812654894857,100,8,1.6738014184209111,0.8049283352629205,0.46,0.54
3076,1.5750232989816777,100,6,1.5934174160775676,0.8893031924447207,0.32,0.6799999999999999
3077,0.4236050916260264,100,2,0.439669879399343,0.6343095546376808,0.84,0.16000000000000003
3078,1.6753546707358236,100,6,1.6751299905802794,0.9349078485975447,0.28,0.72
3079,1.4339236886101938,100,6,1.4324240904423151,0.799451106603861,0.47,0.53
3080,2.292553121189002,100,13,2.3010317308967196,0.8971061062874125,0.18,0.8200000000000001
3081,2.009115179110343,100,9,2.0168444816252764,0.9179054805905981,0.24,0.76
3082,2.0180572157916536,100,11,2.046566456086471,0.8534845033903858,0.24,0.76
3083,1.906038978095503,100,7,1.9040034846191298,0.9784642346119999,0.23,0.77
3084,1.219841654382556,100,4,1.2371635109683694,0.8924248310214227,0.38,0.62
3085,0.1403486768221367,100,2,0.167944147732173,0.24229218907952946,0.96,0.040000000000000036
3086,0.5282667798872692,100,3,0.6004829082428255,0.5465830980015836,0.8,0.19999999999999996
3087,1.407786318529822,100,6,1.4247400460298205,0.795162559762356,0.33,0.6699999999999999
3088,0.0220444912476904,100,2,0.05600153435284737,0.08079313589302582,0.99,0.010000000000000009
3089,0.7835660895239495,100,3,0.7983573257681744,0.7266961547790931,0.55,0.44999999999999996
3090,2.6849930517687177,100,18,2.6956192144807702,0.9326202441317963,0.14,0.86
3091,2.0669502129249184,100,10,2.0746515888581687,0.9010097369129165,0.23,0.77
3092,0.6880172560654678,100,2,0.6881388137115885,0.9927744539849229,0.55,0.44999999999999996
3093,0.0,100,1,-1.000088900581841e-12,0.0,1.0,0.0
3094,2.391357012145629,100,14,2.4037549984780497,0.9108384920264264,0.16,0.84
3095,1.9576414648168818,100,11,1.9958018363980004,0.8323140126419605,0.33,0.6699999999999999
3096,1.0086815193898058,100,6,1.0258294820145388,0.5725263349418757,0.63,0.37
3097,0.8364586075465098,100,4,0.8805739949658762,0.6351998678365263,0.65,0.35
3098,0.6905932561611703,100,2,0.6913460989997393,0.9974015885648543,0.53,0.47
3099,1.519738540351371,100,5,1.5306257032202812,0.9510312211456333,0.29,0.71
3100,1.9009025653408937,100,8,1.909204613367114,0.9181333425823553,0.23,0.77
3101,0.4236789037579453,100,3,0.4344052086239666,0.3954126611405493,0.88,0.12
3102,1.521979134788835,100,7,1.5628489708991762,0.8031454955193574,0.29,0.71
3103,1.1882817175202554,100,4,1.2049116402862756,0.8691600240751982,0.4,0.6
3104,1.951520477571268,100,9,1.9623535688745257,0.8931055974503812,0.3,0.7
3105,0.0,100,1,-1.000088900581841e-12,0.0,1.0,0.0
3106,1.34367449490657,100,6,1.3702084710247322,0.7647279082694398,0.38,0.62
3107,0.0,100,1,-1.000088900581841e-12,0.0,1.0,0.0
3108,1.3662007258814617,100,6,1.4008919839562992,0.78185270289647,0.47,0.53
3109,0.5177861917792833,100,4,0.5809471129999125,0.41906475947186705,0.85,0.15000000000000002
3110,2.3455404519843395,100,12,2.3496529298408793,0.9455698989905073,0.17,0.83
3111,0.8052544706397452,100,3,0.8258457867165729,0.7517172302139253,0.54,0.45999999999999996
3112,2.4786593353304425,100,22,2.5034774607189854,0.8099136451519905,0.25,0.75
3113,1.6236362904574475,100,6,1.6300379611594056,0.9097415078049935,0.3,0.7
3114,0.5980089800644464,100,3,0.6000810974547914,0.5462173540606331,0.79,0.20999999999999996
3115,2.0002171916906777,100,10,2.047476720956497,0.8892078417367706,0.3,0.7
3116,1.508724027401066,100,6,1.5445040121871827,0.8620041019527038,0.31,0.69
3117,2.8026320506449154,100,20,2.8055199457574522,0.9365055651081664,0.12,0.88
3118,0.2692241951734673,100,3,0.3339327117203709,0.30395865326175303,0.91,0.08999999999999997
3119,1.2922732786357891,100,6,1.3108667098852411,0.731608640779224,0.38,0.62
3120,0.5830292200328604,100,2,0.5623351446168083,0.8112781244562475,0.75,0.25
3121,0.6854180677905984,100,3,0.707785886565229,0.6442544780045244,0.72,0.28
3122,1.235416326911809,100,4,1.245102493764395,0.8981515965761872,0.45,0.55
3123,0.33600821095003114,100,2,0.38638670628660376,0.5574381850251038,0.87,0.13
3124,0.0,100,1,-1.000088900581841e-12,0.0,1.0,0.0
3125,0.12158528065049971,100,2,0.1347421681777668,0.19439185782869087,0.97,0.030000000000000027
3126,0.0,100,1,-1.000088900581841e-12,0.0,1.0,0.0
3127,1.6817120715449583,100,6,1.6762029776234895,0.9355066940685121,0.26,0.74
3128,0.8789705590302965,100,3,0.9169886124837864,0.8346790054528583,0.61,0.39
3129,1.7086601208873506,100,6,1.71577266412638,0.9575909565950766,0.31,0.69
3130,1.113684841698269,100,4,1.134115810287104,0.8180916276474868,0.48,0.52
3131,1.921168868741665,100,10,1.9989553772990694,0.8681352899318185,0.31,0.69
3132,1.0143080484125728,100,3,0.9947690047608589,0.9054777695658729,0.51,0.49
3133,1.2239563163098268,100,4,1.2373638514155347,0.8925693461062301,0.41,0.5900000000000001
3134,0.3139971753072519,100,2,0.32508297338944825,0.46899559358639586,0.9,0.09999999999999998
3135,2.778856979057372,100,20,2.804024526662574,0.9360063819508196,0.11,0.89
3136,0.04887848748306709,100,2,0.05600153435284737,0.08079313589302582,0.99,0.010000000000000009
3137,2.8854072938659936,100,22,2.8904199741687067,0.9350955277331634,0.12,0.88
3138,0.7826301194539106,100,3,0.8066309418072476,0.7342271246439065,0.5,0.5
3139,1.6657181109533827,100,7,1.667228638254117,0.8567860335501675,0.36,0.64
3140,1.5443991332157934,100,6,1.5567270383872849,0.8688259027635952,0.37,0.63
3141,0.653008557042627,100,2,0.6474466390326326,0.9340680553726057,0.65,0.35
3142,2.033340809903646,100,9,2.0419184482361454,0.9293171345787704,0.21,0.79
3143,1.733075444092366,100,7,1.7665379232863816,0.9078209105101733,0.34,0.6599999999999999
3144,1.5591822454960438,100,6,1.565504849580589,0.8737248924684387,0.35,0.65
3145,2.159954169653185,100,10,2.1745717489509153,0.9444045110720859,0.17,0.83
3146,2.011531672333552,100,11,2.036478320556283,0.8492774241052196,0.3,0.7
3147,1.9320316807572209,100,8,1.9472649730499847,0.9364365066386647,0.25,0.75
3148,1.310061947770075,100,5,1.3313713163225185,0.8272275097017963,0.45,0.55
3149,0.8375298386995319,100,6,0.9982068727221411,0.5571098631627154,0.7,0.30000000000000004
3150,2.110525728607793,100,11,2.114645239407704,0.8818755612040927,0.24,0.76
3151,2.623320571486449,100,19,2.6575557563580543,0.9025677812180025,0.13,0.87
3152,1.0782833088146433,100,5,1.1013913722322948,0.684332936190474,0.58,0.42000000000000004
3153,1.431155568845351,100,5,1.4457928915144374,0.898321631635875,0.34,0.6599999999999999
3154,0.1084556247715785,100,2,0.1347421681777668,0.19439185782869087,0.97,0.030000000000000027
3155,1.6376022268578942,100,8,1.6723609897693452,0.8042356355054644,0.26,0.74
3156,0.62916998383367,100,2,0.6191006644235872,0.8931734583749716,0.69,0.31000000000000005
3157,0.2929511846905862,100,2,0.32508297338944825,0.46899559358639586,0.9,0.09999999999999998
3158,0.0425107712123192,100,2,0.05600153435284737,0.08079313589302582,0.99,0.010000000000000009
3159,0.5975622691846797,100,2,0.60215168259068,0.8687212463365191,0.71,0.29000000000000004
3160,0.6769378059886444,100,2,0.6859298002503729,0.9895875212191703,0.56,0.43999999999999995
3161,1.077360918319172,100,3,1.076213002960879,0.9796112915008567,0.43,0.5700000000000001
3162,0.9765912156067942,100,3,1.0183597347628939,0.9269509773984878,0.52,0.48
3163,0.0,100,1,-1.000088900581841e-12,0.0,1.0,0.0
3164,1.2846656250636368,100,6,1.3638012888641922,0.7611519918193929,0.48,0.52
3165,2.5707308165138305,100,17,2.5964229023529484,0.9164233635281899,0.16,0.84
3166,0.539470795687331,100,2,0.5510799280849727,0.7950402793816368,0.76,0.24
3167,1.636632585004487,100,7,1.664540399241831,0.85540455197786,0.37,0.63
3168,1.5420572804161143,100,7,1.5874219639740268,0.8157735159275865,0.43,0.5700000000000001
3169,0.6807542412294122,100,2,0.683314913572166,0.9858150371760346,0.57,0.43000000000000005
3170,1.2383006408786326,100,6,1.283173338479138,0.7161526759124474,0.56,0.43999999999999995
3171,1.2184968859710494,100,4,1.2227447256686095,0.8820238759976194,0.38,0.62
3172,0.6864922889445341,100,2,0.6881388137115885,0.9927744539849229,0.55,0.44999999999999996
3173,1.4019776317758206,100,6,1.4104930370122777,0.7872111526330939,0.38,0.62
3174,0.0,100,1,-1.000088900581841e-12,0.0,1.0,0.0
3175,0.8672992209984501,100,3,0.8826404829773338,0.8034139906148264,0.55,0.44999999999999996
3176,1.2050911547288397,100,4,1.211149218791545,0.873659485863552,0.42,0.5800000000000001
3177,0.0499657259581165,100,2,0.05600153435284737,0.08079313589302582,0.99,0.010000000000000009
3178,1.6685594394240495,100,8,1.7136097368017025,0.8240720897676194,0.32,0.6799999999999999
3179,0.9643026121900385,100,3,0.9599503483002637,0.8737844626369952,0.59,0.41000000000000003
3180,0.561388164760459,100,2,0.6108643020528935,0.8812908992278073,0.7,0.30000000000000004
3181,0.0357755532873849,100,2,0.05600153435284737,0.08079313589302582,0.99,0.010000000000000009
3182,0.5718122389100055,100,2,0.5730569171294204,0.8267463724897325,0.74,0.26
3183,1.7143589940787425,100,6,1.7175226697216233,0.958567653314306,0.28,0.72
3184,0.8225669383195764,100,3,0.8307555115049519,0.75618625430825,0.64,0.36
3185,0.0,100,1,-1.000088900581841e-12,0.0,1.0,0.0
3186,2.0153630148712205,100,10,2.0296987857121254,0.8814869825605067,0.25,0.75
3187,0.2787599265501027,100,2,0.2787693717665874,0.40217919019938747,0.92,0.07999999999999996
3188,0.45851361058722767,100,2,0.5004024235361879,0.7219280948844771,0.8,0.19999999999999996
3189,0.6384072763844046,100,2,0.6474466390326326,0.9340680553726057,0.65,0.35
3190,2.495633948781065,100,16,2.524683069290351,0.9105869359703791,0.14,0.86
3191,1.31381524830446,100,4,1.322851443379124,0.9542356085979349,0.35,0.65
3192,1.9334311302682128,100,9,1.9424143843104154,0.8840308834817784,0.21,0.79
3193,2.2625054979881374,100,12,2.26017927443761,0.9095630512439721,0.22,0.78
3194,1.977671802953565,100,10,1.994741462804419,0.8663052101195798,0.26,0.74
3195,0.0,100,1,-1.000088900581841e-12,0.0,1.0,0.0
3196,1.4775460655361476,100,6,1.4894054620443538,0.8312530156104242,0.39,0.61
3197,0.2818127283001358,100,3,0.2955178181196594,0.2689919102196891,0.93,0.06999999999999995
3198,2.459516436908449,100,13,2.466180311852758,0.9614927891962249,0.13,0.87
3199,1.0770294852698226,100,4,1.0872847743277383,0.784310175978352,0.48,0.52
3200,0.0188897336388425,100,2,0.05600153435284737,0.08079313589302582,0.99,0.010000000000000009
3201,0.9178156067313991,100,3,0.9233501464761851,0.8404695232342596,0.61,0.39
3202,1.530328257620174,100,7,1.552753169763326,0.7979572800507493,0.44,0.56
3203,1.2554842669305717,100,4,1.261861140550225,0.9102404048811504,0.47,0.53
3204,0.1258639790742535,100,2,0.1347421681777668,0.19439185782869087,0.97,0.030000000000000027
3205,1.5182156711446675,100,7,1.5499777488960855,0.796530995867696,0.48,0.52
3206,1.3429037337784802,100,7,1.382448212615511,0.7104378448751358,0.56,0.43999999999999995
3207,0.5699209761627624,100,2,0.5730569171294204,0.8267463724897325,0.74,0.26
3208,2.050905217738862,100,10,2.0638998507646753,0.8963403163880433,0.19,0.81
3209,0.9209335453251329,100,3,0.9319274390408122,0.848276911384838,0.48,0.52
3210,1.231847336840315,100,5,1.2547506046018067,0.779620384798897,0.43,0.5700000000000001
3211,1.462421771057932,100,5,1.4621790488398019,0.9085029236253138,0.35,0.65
3212,1.9346779296147203,100,9,1.9441958175456935,0.8848416486869619,0.31,0.69
3213,2.246104413132441,100,13,2.2689806059593107,0.8846102942963605,0.21,0.79
3214,1.6927605120062512,100,9,1.7323807527439663,0.7884404583004431,0.44,0.56
3215,1.6117638834231915,100,6,1.6134099335894403,0.9004612289196088,0.38,0.62
3216,0.6435172332843823,100,2,0.6474466390326326,0.9340680553726057,0.65,0.35
3217,2.7387454539968608,100,20,2.7468721774471407,0.9169284590937045,0.14,0.86
3218,1.8149366447856456,100,9,1.8093765038006193,0.8234827347481233,0.4,0.6
3219,1.5938676808562275,100,6,1.6494096475615894,0.9205530518402706,0.33,0.6699999999999999
3220,1.475791331890692,100,6,1.4940988164697395,0.8338724265894033,0.3,0.7
3221,1.888094849164605,100,8,1.8987514165112467,0.9131064174938901,0.26,0.74
3222,0.4954028333951203,100,2,0.5269079614293803,0.7601675029590803,0.78,0.21999999999999997
3223,0.4055779446564843,100,2,0.4049634850619386,0.5842388116399706,0.86,0.14
3224,1.3968376242575034,100,6,1.4362838370396724,0.8016052721956411,0.37,0.63
3225,0.0,100,1,-1.000088900581841e-12,0.0,1.0,0.0
3226,1.8770941768135223,100,7,1.877853353912869,0.9650257257893002,0.26,0.74
3227,0.0878494484140399,100,3,0.11190205688793092,0.1018576417196226,0.98,0.020000000000000018
3228,2.2404415669304454,100,13,2.2503005276395114,0.8773274689004289,0.24,0.76
3229,0.3949478961685082,100,2,0.42270908780399086,0.609840304713515,0.85,0.15000000000000002
3230,1.9281386894140666,100,8,1.919140118946832,0.9229113107918834,0.27,0.73
3231,0.3709958757088356,100,3,0.4484281831886927,0.40817692266335337,0.88,0.12
3232,0.0,100,1,-1.000088900581841e-12,0.0,1.0,0.0
3233,0.932232630642894,100,3,0.9682499183119988,0.8813390568258122,0.56,0.43999999999999995
3234,1.07869746454719,100,5,1.0797764342230616,0.670902820096997,0.48,0.52
3235,0.871578385192656,100,4,0.9052635806545617,0.6530096392538611,0.69,0.31000000000000005
3236,0.0,100,1,-1.000088900581841e-12,0.0,1.0,0.0
3237,2.1031206602169705,100,10,2.1095729573406157,0.9161758945453534,0.26,0.74
3238,0.6730124369670407,100,2,0.6687480868498095,0.964799548502202,0.61,0.39
3239,0.0,100,1,-1.000088900581841e-12,0.0,1.0,0.0
3240,0.6849060028609024,100,2,0.6802920001901536,0.9814538950307683,0.58,0.42000000000000004
3241,1.5435781588748771,100,8,1.5788650807247935,0.7592736073981375,0.46,0.54
3242,1.04330182491075,100,3,1.0397741748662495,0.9464432407968129,0.41,0.5900000000000001
3243,0.6916479487288753,100,2,0.6802920001901536,0.9814538950307683,0.58,0.42000000000000004
3244,1.779026242221091,100,9,1.7968704298242377,0.8177909751959235,0.37,0.63
3245,0.0,100,1,-1.000088900581841e-12,0.0,1.0,0.0
3246,1.736486547838915,100,7,1.7470645791882577,0.8978135912577517,0.28,0.72
3247,0.690489874212474,100,2,0.6923469670879616,0.9988455359923166,0.52,0.48
3248,0.8064328619659563,100,13,0.883462620374301,0.34443667193828764,0.82,0.18000000000000005
3249,0.3901663319158904,100,3,0.3986706613520282,0.36288567446787995,0.89,0.10999999999999999
3250,2.682795271514093,100,19,2.695655898365675,0.9155074761062989,0.17,0.83
3251,0.0,100,1,-1.000088900581841e-12,0.0,1.0,0.0
3252,1.0147591558267584,100,3,1.0233890126983343,0.9315288234569343,0.52,0.48
3253,0.0,100,1,-1.000088900581841e-12,0.0,1.0,0.0
3254,0.7651722100818162,100,3,0.7641870673042083,0.6955930451412135,0.66,0.33999999999999997
3255,0.9726902251577968,100,4,1.0069536627318323,0.7263635278140962,0.63,0.37
3256,1.9297316164477485,100,11,1.9321603136763337,0.8057734362274633,0.31,0.69
3257,1.7883179621475849,100,8,1.8360632238858408,0.8829597692862351,0.26,0.74
3258,2.395013332390383,100,15,2.4181904537080228,0.8929636728018517,0.27,0.73
3259,2.363489003098368,100,13,2.370124579070028,0.9240434210426979,0.16,0.84
3260,0.0,100,1,-1.000088900581841e-12,0.0,1.0,0.0
3261,1.032094050553003,100,3,1.0309620752387594,0.9384221220469277,0.47,0.53
3262,1.7207966351144866,100,6,1.7137075269406856,0.9564383815864546,0.29,0.71
3263,1.1046958955536597,100,4,1.1118871342067065,0.8020570272741284,0.42,0.5800000000000001
3264,2.9015173236225014,100,26,2.8935575374612506,0.8881128915898845,0.22,0.78
3265,0.4389745623076568,100,3,0.47707654479137646,0.43425378517270624,0.84,0.16000000000000003
3266,1.6604422874886486,100,8,1.67125568332895,0.8037040954653908,0.46,0.54
3267,2.049987732980899,100,9,2.0525576575702957,0.9341592474168894,0.2,0.8
3268,1.5521901959843432,100,6,1.595910809169942,0.8906947816257444,0.35,0.65
3269,1.5936819488549812,100,6,1.623374699002719,0.9060226703878499,0.3,0.7
3270,0.2462452559593847,100,2,0.25363894691969135,0.36592365089733775,0.93,0.06999999999999995
3271,3.122241626140861,100,32,3.12808913969449,0.9025757378591729,0.12,0.88
3272,1.9055755916437842,100,11,1.9344639074897325,0.8067341094643351,0.37,0.63
3273,2.2672643219343724,100,14,2.269090317989969,0.8598109228346221,0.3,0.7
3274,0.7646243121120352,100,4,0.8166609532793307,0.589096353691872,0.66,0.33999999999999997
3275,1.6417668375366778,100,7,1.6506626366200088,0.8482727927707047,0.34,0.6599999999999999
3276,0.2857043056978509,100,2,0.30253782309549804,0.4364698170612175,0.91,0.08999999999999997
3277,1.6254530996674674,100,6,1.6286095784690313,0.9089443122467138,0.35,0.65
3278,1.1402709835281093,100,5,1.1559296740083278,0.7182194883554778,0.59,0.41000000000000003
3279,2.0747422066688976,100,10,2.0842334293744758,0.9051710773756256,0.23,0.77
3280,0.0,100,1,-1.000088900581841e-12,0.0,1.0,0.0
3281,1.271323462123653,100,5,1.3014500393055028,0.8086363750044889,0.47,0.53
3282,2.2552193536035703,100,11,2.2672485450612667,0.9455160827000432,0.21,0.79
3283,1.1747915321788431,100,5,1.2261065090256917,0.7618228075485923,0.47,0.53
3284,0.1158991738526049,100,2,0.1347421681777668,0.19439185782869087,0.97,0.030000000000000027
3285,0.04414588306793019,100,2,0.05600153435284737,0.08079313589302582,0.99,0.010000000000000009
3286,0.0,100,1,-1.000088900581841e-12,0.0,1.0,0.0
3287,1.0121004311541797,100,3,1.0161671758465871,0.9249552242661748,0.53,0.47
3288,1.889745686797154,100,12,1.914135614078555,0.7703048379068322,0.29,0.71
3289,0.0,100,1,-1.000088900581841e-12,0.0,1.0,0.0
3290,1.606204906506191,100,8,1.6562109364429387,0.7964691015574313,0.42,0.5800000000000001
3291,0.4658614676798578,100,3,0.4761108441680483,0.4333747665841749,0.87,0.13
3292,0.3247726667996304,100,2,0.34651533691666614,0.4999159581616426,0.89,0.10999999999999999
3293,0.9687076071912202,100,4,0.9868870993047636,0.7118885620421382,0.62,0.38
3294,0.2618748926842451,100,2,0.30253782309549804,0.4364698170612175,0.91,0.08999999999999997
3295,1.6848655605641862,100,7,1.676594243892838,0.861599002763195,0.3,0.7
3296,0.3146931633176736,100,2,0.34651533691666614,0.4999159581616426,0.89,0.10999999999999999
3297,0.9575605237339128,100,3,0.9860992656282543,0.8975862329227544,0.51,0.49
3298,2.580960592586232,100,17,2.591942280073412,0.9148419004559026,0.14,0.86
3299,0.3798155893809028,100,3,0.4109701249290567,0.3740811286821593,0.89,0.10999999999999999
3300,0.6109416844720827,100,2,0.6191006644235872,0.8931734583749716,0.69,0.31000000000000005
3301,1.6728324626863866,100,6,1.6816936784710896,0.9385711125587716,0.27,0.73
3302,1.0532713768658128,100,5,1.1254756260050418,0.6992973244322809,0.61,0.39
3303,0.7912825826180235,100,3,0.8139083919926098,0.7408513452724459,0.66,0.33999999999999997
3304,0.9632319422664782,100,4,0.9667288242272079,0.6973474402985056,0.64,0.36
3305,0.6475946280317382,100,2,0.6474466390326326,0.9340680553726057,0.65,0.35
3306,0.0,100,1,-1.000088900581841e-12,0.0,1.0,0.0
3307,1.6491331825941036,100,6,1.652520790887015,0.9222894139909146,0.3,0.7
3308,1.7572210949091958,100,8,1.8052354675853888,0.8681347522407699,0.41,0.5900000000000001
3309,0.9064692252391057,100,6,0.9718654148805825,0.5424084156224898,0.7,0.30000000000000004
3310,0.0,100,1,-1.000088900581841e-12,0.0,1.0,0.0
3311,0.1266456686312341,100,2,0.167944147732173,0.24229218907952946,0.96,0.040000000000000036
3312,0.467300933035508,100,2,0.48622296465979226,0.701471459881012,0.81,0.18999999999999995
3313,2.0489105382053823,100,10,2.0514700887075197,0.8909421393152502,0.22,0.78
3314,1.7151996341323432,100,8,1.7401883697896805,0.8368537104360739,0.32,0.6799999999999999
3315,2.199753307208111,100,12,2.225403951579399,0.8955684318238912,0.22,0.78
3316,1.342801420010655,100,5,1.3725193719194686,0.8527942341333826,0.45,0.55
3317,1.349162011347924,100,5,1.3549846039539504,0.8418992702270093,0.45,0.55
3318,0.0,100,1,-1.000088900581841e-12,0.0,1.0,0.0
3319,1.9735796592216441,100,10,1.9885575333669405,0.8636195636884038,0.24,0.76
3320,0.3789769385708655,100,2,0.38638670628660376,0.5574381850251038,0.87,0.13
3321,0.3480278950833813,100,2,0.34651533691666614,0.4999159581616426,0.89,0.10999999999999999
3322,0.0,100,1,-1.000088900581841e-12,0.0,1.0,0.0
3323,0.0,100,1,-1.000088900581841e-12,0.0,1.0,0.0
3324,1.2998282030391612,100,6,1.3273645498324402,0.7408162605688975,0.55,0.44999999999999996
3325,0.0,100,1,-1.000088900581841e-12,0.0,1.0,0.0
3326,0.6615120743013467,100,2,0.6687480868498095,0.964799548502202,0.61,0.39
3327,2.0835546651732013,100,9,2.0870208191311153,0.9498441081800074,0.21,0.79
3328,0.944452303692752,100,4,0.9510367227027422,0.6860279817732692,0.68,0.31999999999999995
3329,2.2544393483739893,100,12,2.2622943565201528,0.9104142228896849,0.2,0.8
3330,0.6661984124867059,100,2,0.6730116670072565,0.9709505944517833,0.6,0.4
3331,2.407589175843308,100,15,2.4135132965735417,0.8912365419190574,0.2,0.8
3332,1.6386256412124183,100,6,1.6440536210081476,0.9175637965047041,0.3,0.7
3333,1.299814732303192,100,6,1.3155479908163286,0.7342213134127357,0.49,0.51
3334,3.078954209996518,100,27,3.095067678323257,0.9390840032915608,0.1,0.9
3335,0.727204316979479,100,3,0.7476345575498096,0.6805263014636364,0.61,0.39
3336,0.5141148354648746,100,2,0.5392763414950504,0.7780113035436524,0.77,0.22999999999999998
3337,1.4547219995558036,100,6,1.4711741503922426,0.8210779268414135,0.41,0.5900000000000001
3338,0.0,100,1,-1.000088900581841e-12,0.0,1.0,0.0
3339,0.6917422169537524,100,2,0.6923469670879616,0.9988455359923166,0.52,0.48
3340,2.2370294941128424,100,11,2.2326141637996995,0.9310724238570326,0.21,0.79
3341,1.2744428608428724,100,5,1.2967795864744949,0.8057344595003708,0.48,0.52
3342,2.374111125389584,100,13,2.3786022290534214,0.9273486129985279,0.19,0.81
3343,1.9328806543418768,100,8,1.9368088511403787,0.9314081748966917,0.22,0.78
3344,1.511455112125206,100,6,1.5294797335600074,0.8536188923946105,0.41,0.5900000000000001
3345,1.6181512758961432,100,7,1.6611231960341624,0.8536484569138985,0.38,0.62
3346,2.1091254337197234,100,12,2.125142753111159,0.8552203573894679,0.28,0.72
3347,2.1560806587984898,100,11,2.168096143046517,0.9041663193723738,0.23,0.77
3348,0.0,100,1,-1.000088900581841e-12,0.0,1.0,0.0
3349,1.5405237449404128,100,5,1.553093063655529,0.9649909770713951,0.28,0.72
3350,2.118337790583572,100,10,2.1176833492986566,0.9196981930188031,0.23,0.77
3351,1.081187472283106,100,5,1.1387276184045665,0.707531250262624,0.64,0.36
3352,0.5958537083258469,100,3,0.6043211815493517,0.5500768449276984,0.75,0.25
3353,1.4480605664627675,100,5,1.463885645814371,0.9095632919448273,0.29,0.71
3354,0.1602443017488511,100,2,0.167944147732173,0.24229218907952946,0.96,0.040000000000000036
3355,0.139588337091235,100,2,0.167944147732173,0.24229218907952946,0.96,0.040000000000000036
3356,0.0928267546472159,100,2,0.09803911327773202,0.14144054253893532,0.98,0.020000000000000018
3357,0.6615361941961617,100,2,0.6640641265621081,0.9580420222234144,0.62,0.38
3358,2.040982363286096,100,10,2.0575026688340046,0.8935620555758218,0.25,0.75
3359,2.0307423412024304,100,9,2.0286062486282472,0.9232584914408727,0.22,0.78
3360,0.0,100,1,-1.000088900581841e-12,0.0,1.0,0.0
3361,1.5542773806860166,100,7,1.6246275308230465,0.8348933950582247,0.45,0.55
3362,1.0188984147248032,100,4,1.03017190824574,0.7431119516446246,0.53,0.47
3363,2.0009947997872786,100,10,2.002083489592091,0.8694938118394516,0.33,0.6699999999999999
3364,1.2111091055680951,100,5,1.221365706563489,0.7588771813609796,0.58,0.42000000000000004
3365,0.0,100,1,-1.000088900581841e-12,0.0,1.0,0.0
3366,1.4706415188262116,100,6,1.4941385743571933,0.8338946158888805,0.36,0.64
3367,1.5044041229472287,100,10,1.5587574518846223,0.676959759979065,0.56,0.43999999999999995
3368,0.332276757593566,100,2,0.34651533691666614,0.4999159581616426,0.89,0.10999999999999999
3369,0.5329325019634539,100,2,0.5269079614293803,0.7601675029590803,0.78,0.21999999999999997
3370,1.1955777154886165,100,4,1.209458778980354,0.8724400912972887,0.42,0.5800000000000001
3371,0.0,100,1,-1.000088900581841e-12,0.0,1.0,0.0
3372,1.0003256055063423,100,5,1.0605372966319535,0.6589488718008425,0.67,0.32999999999999996
3373,0.9115755027797651,100,5,0.9499719290691963,0.5902507463816773,0.66,0.33999999999999997
3374,0.0,100,1,-1.000088900581841e-12,0.0,1.0,0.0
3375,1.6477060468797324,100,7,1.6605219441779977,0.8533394745816687,0.35,0.65
3376,1.3267952433265398,100,5,1.362583604319887,0.8466207946220969,0.4,0.6
3377,1.0968897276996548,100,4,1.1023200254899383,0.795155817123465,0.42,0.5800000000000001
3378,3.121601766643247,100,31,3.148806545004558,0.916953488030441,0.12,0.88
3379,0.0,100,1,-1.000088900581841e-12,0.0,1.0,0.0
3380,0.5379727610927602,100,2,0.5392763414950504,0.7780113035436524,0.77,0.22999999999999998
3381,0.792024671756851,100,3,0.7988324068216407,0.7271285921897853,0.71,0.29000000000000004
3382,0.573529987109159,100,3,0.6043211815493517,0.5500768449276984,0.75,0.25
3383,0.3901191738664546,100,2,0.4049634850619386,0.5842388116399706,0.86,0.14
3384,0.6341413953845669,100,2,0.6341786357102057,0.9149263727768423,0.67,0.32999999999999996
3385,0.6807314907704051,100,2,0.683314913572166,0.9858150371760346,0.57,0.43000000000000005
3386,1.302983710541436,100,5,1.3018975026582167,0.8089143996174651,0.46,0.54
3387,0.6821524644329804,100,2,0.6881388137115885,0.9927744539849229,0.55,0.44999999999999996
3388,2.10463155631188,100,9,2.120348889188936,0.9650123665372055,0.23,0.77
3389,2.3061237510453303,100,11,2.313609581395084,0.9648501365512414,0.15,0.85
3390,0.96604033858157,100,3,0.9727082143314546,0.8853971727466351,0.52,0.48
3391,0.0551593566651056,100,2,0.05600153435284737,0.08079313589302582,0.99,0.010000000000000009
3392,0.5102188561122801,100,2,0.5392763414950504,0.7780113035436524,0.77,0.22999999999999998
3393,2.4061747600305505,100,13,2.4204654650194204,0.94366988493484,0.16,0.84
3394,0.0462744810714234,100,2,0.05600153435284737,0.08079313589302582,0.99,0.010000000000000009
3395,2.2214395737925843,100,11,2.2310750931788235,0.9304305815554379,0.18,0.8200000000000001
3396,0.3802887010057287,100,4,0.4734483043646021,0.34152076041205004,0.88,0.12
3397,0.9371333694723858,100,3,0.9457535104985698,0.8608619439758347,0.6,0.4
3398,2.182231824194304,100,11,2.1931404150486458,0.9146105920169009,0.21,0.79
3399,0.0,100,1,-1.000088900581841e-12,0.0,1.0,0.0
3400,2.281179746566268,100,13,2.3048798924989193,0.8986063938431902,0.2,0.8
3401,1.516048438480339,100,6,1.5595689307174274,0.8704119930725621,0.36,0.64
3402,1.07467574708151,100,4,1.1033289619818016,0.7958836109601565,0.54,0.45999999999999996
3403,2.3985460532223355,100,13,2.402179332475049,0.9365406476689361,0.17,0.83
3404,2.2596739774838355,100,13,2.268025551905508,0.8842379461831222,0.25,0.75
3405,2.3517694342840034,100,14,2.342996717696619,0.8878157709587152,0.2,0.8
3406,1.6744333748967464,100,8,1.751524199397046,0.8423050921557101,0.32,0.6799999999999999
3407,1.8619619208056664,100,8,1.8628113015215575,0.895822875605689,0.32,0.6799999999999999
3408,1.5630150573303432,100,7,1.5883096102474972,0.8162296758761336,0.32,0.6799999999999999
3409,1.386124576887318,100,5,1.4224792076129207,0.8838360253745826,0.35,0.65
3410,1.0509408299483107,100,4,1.0667335900538528,0.769485630160187,0.58,0.42000000000000004
3411,1.8475440780358243,100,8,1.8519659120229268,0.8906073457236277,0.35,0.65
3412,0.6886345950927591,100,2,0.6859298002503729,0.9895875212191703,0.56,0.43999999999999995
3413,0.9022356480669288,100,4,0.9249010875906711,0.667175106189935,0.63,0.37
3414,1.0829876810774195,100,4,1.0863411796941318,0.7836295163290952,0.55,0.44999999999999996
3415,1.3470535498458778,100,6,1.3900024673106497,0.7757751479385263,0.5,0.5
3416,1.4483310093626234,100,6,1.4613604649177288,0.8156008046924555,0.4,0.6
3417,0.798329874658933,100,4,0.8481123275503755,0.6117837245368615,0.74,0.26
3418,0.0,100,1,-1.000088900581841e-12,0.0,1.0,0.0
3419,1.345879746070101,100,5,1.3505573125966788,0.8391484394412626,0.43,0.5700000000000001
3420,1.4522403924462626,100,5,1.4478992146296044,0.8996303637707986,0.32,0.6799999999999999
3421,1.80064764292719,100,10,1.8409504430788233,0.7995146188864793,0.4,0.6
3422,1.1462716382421752,100,5,1.1673360802661825,0.7253066870412623,0.59,0.41000000000000003
3423,1.3383738995549,100,5,1.3450751697684808,0.8357421925858578,0.44,0.56
3424,1.5906962207904671,100,5,1.5977977509909143,0.9927675610514347,0.24,0.76
3425,1.1637138637843618,100,4,1.1591423418675,0.8361444541483308,0.5,0.5
3426,1.2271734280435094,100,4,1.2269631650310213,0.8850668367718406,0.37,0.63
3427,2.3836777945351835,100,18,2.429496957269385,0.8405482618740229,0.24,0.76
3428,1.2477748316477448,100,5,1.2623838380319927,0.7843631793927198,0.42,0.5800000000000001
3429,1.5656512227094705,100,8,1.593648498098928,0.7663829283758228,0.5,0.5
3430,2.369360738606805,100,14,2.4132399947788237,0.914432577003033,0.21,0.79
3431,1.2247505247155848,100,4,1.2267148696638106,0.8848877295243653,0.41,0.5900000000000001
3432,1.8952475065866805,100,7,1.890123134527963,0.9713311457086375,0.25,0.75
3433,1.109446739102325,100,5,1.1598926810500076,0.7206818430763793,0.6,0.4
3434,1.5136206696374368,100,5,1.5168555114508975,0.9424753199437299,0.31,0.69
3435,2.1191184700802577,100,9,2.124388364666569,0.9668508110545747,0.19,0.81
3436,1.0565483045870971,100,4,1.0643413203623795,0.7677599723500083,0.46,0.54
3437,2.673623547930594,100,19,2.694212105446292,0.915017130431079,0.15,0.85
3438,0.6899897421127617,100,2,0.6899437584563995,0.9953784388173404,0.54,0.45999999999999996
3439,1.9532809728869391,100,8,1.9650189132509523,0.9449743471333898,0.24,0.76
3440,1.9034325947143398,100,9,1.9198449124586645,0.8737590741799215,0.23,0.77
3441,0.1508743548804001,100,2,0.167944147732173,0.24229218907952946,0.96,0.040000000000000036
3442,1.7941522999258452,100,7,1.8090503832046188,0.9296679931922159,0.26,0.74
3443,0.5198905984815404,100,2,0.5392763414950504,0.7780113035436524,0.77,0.22999999999999998
3444,0.1607266260307402,100,2,0.167944147732173,0.24229218907952946,0.96,0.040000000000000036
3445,2.926827784833248,100,25,2.911410875532957,0.904480642912706,0.13,0.87
3446,2.988133541566116,100,25,2.9837915780406243,0.9269669724406961,0.15,0.85
3447,0.6667190961928872,100,3,0.7166009508896592,0.6522782953378596,0.76,0.24
3448,0.4264249758564555,100,2,0.47139348680809423,0.6800770457253945,0.82,0.18000000000000005
3449,1.2426383403943353,100,4,1.2565413888803727,0.9064030152047221,0.41,0.5900000000000001
3450,2.2896763641177973,100,15,2.317264196489846,0.8556946970727096,0.2,0.8
3451,0.4242841706398981,100,3,0.45661324479615567,0.4156272868108235,0.87,0.13
3452,0.500931663821172,100,2,0.5139566706152255,0.7414827399283883,0.79,0.20999999999999996
3453,0.0,100,1,-1.000088900581841e-12,0.0,1.0,0.0
3454,0.9057566092376894,100,4,0.9364208859411886,0.6754848841661012,0.7,0.30000000000000004
3455,0.5759617233402828,100,2,0.5730569171294204,0.8267463724897325,0.74,0.26
3456,2.6496049100004107,100,18,2.6534168969079133,0.9180192442923932,0.19,0.81
3457,1.9529581555091398,100,13,2.0059848283572377,0.7820758029868116,0.4,0.6
3458,1.6817109277664437,100,6,1.6853835257199083,0.9406304555186882,0.29,0.71
3459,0.7547787093830176,100,3,0.7909873504325756,0.7199877141293588,0.65,0.35
3460,0.9747429809678864,100,4,0.97793677279306,0.7054322662057524,0.64,0.36
3461,1.435318775141332,100,5,1.4310041521752213,0.8891328712463239,0.42,0.5800000000000001
3462,0.0,100,1,-1.000088900581841e-12,0.0,1.0,0.0
3463,0.0,100,1,-1.000088900581841e-12,0.0,1.0,0.0
3464,0.8642301592464364,100,3,0.8979277705476509,0.8173290794300541,0.64,0.36
3465,3.0512178710356648,100,28,3.067162740446528,0.9204605332837928,0.1,0.9
3466,0.1533367146689709,100,2,0.167944147732173,0.24229218907952946,0.96,0.040000000000000036
3467,0.2761569929005019,100,3,0.3316944308182259,0.30192128218441094,0.92,0.07999999999999996
3468,1.2650258840253807,100,4,1.2642412233209528,0.9119572716862676,0.45,0.55
3469,1.6795601819743442,100,7,1.6839384734590948,0.8653731901632773,0.31,0.69
3470,2.297974633474746,100,14,2.316115429281554,0.8776298276245535,0.23,0.77
3471,0.8159492586053433,100,5,0.8838922410743202,0.5491931277656614,0.73,0.27
3472,1.245640064090103,100,4,1.2558102818684922,0.9058756329745226,0.47,0.53
3473,2.603662208282058,100,16,2.606656325087921,0.9401525383765484,0.16,0.84
3474,1.0632460590860529,100,3,1.0712737216694141,0.9751153639180213,0.43,0.5700000000000001
3475,0.0,100,1,-1.000088900581841e-12,0.0,1.0,0.0
3476,0.6180431556158932,100,3,0.6390318596471769,0.581671865715156,0.8,0.19999999999999996
3477,0.0,100,1,-1.000088900581841e-12,0.0,1.0,0.0
3478,1.3562776469396205,100,8,1.4426021825914945,0.693745004933448,0.58,0.42000000000000004
3479,2.0068850345329152,100,9,2.014880041166774,0.9170114252087473,0.28,0.72
3480,1.8018272817007208,100,7,1.8128879175735881,0.9316400957432162,0.26,0.74
3481,1.4602463571025848,100,5,1.4673653377382199,0.9117253460986195,0.37,0.63
3482,2.233597143467549,100,11,2.248342215171337,0.93763153073299,0.2,0.8
3483,1.4844624227503822,100,5,1.488932596554652,0.9251258374439577,0.33,0.6699999999999999
3484,1.8400256253487672,100,8,1.8475767458265,0.8884966029552201,0.29,0.71
3485,1.277108673275712,100,4,1.2845070052649261,0.9265759432414213,0.44,0.56
3486,1.8113660637826683,100,9,1.8396783929462726,0.837273718818759,0.33,0.6699999999999999
3487,1.0051471756363488,100,4,1.019578612274568,0.7354705038624852,0.59,0.41000000000000003
3488,0.691641275599526,100,2,0.6923469670879616,0.9988455359923166,0.52,0.48
3489,1.6328821213097762,100,7,1.6520714357258988,0.8489967722959535,0.41,0.5900000000000001
3490,0.0,100,1,-1.000088900581841e-12,0.0,1.0,0.0
3491,2.471360234626736,100,14,2.4937944423331526,0.9449565245695958,0.19,0.81
3492,1.7222126508945645,100,10,1.7462876361226822,0.7584030841839545,0.38,0.62
3493,0.8465517269580832,100,4,0.8558588468524728,0.6173716570275047,0.48,0.52
3494,1.6783773589063262,100,7,1.6698389709725734,0.8581274792072158,0.32,0.6799999999999999
3495,1.1875535916202666,100,4,1.1872821865519883,0.8564430613371793,0.39,0.61
3496,0.0,100,1,-1.000088900581841e-12,0.0,1.0,0.0
3497,0.0,100,1,-1.000088900581841e-12,0.0,1.0,0.0
3498,1.5650617185872882,100,5,1.5655336373432354,0.9727207401095302,0.27,0.73
3499,1.22794077006257,100,4,1.2268801651911068,0.885006965043121,0.39,0.61
3500,1.678080130043538,100,6,1.6967025282678034,0.9469477111226291,0.3,0.7
3501,2.6381358283216745,100,18,2.6652350595990577,0.9221080479761612,0.14,0.86
3502,3.408997528570852,100,38,3.443717912663488,0.9467041497987555,0.09,0.91
3503,1.1697601453256583,100,4,1.17649302900855,0.8486603292955353,0.44,0.56
3504,1.6144185493991534,100,6,1.6177037466949868,0.9028576516422393,0.28,0.72
3505,0.2432428499751729,100,2,0.2787693717665874,0.40217919019938747,0.92,0.07999999999999996
3506,1.7370835729664307,100,7,1.7413206886583634,0.8948618154356858,0.27,0.73
3507,1.980528573069428,100,8,1.9857326672136961,0.9549355571734713,0.25,0.75
3508,0.677024426105603,100,3,0.698482733175374,0.635786382857752,0.77,0.22999999999999998
3509,1.126227125721897,100,4,1.1304729163925678,0.8154638351694207,0.43,0.5700000000000001
3510,0.6242301979664036,100,2,0.6268694575704263,0.9043814577216086,0.68,0.31999999999999995
3511,0.5682141806946137,100,3,0.5926491777037752,0.5394525291741155,0.76,0.24
3512,2.594511628436244,100,15,2.609942917499113,0.963771984890396,0.11,0.89
3513,2.3451631118594274,100,12,2.3656272182198386,0.9519984255431333,0.15,0.85
3514,2.2175381895950617,100,14,2.2690334059095836,0.859789357528046,0.26,0.74
3515,0.684911733061151,100,2,0.6859298002503729,0.9895875212191703,0.56,0.43999999999999995
3516,1.0019186882108029,100,3,1.0104127537775416,0.9197173235723625,0.45,0.55
3517,0.9653694944321468,100,3,0.9732531211291693,0.8858931682887706,0.48,0.52
3518,2.9000275044646826,100,24,2.9111910132053986,0.9160294849022963,0.11,0.89
3519,0.7077426903333635,100,4,0.7446652512335286,0.5371624325384728,0.79,0.20999999999999996
3520,0.2899053606851256,100,3,0.3339327117203709,0.30395865326175303,0.91,0.08999999999999997
3521,1.5816336147822974,100,11,1.6098227157444285,0.6713482169159737,0.41,0.5900000000000001
3522,1.0543731014203228,100,3,1.0586197594746096,0.9635972311560572,0.47,0.53
3523,2.1396368209886147,100,11,2.161830248212072,0.9015532382651523,0.23,0.77
3524,1.1227442414338624,100,5,1.1698888342631535,0.7268928022789171,0.47,0.53
3525,1.1886806893827686,100,5,1.2186548019778685,0.7571928016376757,0.48,0.52
3526,2.249501611489721,100,13,2.273012322556588,0.8861821446666412,0.26,0.74
3527,1.44179281187007,100,6,1.464510034848948,0.8173586131401352,0.41,0.5900000000000001
3528,1.8573993156700483,100,8,1.8624437821332835,0.8956461361393911,0.3,0.7
3529,0.42502390717993715,100,3,0.4216413247810435,0.3837944733826122,0.87,0.13
3530,1.990408927321132,100,9,2.0019977431432676,0.9111484387137008,0.23,0.77
3531,0.7737859958023847,100,3,0.7883658292175628,0.7176015026860197,0.58,0.42000000000000004
3532,1.168492528049753,100,4,1.1753790049607704,0.8478567308109539,0.49,0.51
3533,1.5731829805440414,100,9,1.6222196678095848,0.7383039879229207,0.44,0.56
3534,0.0,100,1,-1.000088900581841e-12,0.0,1.0,0.0
3535,1.6864666588555244,100,8,1.7071979402846496,0.8209886674215056,0.34,0.6599999999999999
3536,0.6806507777069911,100,2,0.6802920001901536,0.9814538950307683,0.58,0.42000000000000004
3537,0.0,100,1,-1.000088900581841e-12,0.0,1.0,0.0
3538,1.4158045849105123,100,5,1.4152849716059612,0.879365995215992,0.46,0.54
3539,1.6864884798889375,100,9,1.6926836350315853,0.7703735214375269,0.5,0.5
3540,2.447257887817049,100,16,2.463718162370025,0.8885984937498262,0.24,0.76
3541,0.9787325037763948,100,3,0.9904598575877845,0.9015554147756324,0.56,0.43999999999999995
3542,1.7201533647594986,100,6,1.7297294950164033,0.9653804122277774,0.3,0.7
3543,0.5837284163753031,100,2,0.5929533174454745,0.8554508105572454,0.72,0.28
3544,0.5349117259137939,100,3,0.5588717879176501,0.5087070240177197,0.83,0.17000000000000004
3545,0.40394936133762754,100,3,0.4344052086239666,0.3954126611405493,0.88,0.12
3546,2.590435056417346,100,18,2.598717516088797,0.8990945572967901,0.23,0.77
3547,0.0506854916304235,100,2,0.05600153435284737,0.08079313589302582,0.99,0.010000000000000009
3548,2.8982836701205934,100,25,2.928983266113044,0.9099398129882732,0.17,0.83
3549,0.0,100,1,-1.000088900581841e-12,0.0,1.0,0.0
3550,1.8159538743741763,100,8,1.8342139840294411,0.8820704728961545,0.3,0.7
3551,0.5313339020288413,100,3,0.5849442410963861,0.5324391936353967,0.8,0.19999999999999996
3552,0.0836413195316662,100,2,0.09803911327773202,0.14144054253893532,0.98,0.020000000000000018
3553,2.3256007004595696,100,14,2.3247119352248062,0.8808872430079874,0.19,0.81
3554,1.8307288161454582,100,7,1.83409090361546,0.9425362751234231,0.24,0.76
3555,0.1214542389172973,100,2,0.1347421681777668,0.19439185782869087,0.97,0.030000000000000027
3556,1.8247001553115603,100,8,1.848587179378508,0.8889825187800968,0.27,0.73
3557,1.5446610232762137,100,7,1.49836102673724,0.7700052479117053,0.5,0.5
3558,0.1479513660683643,100,2,0.167944147732173,0.24229218907952946,0.96,0.040000000000000036
3559,1.6291877276546327,100,9,1.6934280929035284,0.7707123388163338,0.47,0.53
3560,1.9564248513430667,100,8,1.9601693707770844,0.9426422101741799,0.2,0.8
3561,0.0,100,1,-1.000088900581841e-12,0.0,1.0,0.0
3562,1.7033407525051032,100,6,1.713078111429732,0.9560870981012751,0.25,0.75
3563,0.0,100,1,-1.000088900581841e-12,0.0,1.0,0.0
3564,1.4684261035893302,100,5,1.490191712665092,0.9259081702700409,0.37,0.63
3565,1.0791864462006544,100,3,1.0857155275592798,0.9882608621423076,0.38,0.62
3566,1.99928495858617,100,9,2.0020375978438962,0.9111665773696396,0.21,0.79
3567,0.5544169771158498,100,4,0.647971629646251,0.4674127283636932,0.82,0.18000000000000005
3568,1.014286328121885,100,4,1.0327636685208699,0.7449815114926761,0.48,0.52
3569,1.623749715142039,100,6,1.6385540354201904,0.914494419346437,0.35,0.65
3570,1.1942347714241277,100,5,1.2261702578008544,0.7618624168896363,0.55,0.44999999999999996
3571,1.1936573036201372,100,7,1.2115932628253725,0.6226357693923167,0.64,0.36
3572,0.3980506550740186,100,5,0.4339729709209706,0.2696425674878216,0.9,0.09999999999999998
3573,0.6873141792587303,100,2,0.6913460989997393,0.9974015885648543,0.53,0.47
3574,0.1522738296809675,100,2,0.167944147732173,0.24229218907952946,0.96,0.040000000000000036
3575,1.447011533163585,100,6,1.4594905737329604,0.8145571985517419,0.43,0.5700000000000001
3576,1.0494426247961717,100,4,1.0626844761363892,0.7665648118758274,0.49,0.51
3577,1.231072539098189,100,5,1.2293376275793042,0.7638304143836555,0.49,0.51
3578,2.624855971168756,100,16,2.636188124780294,0.9508038836177265,0.17,0.83
3579,0.0,100,1,-1.000088900581841e-12,0.0,1.0,0.0
3580,1.5412507107599822,100,6,1.5728736350807715,0.8778374899608672,0.4,0.6
3581,1.926588008973442,100,9,1.9483805360169948,0.886746196139446,0.26,0.74
3582,0.1314314324721614,100,2,0.167944147732173,0.24229218907952946,0.96,0.040000000000000036
3583,0.8087298084028602,100,3,0.8237197315088312,0.7497820113658645,0.6,0.4
3584,2.106315802773488,100,9,2.1168060132421855,0.9633999342063029,0.17,0.83
3585,2.4130377441317465,100,18,2.4417212303087847,0.844777570095709,0.19,0.81
3586,1.8014914750892703,100,10,1.8138751832381437,0.7877559829415756,0.38,0.62
3587,1.7069900333062125,100,7,1.7197399786116914,0.8837715243155387,0.26,0.74
3588,0.0,100,1,-1.000088900581841e-12,0.0,1.0,0.0
3589,0.1246472239253814,100,2,0.1347421681777668,0.19439185782869087,0.97,0.030000000000000027
3590,0.385639088848962,100,3,0.4013453092364489,0.36532024388969414,0.88,0.12
3591,0.0,100,1,-1.000088900581841e-12,0.0,1.0,0.0
3592,0.936069556052111,100,6,0.9308170917196891,0.5194989102642854,0.75,0.25
3593,0.0822714668784334,100,2,0.09803911327773202,0.14144054253893532,0.98,0.020000000000000018
3594,0.0,100,1,-1.000088900581841e-12,0.0,1.0,0.0
3595,1.3707652239488148,100,7,1.410100962616136,0.7246485472624221,0.49,0.51
3596,0.5104846805642007,100,2,0.5269079614293803,0.7601675029590803,0.78,0.21999999999999997
3597,1.7714247993470804,100,7,1.7963655087860402,0.9231492572553399,0.31,0.69
3598,0.10044764217891271,100,2,0.167944147732173,0.24229218907952946,0.96,0.040000000000000036
3599,1.6820847081932182,100,9,1.6931045311156898,0.7705650795005697,0.34,0.6599999999999999
3600,0.5438439259702852,100,4,0.5807150411874491,0.4188973550453815,0.84,0.16000000000000003
3601,2.9329158362232177,100,24,2.946673980158077,0.9271944836237918,0.13,0.87
3602,1.9621413541672907,100,10,1.9924021100041873,0.8652892421072143,0.29,0.71
3603,0.3768512976895045,100,2,0.38638670628660376,0.5574381850251038,0.87,0.13
3604,1.5801311489237608,100,6,1.591777301771103,0.8883878272215241,0.33,0.6699999999999999
3605,0.0,100,1,-1.000088900581841e-12,0.0,1.0,0.0
3606,1.950970811876359,100,8,1.9479296095217424,0.9367561292192643,0.26,0.74
3607,1.0033841423207472,100,4,1.0129309259648007,0.7306752118262418,0.58,0.42000000000000004
3608,0.0,100,1,-1.000088900581841e-12,0.0,1.0,0.0
3609,1.9917542506503505,100,10,2.0174029577232067,0.8761469723144878,0.22,0.78
3610,0.6342898607039906,100,2,0.6410354778791556,0.9248187049701446,0.66,0.33999999999999997
3611,1.978620953783496,100,8,1.9796156374642695,0.9519938876786487,0.21,0.79
3612,1.811566788151041,100,8,1.8273304900314558,0.8787602120111936,0.31,0.69
3613,0.8697404998305654,100,8,1.0176637547883576,0.4893928174418686,0.75,0.25
3614,1.1107477325018222,100,5,1.1613004111080618,0.7215565149398779,0.55,0.44999999999999996
3615,1.624702270339643,100,9,1.6444665854637395,0.748428996483095,0.4,0.6
3616,1.717934308713989,100,7,1.737880972113018,0.8930941508048109,0.3,0.7
3617,0.7943159886756966,100,3,0.7983573257681744,0.7266961547790931,0.55,0.44999999999999996
3618,1.896503104339029,100,10,1.910230050955739,0.8296023702958449,0.29,0.71
3619,2.742350018702618,100,19,2.7380492891174346,0.9299052581801394,0.14,0.86
3620,1.60872350442067,100,7,1.6461546516129881,0.8459561467481691,0.35,0.65
3621,0.9683406931978983,100,6,1.004413050543428,0.5605735969550423,0.55,0.44999999999999996
3622,0.0,100,1,-1.000088900581841e-12,0.0,1.0,0.0
3623,2.268897329423552,100,13,2.305549131083965,0.8988673107237122,0.21,0.79
3624,1.1745835403595764,100,4,1.1730378030414585,0.8461679106115985,0.45,0.55
3625,2.0111403665473078,100,12,2.031259096938928,0.8174387947781558,0.28,0.72
3626,2.392544742813234,100,14,2.408499448043149,0.9126362739510014,0.25,0.75
3627,0.48931869726261307,100,2,0.48622296465979226,0.701471459881012,0.81,0.18999999999999995
3628,0.245266223444312,100,3,0.2685563533312012,0.24445052736191625,0.94,0.06000000000000005
3629,1.0899581468590431,100,5,1.1235035451938775,0.6980720017305297,0.63,0.37
3630,1.1906864808312605,100,4,1.2097760532736235,0.8726689563220396,0.45,0.55
3631,1.8344605111232115,100,8,1.8536468403100919,0.8914157013582886,0.23,0.77
3632,2.038916489787424,100,9,2.043906047324607,0.9302217299073332,0.22,0.78
3633,0.0,100,1,-1.000088900581841e-12,0.0,1.0,0.0
3634,0.0,100,1,-1.000088900581841e-12,0.0,1.0,0.0
3635,2.1050519517992905,100,10,2.1058707801282703,0.9145680594110038,0.19,0.81
3636,1.8121185490132492,100,7,1.8143718100938453,0.9324026656496313,0.25,0.75
3637,0.8791968378022256,100,5,0.9270813171844975,0.5760280095442685,0.66,0.33999999999999997
3638,1.954039317112774,100,13,1.985634983341398,0.7741419835698156,0.4,0.6
3639,0.591419794966679,100,2,0.5929533174454745,0.8554508105572454,0.72,0.28
3640,0.0,100,1,-1.000088900581841e-12,0.0,1.0,0.0
3641,1.222164105325432,100,4,1.257239097078191,0.9069063052832121,0.46,0.54
3642,0.2593604579880766,100,2,0.2787693717665874,0.40217919019938747,0.92,0.07999999999999996
3643,1.6219629652916423,100,6,1.6537808539962486,0.9229926686023031,0.34,0.6599999999999999
3644,0.4867637890109127,100,2,0.5004024235361879,0.7219280948844771,0.8,0.19999999999999996
3645,1.009541401267274,100,3,1.0246408264419946,0.9326682734308446,0.52,0.48
3646,1.5626976942858282,100,6,1.5554085761758674,0.8680900549926968,0.32,0.6799999999999999
3647,0.0,100,1,-1.000088900581841e-12,0.0,1.0,0.0
3648,0.0,100,1,-1.000088900581841e-12,0.0,1.0,0.0
3649,2.261748476705049,100,12,2.2594441538511534,0.9092672169571914,0.24,0.76
3650,1.741078689265282,100,7,1.757497734520091,0.903175172488467,0.31,0.69
3651,2.1856944106612435,100,10,2.1824300474636753,0.9478173267533261,0.15,0.85
3652,1.0315017348045954,100,5,1.0351452666332916,0.6431719165032882,0.66,0.33999999999999997
3653,2.1299479061367816,100,11,2.157447056026784,0.8997253051460496,0.28,0.72
3654,1.595813399424773,100,6,1.6197291627701578,0.9039880578769799,0.3,0.7
3655,0.6814248542568974,100,3,0.6843433100902842,0.6229161253238301,0.7,0.30000000000000004
3656,0.885378928148603,100,4,0.9336745647848936,0.6735038322096636,0.7,0.30000000000000004
3657,2.098195293937991,100,10,2.1115166727033845,0.9170200394017944,0.22,0.78
3658,0.5429508577925922,100,2,0.5392763414950504,0.7780113035436524,0.77,0.22999999999999998
3659,0.5625816627032612,100,2,0.5730569171294204,0.8267463724897325,0.74,0.26
3660,0.7461088954023847,100,3,0.7946320768566271,0.7233052870908537,0.71,0.29000000000000004
3661,1.8867250747883368,100,8,1.8982324956342156,0.9128568693019213,0.24,0.76
3662,0.9760346507227243,100,4,0.9840521973872168,0.7098436125732126,0.64,0.36
3663,1.6653631607123918,100,7,1.6768988235136189,0.8617555257254339,0.38,0.62
3664,0.0507571044710583,100,2,0.05600153435284737,0.08079313589302582,0.99,0.010000000000000009
3665,0.0,100,1,-1.000088900581841e-12,0.0,1.0,0.0
3666,0.5121683651483391,100,2,0.5269079614293803,0.7601675029590803,0.78,0.21999999999999997
3667,0.9912652838514356,100,3,0.9999439247046984,0.9101881846934091,0.55,0.44999999999999996
3668,0.8623217004101363,100,4,0.8800718388597553,0.6348376387745,0.69,0.31000000000000005
3669,0.0,100,1,-1.000088900581841e-12,0.0,1.0,0.0
3670,0.8186292604522682,100,3,0.8258457867165729,0.7517172302139253,0.54,0.45999999999999996
3671,0.856598873349086,100,4,0.8787638401894156,0.6338941171769057,0.55,0.44999999999999996
3672,1.3757413761492232,100,5,1.3954726954088246,0.8670559358815672,0.44,0.56
3673,2.3131358105687707,100,14,2.35115692321083,0.890907861995404,0.19,0.81
3674,3.2757620046285285,100,33,3.296908085703844,0.942914616298178,0.1,0.9
3675,1.9775280735679344,100,9,1.970074616759327,0.8966195977780864,0.28,0.72
3676,1.0429235993629071,100,4,1.0563506597760208,0.7619959291493249,0.47,0.53
3677,0.41912008194818934,100,2,0.42270908780399086,0.609840304713515,0.85,0.15000000000000002
3678,0.3942743375428253,100,2,0.4049634850619386,0.5842388116399706,0.86,0.14
3679,0.0727582008499837,100,3,0.11190205688793092,0.1018576417196226,0.98,0.020000000000000018
3680,1.5336966593261832,100,6,1.5342206158407452,0.8562648291747188,0.45,0.55
3681,0.6882196095312435,100,2,0.6913460989997393,0.9974015885648543,0.53,0.47
3682,1.9102372323588812,100,9,1.9239962235252621,0.8756484172672951,0.33,0.6699999999999999
3683,2.230920725158988,100,11,2.248692575979279,0.9377776425385874,0.18,0.8200000000000001
3684,0.6807770775733396,100,2,0.6859298002503729,0.9895875212191703,0.56,0.43999999999999995
3685,0.559167847694195,100,6,0.6270762105787351,0.3499778967814797,0.85,0.15000000000000002
3686,1.6925265637616702,100,6,1.7022741121673652,0.9500572713036964,0.27,0.73
3687,2.0329136536143584,100,10,2.043774506329259,0.8875999903533397,0.3,0.7
3688,0.0,100,1,-1.000088900581841e-12,0.0,1.0,0.0
3689,1.33728458735034,100,5,1.354182551447054,0.8414009269851235,0.43,0.5700000000000001
3690,0.0,100,1,-1.000088900581841e-12,0.0,1.0,0.0
3691,0.2044151579078253,100,3,0.223535364519782,0.20347065732423456,0.95,0.050000000000000044
3692,0.6624307291228446,100,3,0.6632774833143359,0.6037411834510361,0.69,0.31000000000000005
3693,1.4461545146206405,100,7,1.4700338367134402,0.7554479519144818,0.53,0.47
3694,1.8566449793652675,100,8,1.869255958959691,0.8989221007144301,0.22,0.78
3695,0.0,100,1,-1.000088900581841e-12,0.0,1.0,0.0
3696,0.6720958704382803,100,2,0.6687480868498095,0.964799548502202,0.61,0.39
3697,2.017081674770923,100,11,2.002557571713607,0.8351313730964571,0.36,0.64
3698,2.306878182218324,100,16,2.314519561942001,0.8347864735135553,0.31,0.69
3699,1.8110925831401763,100,8,1.8385605163492484,0.884160713103771,0.24,0.76
3700,1.2521130514448144,100,4,1.2623092431385743,0.9105636425721609,0.36,0.64
3701,1.246067368963249,100,5,1.2653689239663874,0.7862179175664218,0.49,0.51
3702,0.6675697658048424,100,2,0.6640641265621081,0.9580420222234144,0.62,0.38
