id,oracle,num_nodes,num_edges,num_components,avg_degree,avg_clustering,ans_char_len_mean,ans_char_len_std,ans_word_len_mean,ans_word_len_std
1851,0.137186003263752,100,4278,4,85.56,0.9705304892496975,123.82,23.281486206855437,21.19,4.06864842423132
1852,0.0,100,4814,1,96.28,0.978710239053688,154.9,22.48621800125579,24.76,4.266427076606372
1853,1.0676407166615385,100,2226,3,44.52,0.8780579918418617,141.34,42.31175250447563,21.53,7.257348000475105
1854,0.5509248719088385,100,2037,7,40.74,0.7426189509279757,231.02,71.77924212472573,39.27,11.832037018197669
1855,0.0,100,1581,7,31.62,0.9322848637801202,134.41,54.12709025986895,22.82,8.979287276838846
1856,0.6702891014510198,100,2698,5,53.96,0.96,92.93,19.517814939178002,16.51,3.7696021010180902
1857,0.7836275362681947,100,3120,1,62.4,0.8264542692200796,415.2,67.17216685503007,66.02,11.16421067518882
1858,1.8390398465728,100,1257,16,25.14,0.7019031237942954,155.65,82.85642702892758,26.49,13.740083696979433
1859,1.3551432880331464,100,2185,15,43.7,0.7556341643352735,251.7,58.57516538602346,41.48,9.774947570191873
1860,1.7957698194444365,100,458,14,9.16,0.5808649592581481,318.77,64.73806530936803,48.42,9.55110464815458
1861,0.4994833718233533,100,2552,2,51.04,0.8702982180329565,147.01,24.75984450678154,22.46,4.006045431594605
1862,0.6104008372876036,100,3014,6,60.28,0.8855812867802654,130.96,40.17733689531948,21.98,6.7764002243078885
1863,0.0428542914977931,100,4103,5,82.06,0.9447802197802198,108.18,17.796280510263934,14.97,3.1542193963007716
1864,1.3346463400164144,100,1222,7,24.44,0.7688605915739453,155.65,77.92719358478143,23.75,12.091629336032428
1865,0.7398656538954574,100,3383,3,67.66,0.8546210974696714,116.39,29.98429422214236,19.05,4.691215194381942
1866,0.3119643098647652,100,2089,7,41.78,0.9589489489489489,94.49,21.383870089392147,15.45,3.404041715373065
1867,2.0817234277775887,100,1105,9,22.1,0.5488061457741158,361.52,23.440341294443645,62.0,4.793745925682754
1868,0.6111924687168194,100,2354,4,47.08,0.8932377984085149,163.48,97.0308693148732,25.98,15.396090412828835
1869,1.318578465722789,100,1807,2,36.14,0.8522045064869808,134.08,33.185743927174514,21.47,5.1931782176235775
1870,1.9768219553904869,100,703,9,14.06,0.578105502827826,225.99,76.70234611796434,37.74,12.564728409321072
1871,0.0,100,3008,5,60.16,0.9379148704350446,95.52,16.212637046452375,15.13,3.015476745060389
1872,2.2665378875289544,100,841,9,16.82,0.5211558445981808,260.39,71.80541692658012,43.06,12.786571080629866
1873,0.0,100,4375,2,87.5,0.9465366597755421,113.98,17.745974191348303,19.55,2.937260628544903
1874,0.3516277945949397,100,2018,3,40.36,0.8851020843309706,144.57,78.98965185389793,23.3,11.266321493726336
1875,0.5931443165756229,100,1869,3,37.38,0.8885609566043514,150.2,43.62911871674696,24.46,6.960488488604806
1876,0.4483611673434513,100,2111,6,42.22,0.9162936986454615,126.02,28.29062742322977,20.4,4.884669896727925
1877,1.532224151434999,100,1285,2,25.7,0.6838364241788614,242.65,70.71964012917488,35.71,10.498852318229838
1878,2.5292081251349225,100,428,15,8.56,0.4796320000198921,274.28,74.24851244301126,43.73,11.685764844459262
1879,2.3163900776460307,100,331,13,6.62,0.7082038517038517,289.31,98.07218718882537,47.07,15.644331241699023
1880,1.391129577054877,100,578,23,11.56,0.602621197732933,241.91,105.44914366650875,39.2,17.365483005087995
1881,0.971140532219256,100,1542,5,30.84,0.9034442903434272,141.27,52.25377594011748,21.9,8.476437931112336
1882,1.7209753434078772,100,924,9,18.48,0.5592441102964149,288.7,75.53045743274696,46.61,12.087096425527514
1883,1.2462490344076638,100,1691,16,33.82,0.7394076032686866,226.43,86.59598778234475,41.29,15.36248352318075
1884,0.0,100,3750,4,75.0,0.930763454005199,116.78,74.20007816707474,18.78,12.585372461711255
1885,1.595068019416915,100,584,9,11.68,0.5228298190743811,295.79,100.20960981861968,49.89,17.209819871224685
1886,1.7153969193037917,100,831,4,16.62,0.5016808982818831,311.36,74.85352630304067,50.3,12.664517361510464
1887,1.4921416024608594,100,984,6,19.68,0.6779041346331467,191.86,63.770842867254,29.36,9.761680183247146
1888,2.127978439784517,100,233,24,4.66,0.36814368964368965,326.47,77.86609724392252,55.6,13.535139452550906
1889,0.7305050701300696,100,1801,12,36.02,0.8486535607816704,173.38,56.123930724780855,29.55,10.025342886904168
1890,0.3099017460520568,100,4043,5,80.86,0.8787319640634261,101.05,34.414640779761164,14.41,5.4554468194640116
1891,0.8994716418605407,100,2557,1,51.14,0.8654849437324512,115.94,135.699212967504,18.69,21.089663344871106
1892,1.3443060245222342,100,2981,3,59.62,0.7728440009176809,290.87,53.68531549688425,48.74,9.019556530118319
1893,0.5267089734524637,100,3133,7,62.66,0.9364369788862025,108.7,61.98669212016399,15.83,9.375558650021874
1894,0.714183467041596,100,1104,8,22.08,0.7996116440044487,167.53,46.26347479383709,27.35,7.922594272080326
1895,2.378473632829848,100,504,18,10.08,0.5521079428051268,278.21,112.35046016817199,46.31,18.613809389805194
1896,0.0,100,4093,8,81.86,0.9389388264669164,191.55,29.52198333445773,29.85,5.2141634036535525
1897,2.919486693998875,100,203,39,4.06,0.25596936860868746,347.5,115.87186888973527,52.59,18.599513434496075
1898,2.193925525007677,100,666,6,13.32,0.5059200187627692,309.92,96.24891479907708,55.29,16.66631032952405
1899,1.1129557245781243,100,2190,5,43.8,0.7452952430120837,220.85,83.84680971867684,37.37,14.441367663763709
1900,1.8552503256203936,100,1943,4,38.86,0.7987107912650433,236.66,70.74619707093802,34.87,11.328420013399928
1901,2.758994026132841,100,750,2,15.0,0.7784315484086748,109.72,11.734632503832405,18.98,2.1493254755853055
1902,2.286861615340963,100,245,15,4.9,0.32757007861419624,300.85,99.82408276563328,51.28,16.923994800282824
1903,0.6052834686131802,100,1941,2,38.82,0.81676920781165,183.31,50.236579302337056,31.33,7.927237854385347
1904,1.410664296069781,100,1018,7,20.36,0.8801290531825318,140.69,64.54621522599136,24.22,11.09917114022484
1905,0.8457382719874903,100,738,15,14.76,0.6223523190124234,219.08,128.1246018530399,32.02,19.893204870005235
1906,1.3658821988464789,100,1623,5,32.46,0.8682972799915121,238.33,63.53047379014263,40.79,10.671733692329472
1907,0.0,100,4086,1,81.72,0.9715027829313544,108.7,13.996785345214095,17.9,2.5980762113533156
1908,0.0,100,2407,2,48.14,0.9522852857837542,120.74,16.68089925633507,22.42,3.086033052318137
1909,2.429602066089722,100,248,23,4.96,0.27952275240387764,318.84,95.09623757015838,53.66,17.258169080177655
1910,0.0,100,4950,1,99.0,1.0,82.78,5.212638487368944,11.23,0.6611353870426239
1911,1.2078341493310525,100,2009,6,40.18,0.9327339444917574,93.99,49.88777305111945,14.72,7.995098498455163
1912,1.1765756145121395,100,1025,6,20.5,0.7673899400320202,167.33,61.60374258111272,26.98,10.299495133257745
1913,1.66986292747107,100,920,8,18.4,0.6954213217526779,166.08,106.25372275831093,28.61,17.825765060720396
1914,0.0,100,4458,1,89.16,0.9714498221702773,238.47,35.773301497066214,43.97,6.168395253224293
1915,3.37854122678746,100,88,50,1.76,0.1119047619047619,506.51,38.00512991689411,76.7,6.085228015448558
1916,0.3810488224064213,100,3114,1,62.28,0.9875508909352797,68.91,20.0848674379494,12.07,3.842538223622506
1917,2.727078965827841,100,410,17,8.2,0.4707242851097542,291.11,87.47021150083039,52.39,15.367429843666116
1918,0.5122768096035597,100,3503,3,70.06,0.9274356576846878,171.48,20.438923650720945,27.21,3.723694402068999
1919,0.8687506655622093,100,2065,3,41.3,0.795091702657333,216.11,62.967117609114034,31.21,9.218779745714725
1920,0.6484226292798767,100,3788,1,75.76,0.8932979933986226,125.73,42.091769979415226,21.07,7.162757848761886
1921,1.2628509718523155,100,1210,9,24.2,0.5701050749871627,264.95,73.49930271778094,44.96,12.495535202623376
1922,0.6669586925723109,100,2743,9,54.86,0.8645634132781503,174.08,81.79702684083328,30.2,13.821722034536796
1923,0.2232513259389678,100,3994,3,79.88,0.9222836650857292,113.34,41.05172834363981,18.09,6.551480748655224
1924,2.331856744383612,100,305,13,6.1,0.3304529481704317,224.88,78.3339364515789,36.33,12.573825988934315
1925,0.7513729984510853,100,3447,10,68.94,0.8657307888341715,113.98,46.298807760027685,19.06,8.002274676615393
1926,1.5950470483524055,100,1631,3,32.62,0.7791060026173717,223.9,93.51304721802194,35.39,15.067113193973157
1927,2.5178698741837784,100,96,43,1.92,0.13976648351648352,324.14,64.38043491620726,58.25,11.201227611293326
1928,0.5885502678901208,100,2549,1,50.98,0.902876538781136,141.92,21.814527269688885,23.2,3.7469987990390394
1929,1.2893173721232445,100,1671,6,33.42,0.8676794400290849,204.46,84.82174485354567,34.96,14.787102488317311
1930,0.6657022633917841,100,2454,2,49.08,0.9089184337563132,118.59,19.960007515028643,23.52,3.6891191360540256
1931,1.3309537857583082,100,969,7,19.38,0.8067684605752974,213.24,62.71189998716353,40.03,10.522789554105888
1932,0.512730330665871,100,3980,3,79.6,0.941447450233293,74.96,23.83984899281034,12.77,4.151758663506346
1933,1.6375916403059254,100,765,9,15.3,0.5061430215284726,276.67,82.15181738707916,45.74,14.077371913819709
1934,1.02261025516757,100,1732,7,34.64,0.9028277677049279,200.48,45.32471290587509,31.45,7.8897084863764135
1935,0.1289548884591773,100,3266,10,65.32,0.91,89.49,63.96475513906076,13.71,10.551108946456766
1936,1.0613484752992417,100,2396,5,47.92,0.8126687507644423,227.11,37.70514421136723,36.17,6.854276037627899
1937,1.3458840495410227,100,940,15,18.8,0.6754238217344681,239.41,118.7323961688637,37.97,19.01391858613053
1938,1.8874532477140964,100,334,17,6.68,0.6648190698190699,192.3,67.07972868162184,34.46,12.332412578242751
1939,0.6920550854667159,100,1127,9,22.54,0.6848921650927364,178.34,92.6732129582222,29.78,14.473824650036352
1940,1.4880699636780903,100,1486,6,29.72,0.8354569102286756,143.43,58.65871716974384,21.29,8.981419709600482
1941,0.368097963641522,100,3245,2,64.9,0.9249712682808311,54.92,22.427964686970594,9.84,4.021740916568345
1942,0.0,100,2034,26,40.68,0.7218560606060607,207.66,57.43748253536187,34.39,10.04180760620318
1943,1.9541368926913416,100,212,16,4.24,0.3498013587468016,298.01,91.80506467510385,53.47,16.29199496685412
1944,1.223016733478343,100,1418,7,28.36,0.8802644882375666,184.06,66.92649998319052,32.13,11.899289894779436
1945,1.8628963694395082,100,349,17,6.98,0.5404771529200793,252.61,64.8404032991776,37.58,9.70379307281436
1946,1.8957040699996075,100,543,5,10.86,0.46110308436926417,221.12,74.60740981966872,32.74,11.775924592149867
1947,2.482421243034787,100,1189,10,23.78,0.6825685808029123,273.53,74.82612578504917,45.02,12.48677700609729
1948,0.614869813006816,100,2619,1,52.38,0.8714015153434957,209.85,53.502406487932866,35.9,8.479976415061541
1949,0.972676420204846,100,886,6,17.72,0.8508403018511734,249.06,70.09590858245579,36.48,9.52520865913183
1950,1.3394289295694073,100,3029,5,60.58,0.8832570945757883,113.26,58.859429151156405,17.9,9.192932067626737
1951,0.3777348532360742,100,3335,9,66.7,0.929037037037037,201.55,42.565567070109616,33.01,6.470695480394669
1952,0.8655731627301119,100,3086,8,61.72,0.8245954133821022,150.61,66.7896541389458,23.81,11.098373754744431
1953,0.0,100,3721,2,74.42,0.9717779683592872,135.6,19.662146373170962,23.89,3.3731142880133778
1954,0.086947175247392,100,4228,3,84.56,0.922742852027266,103.12,38.47681899533796,16.94,6.421557443486744
1955,0.7940586680361182,100,1700,8,34.0,0.8595865375940106,245.67,67.03104579222973,41.62,10.78497102453224
1956,1.255405335581001,100,799,6,15.98,0.6770683102634765,375.03,76.14807351469896,59.45,11.984469116318838
1957,2.605931034911072,100,228,22,4.56,0.4265324111372498,241.21,97.8278380625883,39.7,16.981460479004742
1958,2.6897292582383456,100,888,11,17.76,0.5845837041019385,385.43,53.15472791765564,65.65,9.099862636325891
1959,2.014081019842819,100,1275,6,25.5,0.6574089485563013,437.44,28.331014807097894,65.22,4.141449021779696
1960,0.6032310179105218,100,2842,2,56.84,0.9638107733583233,119.77,16.66904616347318,17.78,2.647942597565136
1961,0.0,100,4851,2,97.02,0.99,122.37,10.022629395522912,18.81,1.5855283031217071
1962,0.0,100,2806,12,56.12,0.7850075208250701,143.99,58.340808187751385,22.34,9.470184792283622
1963,2.3579853407195976,100,491,8,9.82,0.3699328083976331,290.31,96.76132440184973,48.21,16.213139732945006
1964,2.0438036402296262,100,641,14,12.82,0.586289137066569,254.75,80.0720144619829,45.12,13.3111081432013
1965,0.3071915019971967,100,2592,3,51.84,0.859901395422587,174.91,23.323419560604744,30.23,3.7679039265883625
1966,1.3778256771383406,100,2107,4,42.14,0.7483830524373671,141.03,64.44462041163716,26.6,11.356055653262713
1967,1.7032926491938536,100,356,16,7.12,0.32494816579077584,325.26,81.41530814287937,60.04,14.440166204029646
1968,0.0,100,2308,5,46.16,0.8135342368023014,209.32,48.45510912174278,29.84,8.9092311677271
1969,0.34448947526061585,100,3759,3,75.18,0.950778701626525,160.28,11.234838672628994,27.6,1.9899748742132402
1970,1.0444111555277833,100,2592,5,51.84,0.8258236997610269,229.31,70.57941555439517,40.37,11.96131681714016
1971,0.0731197768104183,100,4276,6,85.52,0.9589608217869088,80.37,30.24257098859156,13.77,5.174659409081917
1972,0.2489392153135601,100,3343,5,66.86,0.9294924801304153,89.32,35.836540011558036,15.81,6.458629885664606
1973,0.5997006997736839,100,3561,9,71.22,0.8778321257747931,103.16,59.63987256860967,18.84,10.900201832993735
1974,0.9355436036443331,100,4100,6,82.0,0.9295699952221692,222.75,29.063852119084284,39.5,4.744470465710584
1975,0.6363838092900544,100,3696,4,73.92,0.9499934841056874,111.82,31.650712472233547,17.79,4.930101418835114
1976,2.2199024633374025,100,1176,12,23.52,0.6311647814054635,259.57,123.50159958478271,43.4,20.29088465296671
1977,0.60006947845413,100,2813,8,56.26,0.841832502670306,154.39,87.85327483935929,26.96,14.861978333990399
1978,0.8063114627429252,100,1561,11,31.22,0.7803680857154993,205.58,81.49848832953897,32.93,13.388991746953915
1979,0.4472300252365951,100,2543,5,50.86,0.9554110137071761,98.23,22.705882497714114,16.19,3.442949317082666
1980,2.0904022008049425,100,491,12,9.82,0.4417733164986189,326.71,72.36135639966957,52.79,11.700679467449744
1981,0.8038573654633524,100,1613,3,32.26,0.8937029682499583,126.24,25.83722895358556,20.35,4.205650960315181
1982,2.285574905065358,100,921,7,18.42,0.5609622528870483,357.9,60.53337922171535,57.27,10.12507283924417
1983,1.0709907391980371,100,830,18,16.6,0.6301408676799971,217.04,116.7939142250143,35.43,18.548452765662155
1984,0.7600213098011168,100,2344,6,46.88,0.850954403337029,185.01,30.599508165982012,29.86,5.124490218548573
1985,1.5545597965727829,100,1423,5,28.46,0.7116479901545181,151.2,67.46969690164615,25.58,11.24649278664242
1986,0.0538742178449933,100,1517,8,30.34,0.7285954855132486,150.38,56.647114666150465,26.6,9.6850400102426
1987,0.4143642300500781,100,1722,6,34.44,0.8207507690362311,116.2,79.56255400626604,20.44,13.625211924957352
1988,1.0859624076520829,100,1038,9,20.76,0.8481340666415127,193.0,111.1333433313333,33.52,18.41655776740051
1989,1.840890733376259,100,451,11,9.02,0.47870374321368026,315.22,55.720836318203276,54.87,9.570428412563357
1990,0.4459038416459207,100,2977,4,59.54,0.8446517084592656,132.96,53.959599701999274,25.32,9.790689454783049
1991,1.3512069534830804,100,1461,6,29.22,0.8002687710953434,117.49,49.286001055066336,17.56,7.672444199862257
1992,0.7141441433100284,100,656,19,13.12,0.6287806211489413,148.75,98.86691812734935,24.8,16.16292052817188
1993,3.4365948494230474,100,40,74,0.8,0.07869047619047619,384.83,59.87020210421875,65.64,9.953411475469103
1994,0.0,100,1393,5,27.86,0.7482062528868922,258.52,55.35945808983322,46.46,9.624364914112515
1995,0.2479712787651802,100,4459,2,89.18,0.9781942729601046,125.55,18.12863756601692,22.65,2.93385412043612
1996,1.939921811935424,100,439,11,8.78,0.5294122851548559,302.54,82.0683154451217,48.37,12.827045645821956
1997,2.22581922002987,100,725,6,14.5,0.5865266714890761,334.35,62.2950038125049,55.97,10.874240203342943
1998,0.6483142761533558,100,4011,3,80.22,0.9265431524231768,139.71,27.515193984415227,20.6,4.2895221179054435
1999,0.19830807337591697,100,3891,5,77.82,0.9152885821859715,72.77,48.286199891894576,10.67,6.068039222022218
2000,0.4323829249182391,100,3253,2,65.06,0.9054740696542531,173.31,22.06703197079299,24.0,2.8809720581775866
2001,0.3840732741156203,100,3756,6,75.12,0.946,67.61,30.232728953900274,10.44,5.329765473264279
2002,0.9620863757629406,100,1705,7,34.1,0.8539447098141086,211.45,58.72739990839028,32.45,9.55758860801196
2003,1.8804528297285967,100,794,14,15.88,0.6026032892218751,249.19,92.96146459689628,40.47,15.81673480842364
2004,2.232985482948096,100,500,14,10.0,0.36802760826250774,357.04,101.64092876395809,60.39,17.330259663374925
2005,1.023783267348989,100,1381,2,27.62,0.6644084035040382,290.25,89.58575500602761,43.89,13.288261737337956
2006,2.12212264147645,100,562,15,11.24,0.665611749553129,283.71,86.29661580850086,45.43,14.1980667698106
2007,0.0,100,4950,1,99.0,1.0,100.58,13.616299056645312,18.69,2.3008476698816893
2008,2.2268704959110392,100,709,6,14.18,0.580759623255691,222.84,88.44317045425271,34.54,13.573813023612782
2009,1.7299932677456134,100,1002,12,20.04,0.6993646333386827,158.33,37.565690463506726,26.3,6.256996084384263
2010,1.0721908945526897,100,1280,4,25.6,0.7995673231201207,182.9,63.61611431076249,29.68,10.354593183703548
2011,0.673956627457192,100,2133,5,42.66,0.9406376618846594,82.1,26.18873803756111,15.2,5.035871324805669
2012,1.6924599836529526,100,399,18,7.98,0.5268982033603316,207.19,55.200669379999376,35.52,9.76675995404822
2013,0.6115126908541155,100,1867,3,37.34,0.8889996797836044,212.98,35.18919720596081,38.44,6.562499523809507
2014,0.0,100,2259,3,45.18,0.9681953246711185,91.99,23.63196775556365,15.28,3.9574739417967115
2015,0.0,100,4380,3,87.6,0.9740284446820866,54.14,15.585903887808367,9.59,2.4983794747796026
2016,0.9660919331941796,100,1072,4,21.44,0.9542167598483389,74.65,42.75473657970541,12.53,7.9353071774191575
2017,1.2071101738718717,100,2030,9,40.6,0.7676066675797373,200.4,55.05451843400321,30.11,8.867801305848028
2018,1.052734130209656,100,2134,5,42.68,0.8123515044744484,182.96,62.4755824302583,34.35,11.10979297736911
2019,1.36512356488423,100,3140,5,62.8,0.8388189380199503,268.92,72.93568125410222,45.59,13.206131151855185
2020,1.3010722462300266,100,1527,1,30.54,0.7964349108381319,233.04,70.126017996176,40.47,11.851966081625445
2021,0.6930638139889048,100,3266,3,65.32,0.8441886766450214,258.38,45.67926882076814,42.75,7.608383533970931
2022,0.1616583037012321,100,4377,3,87.54,0.9783356708742403,119.02,36.54394067420754,17.32,5.963019369413453
2023,0.4031842483071864,100,1912,9,38.24,0.8063939640470275,143.14,54.77298969382628,20.69,8.42816112802787
2024,1.166426627254516,100,1191,8,23.82,0.8717171806503926,100.38,44.61564299659929,15.24,7.269277818325559
2025,0.667770889755181,100,2814,3,56.28,0.8852660622729115,152.32,84.8009292401917,24.94,13.82086827952571
2026,1.301813088763908,100,957,28,19.14,0.4495285653240402,175.73,122.30861416923993,30.89,20.90688642529059
2027,0.8858099640540944,100,1434,4,28.68,0.7151455324297465,172.41,56.278254237316226,31.53,9.687574515842446
2028,0.0,100,2605,3,52.1,0.9428699320878674,92.46,33.382756027626,16.02,5.455236016892394
2029,0.0,100,4431,6,88.62,0.9438658791821876,125.22,45.33444165311843,19.22,7.338364940502754
2030,0.2118280479024944,100,3612,2,72.24,0.9405637910195527,138.59,27.57212178995298,24.42,5.124802435216406
2031,2.134553746177196,100,938,3,18.76,0.68421934299754,277.61,77.39908203590014,42.47,12.280435660024445
2032,2.9119465065054064,100,368,18,7.36,0.40749089307667175,335.69,48.24120541611704,59.87,8.40316011985967
2033,1.9519935414821477,100,646,9,12.92,0.6125951640909478,302.69,65.68876540170321,53.58,10.925364982461684
2034,0.4948911758437154,100,3609,6,72.18,0.97,124.85,27.763420178356988,22.45,5.056431548038597
2035,0.9584797381241296,100,2039,8,40.78,0.7770659287580988,164.7,66.5351786651242,28.52,12.304860828144298
2036,1.732869054943735,100,1842,6,36.84,0.7645567449660088,216.16,88.38322465264548,37.86,15.523543409930609
2037,2.0367676541215145,100,436,8,8.72,0.5466939081537999,248.4,72.52475439462032,44.34,12.536522643859422
2038,1.9074307210992731,100,370,18,7.4,0.5665636773002501,298.71,108.96148815063053,51.17,19.131155218647933
2039,0.0,100,2088,3,41.76,0.9207169939411171,89.24,29.535443115010143,15.55,5.026678824034813
2040,1.7959174628064878,100,1075,8,21.5,0.6890838758885616,244.4,93.59861110080641,33.21,12.432453498807066
2041,0.0385498158233959,100,4656,4,93.12,0.97,90.17,43.63302762816259,14.69,7.063561424663907
2042,0.0,100,4950,1,99.0,1.0,148.94,7.70690599397709,26.12,1.5118200951171408
2043,0.9212715897710746,100,2632,5,52.64,0.8807382871357486,105.1,66.27299600893262,16.05,10.466494159937222
2044,0.45822864825637905,100,2891,2,57.82,1.0,125.84,19.265886950773897,21.0,3.243454948045371
2045,1.9770841404729864,100,605,20,12.1,0.5112367870898384,226.51,96.1124856613333,33.76,14.37853956422557
2046,0.6204191884143934,100,3207,2,64.14,0.8405445438935456,195.82,50.02546951303905,35.43,8.894104789128583
2047,2.989108615667925,100,288,24,5.76,0.4352961878377278,395.1,91.28028264636345,64.38,15.208405570604699
2048,1.1422983175698462,100,1737,3,34.74,0.696128419799705,189.46,72.32723138624898,35.85,13.179814110980475
2049,0.6424007698640755,100,2539,2,50.78,0.9211154312095071,123.94,29.916490435878337,17.37,4.575270483807487
2050,1.38040807504769,100,2303,1,46.06,0.7917517010010487,250.41,64.22135081108152,38.23,10.440167623175405
2051,1.4630767803444984,100,1313,2,26.26,0.6624566386716113,207.25,75.91407972174859,28.0,11.349008767288886
2052,1.706148960860186,100,2140,4,42.8,0.7181622592278317,256.53,86.30833737246941,43.44,14.470881106553257
2053,1.2263638026120196,100,942,11,18.84,0.8273307178074261,168.64,68.00963461157544,29.01,11.312378176139621
2054,0.6426496418319887,100,4012,4,80.24,0.9763534218590398,97.1,23.141088997711407,15.58,3.4847668501637235
2055,0.0,100,2496,3,49.92,0.9771286656891496,61.12,32.57737865452038,10.78,5.686088286335344
2056,1.7614176736371754,100,700,12,14.0,0.5436748084245041,179.54,79.97029698581842,29.38,13.21724630927335
2057,0.0,100,4380,2,87.6,0.9995834266517357,129.28,17.014746545276545,19.79,2.6955333424018333
2058,1.1709224674170884,100,1835,4,36.7,0.8555346211966574,179.97,45.78437615606441,27.73,7.630013106148639
2059,0.0,100,4610,4,92.2,0.9649561403508773,85.27,20.67261715410025,13.5,3.4539832078341086
2060,1.3489885305175704,100,1408,3,28.16,0.8554127463971818,180.02,61.703157131543925,28.31,10.313772345752062
2061,1.855508422644208,100,1363,17,27.26,0.7526819529676672,139.19,104.10770336531296,25.05,18.166108554118026
2062,2.1518361334222638,100,572,24,11.44,0.7003634128128736,242.72,80.23528899430724,37.21,12.818186299161045
2063,1.8949268775965715,100,598,8,11.96,0.6331809945719129,188.58,54.987122128731194,33.46,10.477995991600684
2064,0.0,100,4950,1,99.0,1.0,98.37,11.812412962642306,19.09,2.0980705421887036
2065,1.3668977093056311,100,1057,13,21.14,0.6417678745366622,239.8,72.29204658881916,37.49,11.58835191043144
2066,0.6010336590533418,100,1409,4,28.18,0.9439711636536613,107.35,56.358739340052665,15.66,8.150116563583614
2067,1.1795835202113734,100,817,19,16.34,0.5636007413802846,180.23,101.97890517160889,33.63,17.862617389397332
2068,0.4926758279980384,100,3334,5,66.68,0.9460956790123457,115.15,35.86708100751998,20.02,6.326104646621015
2069,2.755257798612616,100,708,19,14.16,0.4407433278083833,324.48,66.52645789458508,57.37,11.425108314585032
2070,1.3804784804793184,100,525,23,10.5,0.660243946437344,213.83,71.0516790793856,37.01,12.197126710828252
2071,2.159841929478599,100,741,8,14.82,0.5484694375949475,364.76,65.66233623623211,63.06,10.965235975572984
2072,0.6926066909470724,100,2145,5,42.9,0.9249661401574977,94.48,52.06985308218182,15.09,7.156947673414973
2073,0.69277460586374,100,2557,3,51.14,0.9345102830806917,150.09,89.58884919452868,24.2,16.304600577751053
2074,1.1491602984358524,100,3707,6,74.14,0.9228468334689012,130.43,49.35326838214465,19.79,8.152662141901873
2075,2.7006265385927968,100,146,35,2.92,0.22763635398418006,394.9,50.386406897098745,66.1,8.421995013059554
2076,1.3273994450247868,100,2803,3,56.06,0.8341485625308332,288.31,51.324398681328944,45.96,8.099283918964689
2077,1.2739703448155415,100,1217,8,24.34,0.6680672824827434,217.28,97.094086328674,37.85,16.960173937787314
2078,2.317368622380052,100,385,17,7.7,0.6136277191161092,280.55,52.10151149438949,48.32,8.427194076322202
2079,2.1289930280752856,100,391,18,7.82,0.6099037872458924,250.63,118.4092610398359,44.82,20.185826710838473
2080,0.74483445238779,100,4285,4,85.7,0.9493576251108102,164.09,56.87778037160029,27.2,9.138927727036691
2081,0.9253522703362688,100,1228,7,24.56,0.8508904442480297,193.2,56.4926543897523,32.5,9.481033698917011
2082,2.2871324555399046,100,391,14,7.82,0.604157842329669,394.56,34.56741818533747,62.39,5.62297963716747
2083,1.975442137474265,100,297,25,5.94,0.29586152641648,371.86,78.13424601287198,63.61,13.331837832797095
2084,2.0969330582858863,100,634,10,12.68,0.721572649698923,368.06,83.49788260788412,56.34,13.054669662614982
2085,1.7523974257588757,100,2014,2,40.28,0.7035154122820317,356.44,71.3835163045363,59.9,12.10826164236634
2086,0.3091283052790059,100,3560,1,71.2,0.8749316806190299,224.53,42.846809682869036,37.41,6.819230161829119
2087,0.0,100,3400,8,68.0,0.8391457703121122,139.69,65.45344834307815,21.87,9.902176528420405
2088,0.8994645353737768,100,4372,6,87.44,0.94,136.66,38.177799831839444,20.57,5.814215338289424
2089,0.7357943697978335,100,1466,2,29.32,0.8029526265727067,167.3,44.72639041997465,28.93,7.78749638844218
2090,0.0496740226346973,100,4558,4,91.16,0.9593818589025755,145.34,11.629462584315752,24.07,2.5387201499968444
2091,0.6542806697020013,100,4850,2,97.0,0.989795918367347,149.91,8.565156157362223,25.15,1.6874537030686207
2092,0.2752751558078264,100,3757,4,75.14,0.9499929901552684,156.0,47.65731843064609,21.27,6.605838326813638
2093,1.060929844598532,100,2646,2,52.92,0.782112238925452,244.35,63.87243145520608,37.55,8.794742747801099
2094,1.8216586241719448,100,684,12,13.68,0.47353671858476576,198.2,61.51780230144766,31.2,10.04290794541103
2095,1.8807689543974009,100,1002,6,20.04,0.5104990205509405,333.34,70.72258762234313,53.56,11.644157333186461
2096,0.5837903348044847,100,2621,6,52.42,0.8836395486628247,100.07,40.713942329379016,17.33,6.639359908906882
2097,0.34521599635516226,100,3477,4,69.54,0.9262551688031709,169.12,53.04116891622958,26.64,8.525866524875932
2098,0.4566806371520864,100,3331,3,66.62,0.9640462183195975,142.1,31.60933406448165,26.07,5.128849773584717
2099,0.6912084992581539,100,3770,1,75.4,0.8776339372716735,110.61,19.591271015429292,20.01,3.3120839361344694
2100,1.2265545113842895,100,1017,27,20.34,0.5749600411412753,170.8,121.09244402521571,28.05,20.04812958856761
2101,1.4150194541176877,100,1289,8,25.78,0.8364798870547141,81.79,39.88089642924291,12.71,6.496606806633752
2102,0.5940072581168209,100,2559,6,51.18,0.8978915197299503,94.66,50.19307123498223,14.29,8.3765088193113
2103,0.1172290188585516,100,3512,10,70.24,0.8830863634946609,99.83,39.01898384120222,17.0,6.4015623093116885
2104,1.3090335908363169,100,2349,5,46.98,0.9672003442592895,102.77,21.440548034040546,17.58,3.4962265372827317
2105,1.0805607387055405,100,1456,12,29.12,0.7141362375468409,208.58,72.08663953882161,35.35,12.346963189383857
2106,1.314824462250706,100,2411,1,48.22,0.8393242547137153,139.32,41.26399883675842,23.51,7.1561092780923925
2107,0.6911582157613664,100,4239,4,84.78,0.9285950226540329,130.21,39.36325570884603,20.89,6.657169068004807
2108,1.291742865700144,100,868,13,17.36,0.7043856706449924,171.21,51.18618856683901,27.81,8.774616800749762
2109,1.8190008962903192,100,2413,8,48.26,0.7609435743018723,210.68,70.8543407280034,37.65,13.115925434371757
2110,1.565509951474805,100,364,9,7.28,0.4226848674261381,346.16,72.12693255643137,55.32,11.837128030058643
2111,0.6861353127538546,100,2227,4,44.54,0.9818065752616836,120.88,36.9465235171051,17.5,5.220153254455275
2112,2.178060490670768,100,558,9,11.16,0.4431666612448534,332.2,59.419525410423795,56.37,9.522242382968416
2113,0.0,100,2499,3,49.98,0.7881644953023746,159.49,56.42685442234043,26.05,8.983735303313429
2114,2.5633455155441585,100,310,31,6.2,0.45999463144354785,223.2,71.73813490745353,35.14,11.141831088290651
2115,1.109135114699574,100,3004,6,60.08,0.9001133974127218,228.67,29.885131754770637,36.62,4.634177381154071
2116,1.0163194743845965,100,1830,6,36.6,0.7864830509983602,162.78,47.058385012662725,24.93,7.969008721290246
2117,0.6882631592961438,100,4426,2,88.52,0.957412092446258,127.39,32.16081311161147,21.18,4.750536811771907
2118,1.5953967730283036,100,1234,18,24.68,0.8386904761904762,150.19,81.78468010575085,27.12,13.766829700406701
2119,1.3677466127833047,100,1344,11,26.88,0.8841478894616591,175.45,67.76715649929544,28.28,11.374603289785538
2120,0.7648157422382292,100,1799,3,35.98,0.8087084677404386,196.27,81.06970519250702,31.85,13.311930739002511
2121,0.69249949253973,100,2548,3,50.96,0.8822692607319729,99.76,43.394727790366424,15.27,7.345549673101394
2122,1.0495380658545246,100,2520,1,50.4,0.8257791067571449,268.15,66.28052127133581,38.11,9.110318325942295
2123,1.316629512521612,100,2090,10,41.8,0.7856331526040148,126.3,57.10893100032603,22.22,9.975550110144303
2124,2.4088265586166067,100,195,30,3.9,0.27954065705536296,342.21,85.66087730113439,57.59,15.020049933339104
2125,0.0,100,3295,4,65.9,0.9736089893771382,100.68,39.65599072019258,13.65,5.671639974469466
2126,1.2924802048740356,100,1123,9,22.46,0.6864063719366424,243.2,99.51482301647327,37.9,15.182555779578088
2127,1.752761931037034,100,2519,4,50.38,0.7274979835842861,149.77,49.23146453234964,24.6,8.09814793641114
2128,2.5048122420388914,100,416,13,8.32,0.41290897569894147,336.45,83.24534521521309,54.23,14.078249180917346
2129,1.4224616206031675,100,1209,8,24.18,0.8085828829710618,113.49,73.41409878218215,19.55,11.549350631096104
2130,1.635346475799576,100,1639,8,32.78,0.8476722223506811,106.76,47.39707163950111,19.07,7.961475993809189
2131,0.0,100,4692,3,93.84,0.9695520311815754,101.79,27.79291096664759,13.71,4.2668372361738856
2132,1.9811810215846688,100,735,4,14.7,0.5170479685522047,339.72,81.7060683180876,53.21,12.825205651372613
2133,1.7735722548085218,100,487,9,9.74,0.6650931077597066,193.21,88.70087880060716,32.22,14.437160385616004
2134,2.7427049698336554,100,267,27,5.34,0.40988304910491613,321.24,81.1913936325766,54.92,13.89581231882469
2135,1.984838789187159,100,1100,6,22.0,0.5548698216364462,208.05,101.194799767577,34.24,16.023807287907577
2136,2.4782625760752026,100,807,6,16.14,0.5725039760368746,291.1,94.96394052481183,50.43,16.484692899778267
2137,3.148143504356799,100,78,49,1.56,0.13615873015873015,423.51,34.96927079594312,69.09,6.30411770194688
2138,0.6870181881589698,100,4078,5,81.56,0.9197601298317024,187.13,61.033376934264425,28.01,9.906053704679781
2139,0.0,100,4106,2,82.12,0.9010947183806054,170.25,58.57036366627751,29.26,9.0869356771136
2140,1.6910476430592825,100,1850,2,37.0,0.6807198090846621,371.45,34.74143779408101,64.76,6.442235636795661
2141,1.4830875349281465,100,965,6,19.3,0.6123466955740067,213.98,69.36800126859646,37.03,11.501699874366397
2142,1.188076273138622,100,3499,5,69.98,0.8677083705706877,111.57,25.044063168743207,19.81,3.809711275149339
2143,1.0198915468038334,100,1125,2,22.5,0.7633634228742234,158.96,46.84440628292774,25.24,7.348632525851323
2144,0.4392445628073412,100,4021,6,80.42,0.9475630461922597,112.84,34.20108770200153,19.11,6.138232644662468
2145,0.135480594079875,100,4038,7,80.76,0.9340320490452391,96.32,28.985817221530947,16.05,4.646235034950341
2146,1.0862826985682794,100,3449,3,68.98,0.8980448283841876,114.43,47.908090130999796,18.0,8.024961059095553
2147,1.0353468498414262,100,807,5,16.14,0.6582220122816008,145.81,71.07766104761748,27.19,12.640961197630503
2148,1.3920455916007104,100,1066,9,21.32,0.7583284632662606,139.43,50.80005019682559,22.77,7.657486532799128
2149,0.0,100,4950,1,99.0,1.0,100.69,8.842731478451666,18.49,1.752113010053861
2150,0.0,100,2087,12,41.74,0.7689485891548798,143.62,100.62224207400668,24.24,16.965329351356548
2151,0.6710529314662007,100,3600,5,72.0,0.9046120433609073,132.85,52.776770458223375,21.98,10.006977565678861
2152,0.2067785820437891,100,2320,6,46.4,0.9577636668049189,108.63,26.72252046495614,16.72,4.081862320069113
2153,0.0,100,3949,3,78.98,0.98761153054221,137.61,24.957521912241205,20.36,3.9560586446613755
2154,1.322765600604331,100,3253,4,65.06,0.8919582802623048,178.3,58.3,28.88,10.155077547709814
2155,0.6207652779559667,100,2420,2,48.4,0.927158318811074,155.3,34.46781107062066,24.45,5.374709294464213
2156,1.917730851228746,100,2473,7,49.46,0.8278002803385948,146.01,94.77715916822999,24.05,16.975497047214848
2157,1.2908927081224,100,2546,3,50.92,0.779710708988047,256.29,66.4748516357878,42.07,10.270593945824166
2158,0.5263691870538667,100,2635,1,52.7,0.8058377067039695,249.77,44.374058863259286,39.57,7.588484697223814
2159,1.854945892288544,100,1621,6,32.42,0.6807635869309986,237.2,72.45467548750734,45.69,12.761422334520553
2160,0.0,100,4847,2,96.94,0.9892005049442457,120.22,23.031100711863512,18.6,3.6
2161,2.361404517730443,100,1527,13,30.54,0.7618506531413783,155.11,65.51456250330915,27.17,10.933485263172033
2162,0.0,100,3096,6,61.92,0.9426666666666667,137.6,32.21552420805845,24.6,5.7236352085016735
2163,1.298040763073869,100,2185,9,43.7,0.8379643492593758,194.0,52.44006102208501,31.77,8.91162723636935
2164,0.0,100,4657,3,93.14,0.97,190.05,2.5937424698685874,31.93,0.4744470465710583
2165,0.5819787107209148,100,4316,3,86.32,0.9597865862556034,140.97,25.612674596769466,19.2,4.252058325093859
2166,1.9593333514518,100,270,37,5.4,0.3918129147403949,232.85,82.79183232662508,40.89,14.70502975175501
2167,1.0367567849174188,100,3150,2,63.0,0.8954882539092555,171.2,47.62310363678537,31.95,8.96590765065088
2168,1.1590481615253951,100,3925,1,78.5,0.8735911852417142,304.72,29.87878176900792,57.41,5.403878236970185
2169,0.0,100,4441,1,88.82,0.9902951300946455,115.9,17.340991897812536,19.31,3.0812172919156477
2170,0.0,100,2759,1,55.18,0.7581215688127457,291.09,51.7148131583205,48.63,9.03952985503118
2171,1.168255046564331,100,1758,1,35.16,0.8121856890487568,176.05,66.20776011918845,31.59,11.421991945365747
2172,1.5381811218366757,100,3819,2,76.38,0.8922140898586705,215.03,36.49121949181748,34.25,5.870902826652814
2173,0.7397079840568711,100,2951,5,59.02,0.9128518806107104,134.35,34.09497763600967,22.34,5.2482759073813945
2174,0.839184123351279,100,2192,2,43.84,0.8134887144651388,151.84,57.411274154124115,27.45,9.633664930855755
2175,2.1138313398466275,100,881,10,17.62,0.6957395098813207,237.71,90.75200218177007,38.73,14.21678937031846
2176,1.0597182369835316,100,3075,11,61.5,0.8477462711021801,151.62,43.183279171457094,24.77,6.820344566075822
2177,0.6901955944881853,100,1159,7,23.18,0.9042188579093695,93.32,52.2732971984741,14.93,8.7649928693639
2178,2.095703922701924,100,1097,6,21.94,0.6608599545443322,220.34,79.03141400734268,39.21,13.70641820462224
2179,0.9655210186891242,100,3196,5,63.92,0.9066666666666667,87.11,58.256998721183706,14.99,10.268880172638106
2180,0.211805136848254,100,2180,3,43.6,0.9160848142392171,114.03,54.55226026481396,18.42,8.997977550538788
2181,2.338599099175714,100,252,19,5.04,0.3167695093340873,340.05,81.43333162778003,51.83,12.536391027724047
2182,1.867836443339521,100,549,18,10.98,0.48222485936516457,266.22,96.0017270677981,47.49,16.577391230226787
2183,1.744605380881883,100,1450,16,29.0,0.7815887445887446,132.4,114.44789207320508,20.9,19.027085956604072
2184,1.5267743625244352,100,1447,19,28.94,0.7227004713391025,172.17,86.15660798801215,28.76,14.082698605025953
2185,0.0880717233203072,100,3913,3,78.26,0.969421247337113,99.97,15.441797175199524,18.74,2.9685686786732766
2186,0.0,100,3892,2,77.84,0.9967272727272727,159.66,10.965600758736386,25.56,1.7048167056900867
2187,1.6948100070746666,100,594,11,11.88,0.6111273418890494,222.17,73.85134460522707,33.66,12.017670323319741
2188,1.15917717504862,100,1357,6,27.14,0.7748617474598479,149.26,68.24977948682326,25.23,11.68747620318433
2189,1.6357028257582307,100,2105,7,42.1,0.7469810653962152,184.72,85.79942657151037,30.23,14.237875543774077
2190,0.0,100,2824,2,56.48,0.8792128462184937,80.44,38.98982431353083,12.51,6.083576250857714
2191,0.5937778468677617,100,2712,4,54.24,0.9289834170563033,150.6,39.688537388016705,24.61,6.561851872756653
2192,1.0820762494239669,100,3498,8,69.96,0.902595879242208,112.33,45.56381349272688,19.4,7.656369897020389
2193,0.9581051199994081,100,2469,3,49.38,0.7772642318504746,225.42,53.409208943776726,39.2,9.491048414163737
2194,2.227168597416488,100,858,17,17.16,0.5692882800268324,211.71,107.2724843564276,34.06,17.660588891653642
2195,1.4115748166272812,100,834,23,16.68,0.6934450248567896,159.52,68.14066040184818,24.99,10.841120790766977
2196,2.1256239006233555,100,1314,12,26.28,0.6934410133101294,211.1,97.12831718916992,38.64,17.12981027332177
2197,0.0,100,3962,2,79.24,0.9755215639458358,90.74,12.917910047681861,16.09,2.315577681702776
2198,0.3386436577818756,100,3137,3,62.74,0.9790252100840335,61.88,13.865265954896067,10.65,2.380651171423483
2199,0.9816613409459708,100,1504,3,30.08,0.872334286721632,189.02,88.25904826135391,28.93,14.037275376653406
2200,1.140440625374444,100,1748,7,34.96,0.7279957398136042,234.04,42.114111649184764,43.93,7.515656990576407
2201,0.11136588380865338,100,4377,4,87.54,0.98,77.29,17.96123325387207,14.8,3.0886890422961
2202,2.0616837405739767,100,396,26,7.92,0.44469875665827274,303.68,66.94324163050366,50.43,10.528299957732967
2203,1.7203339173557584,100,538,16,10.76,0.5223228754655639,344.15,42.19582325301877,60.14,7.8702223602640355
2204,0.5998033023242492,100,2565,2,51.3,0.9719066808375983,125.28,13.304946448595725,21.13,2.2345245579317314
2205,1.0200603500767935,100,2011,4,40.22,0.7708410994520419,178.36,51.684527665443554,30.74,9.250535119656591
2206,2.1181127971892817,100,291,29,5.82,0.2588175524803658,339.15,38.85289564498378,58.63,6.293893866280238
2207,2.137278591621798,100,683,16,13.66,0.5277923969585518,239.61,82.48331891964581,38.22,13.955343062784232
2208,2.2724156584555515,100,900,10,18.0,0.5177530077839954,449.76,44.49317250994809,74.55,7.331268648740135
2209,1.6418766203988469,100,1823,15,36.46,0.8225599637246228,151.87,61.57721250592625,26.91,10.717364414817666
2210,0.39095754307842895,100,424,12,8.48,0.5277253042054108,284.36,99.47537584749303,47.56,16.585125866269447
2211,2.5965907645254505,100,616,9,12.32,0.49083024157529764,287.0,77.99166622146241,49.75,13.797372938353156
2212,1.9264163161197772,100,985,17,19.7,0.7925446955005779,156.91,76.95454437523492,24.09,12.236090061780356
2213,0.2986289071323581,100,3673,5,73.46,0.8952258714922489,223.94,68.12236343521855,37.15,11.601185284271603
2214,1.5585543042397247,100,988,12,19.76,0.7121624602407141,200.41,80.66251855725805,29.55,12.677834988672158
2215,0.3277569676892566,100,1954,7,39.08,0.8785267325113935,181.01,74.40557707591547,29.08,12.473716366825084
2216,1.3577092811534819,100,2104,7,42.08,0.715864446832566,221.38,62.621526650186354,38.59,10.471957792122732
2217,0.0436327124711055,100,4753,3,95.06,0.98,97.59,11.11584004922705,12.65,1.7853571071357126
2218,1.358635770647184,100,2541,4,50.82,0.7667453924306662,245.4,67.95057026986602,36.04,10.653562784345901
2219,1.982184414051603,100,308,32,6.16,0.5085357142857143,196.11,73.19014892729759,31.48,12.165097615720146
2220,0.0,100,3739,5,74.78,0.9747951567173823,99.18,15.387254465953307,17.36,2.8966187184370678
2221,1.7310634060826129,100,1587,5,31.74,0.8494967372707588,219.18,69.17938710338507,34.16,10.208545439973317
2222,0.4328301096389513,100,3213,6,64.26,0.9592689873417721,80.71,28.934164926605362,13.12,4.893424159011765
2223,2.619892977927907,100,572,7,11.44,0.47176640293436967,344.49,91.27184615203092,53.84,14.151127163586652
2224,0.551842982717623,100,2319,17,46.38,0.7270934951344924,106.57,43.32603259011838,17.54,6.928809421538452
2225,0.7361188359013466,100,1959,4,39.18,0.8323603803281293,182.22,70.61622759677834,28.43,10.993866471810543
2226,0.6370155590208906,100,836,7,16.72,0.7541005056296842,196.17,77.49878128074015,31.21,12.550135457436307
2227,1.2530595557067332,100,1249,6,24.98,0.9181064392981216,89.79,52.69882256749196,15.1,9.34826187052973
2228,2.4567777066102403,100,2759,5,55.18,0.8604465517729945,96.25,20.1650068187442,17.04,3.4436027645476184
2229,0.6266258855903349,100,2272,4,45.44,0.9449968119055976,76.64,39.031658945015394,15.36,7.70392107955423
2230,0.8377697878654042,100,2431,7,48.62,0.9549482401656314,131.35,44.822176430869575,18.89,7.008416368909598
2231,1.1097373363303282,100,2858,2,57.16,0.7997484169749025,230.15,51.251804846268584,42.13,8.909158209393299
2232,1.4366954137122834,100,1175,8,23.5,0.8171011188448466,133.09,71.3613473807775,22.67,13.05224501762053
2233,1.0877124707046235,100,1847,5,36.94,0.8204852445605063,230.86,48.80451208648643,36.6,7.372923436466705
2234,1.6029764303351335,100,583,15,11.66,0.5446892415006764,298.81,80.85971741231847,51.44,14.215709619994353
2235,0.0750671064949294,100,4192,6,83.84,0.96,117.1,41.54214727237868,17.38,6.827561790273304
2236,0.5132350319346249,100,3595,9,71.9,0.9159095524524298,53.41,26.74998878504438,7.43,4.470469773972306
2237,1.935912581031053,100,567,11,11.34,0.7926638593604538,235.62,74.44605832413157,41.1,13.35926644692739
2238,0.38778866981250265,100,2771,4,55.42,0.9530658761528327,100.17,42.52059618584856,14.98,7.62755530953398
2239,0.8010430615344916,100,3426,8,68.52,0.8990714075815457,151.7,31.12217858698199,26.33,5.32175722858531
2240,0.7997132029520934,100,3003,5,60.06,0.8183860000497784,170.52,60.838717935209644,27.67,9.861090203420714
2241,0.4581510361562911,100,3457,3,69.14,0.99,86.95,21.309798215844275,14.8,3.3882148692194836
2242,0.7700244066550931,100,1653,8,33.06,0.8592685118620017,185.9,75.557726276007,30.81,13.357915256506157
2243,0.0,100,1629,9,32.58,0.8795342163856096,86.24,50.78447006713765,15.46,9.037057043086538
2244,0.8139343802353819,100,3481,4,69.62,0.8410082434354013,290.76,51.63915568635878,43.81,7.68985695575672
2245,1.3215378052099105,100,2154,11,43.08,0.827229974332552,122.34,75.13763637485543,19.72,11.411467916092128
2246,1.3480016236709076,100,1894,1,37.88,0.8025390406569799,125.12,43.619325992041645,19.57,6.953064072766768
2247,0.1576298233085475,100,4377,4,87.54,0.98,141.5,11.480853626799707,23.75,1.8186533479473213
2248,1.2576467571295278,100,2333,8,46.66,0.8514573354773434,118.32,58.5051929319099,20.15,9.626396002658524
2249,2.5179635862434493,100,299,47,5.98,0.42504887052941975,260.31,95.28197048760065,37.52,15.444403517132024
2250,2.393937876275961,100,307,22,6.14,0.46885048285048286,287.3,84.78590684777748,43.5,13.273658124270039
2251,1.6046289304936456,100,675,13,13.5,0.5966562418263497,216.4,85.21678238469228,38.13,15.347087671607275
2252,1.1596443243658363,100,2608,3,52.16,0.8886001197889903,140.0,34.83130775609782,23.17,5.219300719445087
2253,1.227660678152725,100,2374,4,47.48,0.9285932434929914,123.36,45.37962538408619,17.95,7.2462059037816475
2254,1.3637031493664082,100,2012,6,40.24,0.8035054290279317,181.98,54.88022959135648,31.23,8.616095403371528
2255,1.3726453501962774,100,2098,2,41.96,0.8263393492496504,215.63,71.35273715843003,35.79,12.329878344898622
2256,1.7095849393941194,100,962,7,19.24,0.6280390009995183,225.78,76.60595016054563,40.93,12.919175670297234
2257,0.7194834873718318,100,2659,4,53.18,0.9215129253765564,147.87,25.561163901512778,23.66,4.052702801834844
2258,1.51487320670116,100,1727,8,34.54,0.7840480429205615,125.17,56.81286033989135,18.85,9.703994023081423
2259,1.87912850287574,100,976,6,19.52,0.5503133429177962,353.14,86.11411266453368,57.3,14.853619087616323
2260,0.8032153734843125,100,3023,11,60.46,0.9133333333333333,130.31,34.38304669455573,21.26,5.785533683248244
2261,0.9411081887008871,100,2147,7,42.94,0.8567244874564246,150.46,57.156175519360986,24.74,9.26133899606315
2262,2.322313642336731,100,640,17,12.8,0.5622123073190219,245.23,65.55758613615971,38.43,10.234505361765168
2263,0.44430055232262616,100,2750,4,55.0,0.8963191279754749,266.99,48.804199614377445,45.79,8.280452886165104
2264,1.571494286734336,100,784,5,15.68,0.7057585570359606,337.81,62.218597701973316,54.85,10.546444898637645
2265,1.0999043675465543,100,1110,5,22.2,0.5641481897239674,296.58,66.54294553143856,48.45,11.477260126005683
2266,0.8095447401907392,100,1800,7,36.0,0.9056062797211908,128.48,55.438160142631,20.5,9.35681569766125
2267,1.779073232825845,100,626,13,12.52,0.45552876688810656,253.86,94.35422831012926,44.83,16.11214138468255
2268,1.1880128734521094,100,1447,5,28.94,0.801497336912025,154.54,66.62273185632664,23.38,11.340000000000002
2269,0.8807474780409358,100,3420,10,68.4,0.8769211763461888,151.06,35.24707647451062,23.84,6.014515774357899
2270,0.6793435869773422,100,1325,3,26.5,0.919374975254618,145.42,30.09424529706635,24.58,4.514820040710371
2271,0.9949227089939591,100,1763,6,35.26,0.9348787829370021,102.98,50.69891123091303,18.19,9.007435817145744
2272,0.0,100,1353,4,27.06,0.7689694418824121,199.55,70.18609192710475,33.85,10.342509366686597
2273,0.6009838021609798,100,1587,3,31.74,0.8849710885321734,115.32,25.200746020703438,19.9,4.32781700167648
2274,1.4375887397456493,100,524,21,10.48,0.6364084095896925,236.14,45.16259957088387,38.83,7.923452530305209
2275,0.4124212650253507,100,1941,6,38.82,0.9326531182635317,126.81,47.59888549115409,22.16,8.106441882848479
2276,2.083797654951021,100,2319,18,46.38,0.7457258519320301,230.26,76.82963230420928,37.73,12.58638550180313
2277,0.41254822004294506,100,3787,1,75.74,0.9677775235081196,115.82,7.681640449799769,17.22,1.6708081876744563
2278,0.9204758246689172,100,1266,4,25.32,0.8739174836315784,124.09,41.09211481537547,22.68,7.378184058425215
2279,0.0,100,2762,2,55.24,0.9677108802000195,70.92,19.44051439648653,9.42,2.546291420870753
2280,1.7771458035967178,100,628,13,12.56,0.5913365035847972,286.74,84.38206207482726,50.9,15.06220435394501
2281,0.0,100,1780,9,35.6,0.8779791271347248,212.66,60.001036657711175,37.34,10.334621425093422
2282,2.229924692562113,100,313,15,6.26,0.41717125232171,301.67,47.78243505724671,49.08,8.454206053793579
2283,0.0,100,4302,1,86.04,0.9831018411063173,107.96,13.931920183521008,18.73,2.595592417926975
2284,1.1512907761260749,100,2387,7,47.74,0.740711627256478,98.01,35.57794119956915,18.28,6.145046785826777
2285,1.3290320026599691,100,2758,12,55.16,0.7580331396416747,180.08,81.07881104209656,30.63,13.335407755295673
2286,0.7662012768245883,100,2993,2,59.86,0.9127024348200818,178.29,85.28977605786054,29.82,14.479903314594335
2287,0.4443979371142486,100,4388,1,87.76,0.9451806140430651,111.5,21.93513163853821,19.58,3.27774312599386
2288,0.690919162556697,100,3147,2,62.94,0.7916949516743934,156.82,37.45434020243849,23.22,5.982608126895828
2289,2.239819042098052,100,464,12,9.28,0.547780122715262,298.56,81.70426182274704,43.23,12.796761309018779
2290,1.6655870509773794,100,1291,6,25.82,0.6470555348041869,277.77,82.34851000473536,43.8,12.928263611173776
2291,0.6925707228280983,100,4024,1,80.48,0.9094844446397703,263.95,61.1958127652538,46.93,10.657631068863285
2292,1.941521900394908,100,382,12,7.64,0.47079933207342683,235.85,108.44412155575793,37.3,17.165372119473556
2293,0.742697746924787,100,2913,4,58.26,0.7806917051893417,135.31,63.19457176055551,24.56,11.089923354108448
2294,2.60447325216833,100,423,27,8.46,0.44935172928729933,323.52,86.38547100062603,53.88,14.668524124805467
2295,1.268709522351048,100,1162,18,23.24,0.7465793650793651,177.57,90.3060634730581,27.33,14.766892022358666
2296,0.3121277167004155,100,3459,5,69.18,0.8873150830188737,109.44,59.051218446362306,18.42,9.242488842297838
2297,2.889345081725665,100,129,50,2.58,0.26805194805194804,360.15,24.840440817344607,59.69,4.58409205841244
2298,1.8354716124016093,100,1468,6,29.36,0.6681721162559172,146.72,34.54709249705393,25.18,6.000633299910935
2299,1.4701174730719957,100,1444,6,28.88,0.7371792901503932,236.12,85.3999156908249,38.74,13.644500723734819
2300,0.6912432898153517,100,2612,4,52.24,0.8114659506892093,145.33,25.769771050593373,24.68,4.314811699251776
2301,0.0,100,1176,4,23.52,0.9245359983944711,145.88,49.162644355241916,20.61,7.323790002450917
2302,0.0,100,2075,2,41.5,0.9250799345945256,103.7,40.20609406545232,19.22,6.487803942783721
2303,1.3217514539733777,100,3347,5,66.94,0.8966666666666667,155.62,63.0910104531541,23.8,8.773824707617539
2304,0.6775258224693813,100,2807,1,56.14,0.9436296049887087,76.67,45.5425196931395,14.19,8.040764888989107
2305,1.3391051911385592,100,1186,3,23.72,0.7761567832927279,247.29,109.0810978125908,43.04,20.793229667370102
2306,0.409771828338864,100,4820,2,96.4,0.9849467246065076,97.39,17.748180188402415,18.65,2.801338965566288
2307,2.09960359215574,100,1040,16,20.8,0.6067967563145452,141.46,88.84575622954648,26.58,15.906715562931273
2308,0.6360375056219911,100,2403,3,48.06,0.9890708478513356,130.14,20.136047278450654,19.65,2.8297526393662045
2309,0.4777937836942228,100,3393,3,67.86,0.99,145.88,12.359029088079696,24.99,1.808286481727937
2310,0.1573391999698351,100,1988,8,39.76,0.8283617657762055,105.54,75.54527384290826,15.96,11.854889286703608
2311,1.5930621027243668,100,545,8,10.9,0.6592193409102077,188.1,86.05236777683692,32.53,14.003181781295279
2312,0.0,100,4356,4,87.12,0.9332980407565608,147.18,26.800888044988362,21.64,3.803997896949997
2313,0.5550527905977347,100,4271,2,85.42,0.9460759631224807,63.98,29.919217904216683,13.1,5.2182372502599
2314,1.8595627238432704,100,497,9,9.94,0.4445332019845845,250.66,86.27342812245263,41.27,13.11019069273975
2315,2.0964265087992824,100,752,22,15.04,0.7222577773533656,330.51,88.84790318291141,51.19,14.342729865684564
2316,2.063400654872491,100,1248,6,24.96,0.6033180111997056,291.91,87.60275052759472,47.12,14.508811116008093
2317,2.1142092093080183,100,890,9,17.8,0.627766360839177,247.37,83.37909270314711,43.06,13.796970682001179
2318,1.882158922657483,100,758,18,15.16,0.5764624010862577,270.62,43.339077055239656,46.19,7.713228895864559
2319,0.52522359861058,100,3172,2,63.44,0.8672490606508748,95.33,26.614678280978712,18.38,5.675878786584506
2320,0.1988570995532861,100,2290,1,45.8,0.9108798359869312,134.71,36.74922992390453,22.4,6.278534860936905
2321,0.5901662336594831,100,4369,1,87.38,0.9594234872493052,86.43,21.832203278643227,14.99,3.448173429513081
2322,1.138489310630996,100,773,25,15.46,0.4862848305915456,228.34,110.53915324444999,37.38,17.834674092901167
2323,0.0,100,2639,3,52.78,0.8706128633948922,92.23,46.28473938567657,14.64,7.20072218600329
2324,0.9614169306647592,100,2194,2,43.88,0.8641898909001797,167.32,31.438473245372464,28.2,6.056401571890688
2325,1.2292666800600924,100,1874,9,37.48,0.85177895621964,246.05,49.71445966718335,39.86,8.237742409179836
2326,1.2483984117195088,100,670,11,13.4,0.6963742804147778,197.34,72.00266939496063,33.77,12.341681408949105
2327,1.6126534633493257,100,1267,4,25.34,0.788345235195161,221.99,79.17872125767126,36.08,13.695751165963845
2328,2.433870339836402,100,381,13,7.62,0.46078116556155035,265.23,63.584881064605284,44.61,10.27900286992858
2329,1.3226090703675366,100,2109,3,42.18,0.7665044142882317,202.35,87.57298384775982,32.63,15.098778096256662
2330,1.0573306938027205,100,1367,6,27.34,0.9213811355671672,135.8,50.74958127906082,20.22,8.410208083038135
2331,1.743563820841944,100,1198,6,23.96,0.5450543684696735,374.56,79.34221070779412,62.6,13.27478813390255
2332,0.901901499212804,100,2090,5,41.8,0.9180915255977409,148.26,61.05728785329398,23.09,8.777351536767796
2333,1.926544230212795,100,1147,4,22.94,0.7292571974861768,230.7,82.92653375126685,37.23,13.567501612308732
2334,2.1038289104837764,100,844,8,16.88,0.5094020127460263,393.62,27.932339680019645,62.15,5.194949470399111
2335,0.0,100,3512,3,70.24,0.9027690986056388,124.44,17.10398783909764,20.27,2.918407099772066
2336,0.0,100,4192,3,83.84,0.9639254944697054,113.5,17.005587317114337,17.8,2.88790581563873
2337,1.939663766891398,100,1544,8,30.88,0.6777462578408631,343.26,61.559665366211995,56.34,10.089816648482767
2338,1.9150958389702275,100,1594,6,31.88,0.6675543119850286,279.35,90.13882348910485,44.82,15.268516627361024
2339,1.2989500210901257,100,1735,9,34.7,0.8684042274035559,160.68,82.67259279833915,26.41,13.44774702320058
2340,0.0,100,2935,3,58.7,0.9556674731929716,79.46,28.919343007751753,10.72,4.593647787978525
2341,1.0653510550139471,100,2218,2,44.36,0.9224504443491729,72.96,14.071190425831071,12.33,2.881162959639735
2342,2.2906213370804416,100,627,16,12.54,0.4824731645308158,254.48,92.07751951480883,42.42,15.29913723057611
2343,1.5520433378365226,100,1001,4,20.02,0.774565230771983,170.6,50.66675438588898,29.04,8.553268381151149
2344,1.3640132751725051,100,1498,1,29.96,0.8289452297124147,221.89,71.41566984913044,36.19,12.37311197718666
2345,0.0506805680277076,100,4751,2,95.02,0.9866201171190125,195.52,12.870493386036138,30.86,2.3749526311065656
2346,0.3097522899206966,100,2190,3,43.8,0.9630016280619484,157.2,33.2412394474093,22.51,5.218227668471355
2347,1.1388070506338837,100,2011,5,40.22,0.7777177617132075,157.97,61.30749627900327,27.66,9.795121234573873
2348,1.2909265042924587,100,1647,4,32.94,0.7276725552108566,140.36,50.37589105911676,25.23,9.326151403446117
2349,1.8121193590488491,100,963,10,19.26,0.573424823669979,283.76,75.97343219836787,46.47,12.491961415246205
2350,1.1612158022559038,100,2473,2,49.46,0.8090956838170611,321.09,44.8323755783697,52.13,7.644154629519211
2351,1.459097267925643,100,1980,3,39.6,0.81250602700773,129.57,50.778195123497646,20.05,8.7101951757696
2352,0.220620655390494,100,3607,6,72.14,0.9560077569489335,104.97,52.42908639295557,18.54,9.14266919449676
2353,1.1054984759501116,100,1820,12,36.4,0.8915324675324675,128.3,131.4272041854349,19.4,21.12581359380036
2354,0.8587284473839912,100,2537,6,50.74,0.8313938177428061,194.09,58.48779274344349,34.56,10.255067040248932
2355,0.871219193681228,100,933,7,18.66,0.6979077902866814,259.76,93.21084915394775,41.06,13.296480737398149
2356,2.117972889116891,100,1566,26,31.32,0.6973779340909348,268.61,71.95941842455372,40.89,11.10846073945441
2357,0.9855750794211726,100,1786,1,35.72,0.7464615062276727,167.66,44.434945707179615,29.27,7.036838778883598
2358,0.0,100,4851,2,97.02,0.99,43.7,5.141011573610778,7.11,0.7986864215698172
2359,1.9378084056888063,100,1171,10,23.42,0.5798329530638815,266.24,87.05643227240591,37.32,12.867695986461602
2360,1.4379561670655965,100,1064,4,21.28,0.6827878237995748,240.47,66.8757736403849,40.34,11.569114054239416
2361,1.7348004247992783,100,817,16,16.34,0.47670986996543085,281.92,134.13080779597206,45.63,20.848335664987744
2362,2.114400113266014,100,925,1,18.5,0.6611428784515497,221.8,79.79661646962232,33.11,12.684553598767282
2363,0.0,100,4950,1,99.0,1.0,90.06,0.5444263035526479,14.02,0.13999999999999999
2364,0.0,100,4561,4,91.22,0.96,108.98,11.675598485730829,17.12,1.9610201426808447
2365,1.7958579634065173,100,408,16,8.16,0.440336994625349,301.6,73.27878274098171,49.63,12.874513583044605
2366,2.3877005783185075,100,399,16,7.98,0.4575208503717657,290.13,69.47944372258604,46.43,10.852884409225043
2367,1.6829649052035716,100,934,3,18.68,0.6952009144786804,281.24,80.9333207029095,43.98,12.96300890997148
2368,0.7690882789673467,100,1474,2,29.48,0.7872851021990337,145.73,53.79718487058594,22.21,8.341816348973405
2369,0.7196844859064768,100,1977,4,39.54,0.7990511916258902,151.27,37.087425092610566,21.79,5.718907238275508
2370,0.7562423058474207,100,911,3,18.22,0.718737809864039,225.42,47.47002843900559,34.82,8.115885657154122
2371,0.0,100,4659,2,93.18,1.0,175.83,12.929079626949477,26.34,2.5737909783041824
2372,0.9663562144419174,100,2402,4,48.04,0.8298493036774316,99.02,41.64108067761931,18.02,7.348442011746435
2373,1.6405687680428107,100,1485,13,29.7,0.8204053166635046,192.32,101.39702954228986,31.95,16.663358004916052
2374,0.055070058537073,100,3958,2,79.16,0.9078810213682311,130.07,24.55779102443866,21.32,4.194949344151845
2375,1.019382305582115,100,1837,6,36.74,0.7318675202961683,251.75,74.30563572165977,40.57,12.58988085725993
2376,1.542233238000999,100,1337,16,26.74,0.7209100047597581,248.13,100.9637217024016,36.56,15.767257212337215
2377,0.0,100,542,16,10.84,0.42959152124293953,238.39,133.69531741987078,37.18,20.662710374004664
2378,2.9298986797225175,100,634,16,12.68,0.43848222573346296,466.47,28.736546417410707,77.6,4.762352359916263
2379,0.1068945577648337,100,3640,12,72.8,0.8751960795778895,120.79,60.76171409695417,22.41,10.37891612838258
2380,0.6907850467415854,100,2635,8,52.7,0.9484545454545454,135.83,76.91099466266185,25.31,14.234953459706146
2381,0.6909287800283203,100,1218,5,24.36,0.9515961400887747,97.61,35.49447703516704,14.53,5.080265741080874
2382,1.3036282629989246,100,1650,4,33.0,0.8707716103640224,156.31,52.80126797719918,25.16,9.206215291855823
2383,1.0464621357298094,100,677,13,13.54,0.5112605739051974,222.36,108.5377832830577,36.8,17.760067567439037
2384,1.855006247309565,100,807,8,16.14,0.5490294651119102,323.76,59.6022013016298,50.68,9.906442348290328
2385,1.1989983630008816,100,715,4,14.3,0.685525308805214,220.32,66.26581018896547,36.53,11.94023031603662
2386,0.2163661174080271,100,1095,10,21.9,0.8649944120369817,130.83,66.07511710167451,22.88,11.464972743098867
2387,1.5218463679802958,100,972,14,19.44,0.7492803301120955,187.25,79.45594691399758,29.0,12.818736287169651
2388,0.6759546110886069,100,1677,8,33.54,0.935,102.94,45.92250428711396,17.6,7.47127833774114
2389,0.5632354127690926,100,2178,2,43.56,0.9525247840552759,157.94,51.54237479977033,25.73,8.43546679206314
2390,2.274620565197867,100,3043,14,60.86,0.790503305754125,149.68,91.68226436994236,22.09,14.252785692628652
2391,0.4652697734303961,100,2322,6,46.44,0.8712821888497537,134.18,83.3298721947898,22.39,13.736007425740569
2392,0.9487627716830301,100,2837,1,56.74,0.8994003487817746,144.96,31.22432385176659,27.34,6.464085395475528
2393,0.758252370926606,100,2948,4,58.96,0.912147167156458,91.71,33.67203439057403,15.48,5.391623132230218
2394,0.0,100,4949,1,98.98,0.9997979797979798,97.05,10.742788278654663,17.58,1.8394564414522026
2395,0.990169223090072,100,1071,8,21.42,0.8260164274787172,129.13,53.62474335602922,22.61,9.553946828405527
2396,1.1957574538171964,100,2141,6,42.82,0.905228071637501,205.81,41.79490279926489,32.45,6.59450528849587
2397,0.0,100,3569,2,71.38,0.8967835325839449,226.53,62.12124515815825,35.87,10.402552571364396
2398,1.2807455834533303,100,1930,11,38.6,0.743706464626152,218.58,79.52863383712813,35.64,13.348797698669346
2399,0.1642887426490268,100,2103,5,42.06,0.8623815512677515,131.46,75.43638644579949,23.22,13.91443854418855
2400,1.82272692428589,100,1163,14,23.26,0.8422151307749617,112.52,47.771221462298826,16.19,7.843079752240187
2401,1.2889312550587466,100,3211,1,64.22,0.9024500221890227,175.07,60.026203444829,31.51,10.653163849298478
2402,0.2058507607275133,100,2789,4,55.78,0.9658077640953475,145.4,21.561076039938268,23.77,3.4723335093276972
2403,0.731594974751241,100,1649,5,32.98,0.8594903038422246,114.89,42.890300768355544,16.33,6.225841308610427
2404,0.8707202342131594,100,2120,3,42.4,0.8603884891767316,102.26,45.65427033695754,17.73,8.10167266680159
2405,0.0,100,4035,3,80.7,0.9230509333638156,106.82,42.84679217864507,19.57,7.823368839572886
2406,1.7566214806357985,100,801,7,16.02,0.51866093599729,406.89,31.511869192417006,62.28,5.255625557438429
2407,0.1271018768831022,100,4187,3,83.74,0.9446408430686367,161.68,42.681349556920054,29.48,7.541193539486969
2408,1.7626935116837688,100,1247,6,24.94,0.632791248835849,306.7,66.8469146632812,53.27,11.244425285447008
2409,1.0243606039390931,100,1021,24,20.42,0.6027963294015926,270.92,79.4863107711007,44.91,13.042311911620578
2410,0.7780004516490125,100,1475,6,29.5,0.7857968506790567,109.67,32.32957005591011,16.99,4.633562344460254
2411,1.6130418640929909,100,1403,6,28.06,0.7849843741425022,251.53,53.32400116270345,36.6,7.797435475847172
2412,1.84396635821334,100,1116,10,22.32,0.8687777777777778,113.22,49.790477001129446,17.92,8.084157346316312
2413,0.5403041285131283,100,2420,4,48.4,0.9531711557700708,87.81,43.33536546517174,16.72,8.023814554188052
2414,1.2993741332003816,100,3014,14,60.28,0.7864974222782408,227.0,45.44227107000705,38.89,7.998618630738686
2415,0.0323803925451563,100,4559,2,91.18,0.9587637178051511,91.95,32.57986341285057,14.66,5.344567335154454
2416,0.0,100,3705,4,74.1,0.9238244464666113,178.73,23.032956822778964,30.76,4.086856983061678
2417,1.3153687304482555,100,1096,6,21.92,0.9689083306846464,124.4,15.466091943344965,20.46,2.8157414654048054
2418,0.7792849219611339,100,3346,7,66.92,0.9039819310840744,138.04,24.36018062330409,22.8,4.188078318274385
2419,0.7935378403544467,100,2397,10,47.94,0.8855589878030987,81.73,50.433095284743324,12.75,7.925118295647075
2420,2.882330172254111,100,447,11,8.94,0.3644735353288597,304.03,63.10506398063471,47.64,10.19952940090865
2421,1.2960488833699813,100,2970,7,59.4,0.9059011164274322,147.11,45.56026668051889,24.1,6.518435395092905
2422,0.0,100,3430,4,68.6,0.961093172359919,129.28,41.6423054116844,21.92,7.023788151702755
2423,1.416634696991735,100,2351,5,47.02,0.8835015972460105,221.25,98.22844547278552,31.26,14.380973541454
2424,0.0,100,4950,1,99.0,1.0,73.61,6.645141082023767,12.14,1.6125755796240993
2425,0.0,100,4851,2,97.02,0.99,106.69,14.902144141028833,18.0,2.749545416973504
2426,0.9291263267859486,100,1501,3,30.02,0.8706246680008785,135.56,45.44058098220137,23.79,7.8157469252784795
2427,1.5348556672724663,100,1132,5,22.64,0.7041067829477936,354.29,108.24724430672589,57.8,17.44935528894979
2428,1.4969314799265323,100,2019,11,40.38,0.7504974055647179,267.43,91.91324768497739,43.11,15.754932560947381
2429,1.7624207832254193,100,881,6,17.62,0.5514286548036323,377.49,89.97671865543886,63.02,15.384394690724754
2430,0.6930979520651905,100,3448,2,68.96,0.9417914836326585,99.86,22.792990150482666,16.54,3.3118574848564974
2431,0.6221486790798485,100,1597,5,31.94,0.7245826586847909,175.31,83.90324129615018,27.2,13.197727077038683
2432,0.3964053889412775,100,3691,2,73.82,0.9469782645205898,193.93,30.764347872171772,32.08,4.949100928451551
2433,3.0348637867773114,100,60,50,1.2,0.07728571428571429,387.08,32.41378719002147,62.83,4.986090653006623
2434,0.9693391821175488,100,2801,4,56.02,0.8954017026857413,187.28,61.90817070468162,26.64,9.867644095730247
2435,0.9320659556989734,100,908,3,18.16,0.5845674946354926,366.54,80.25689004689877,63.76,12.752348803259736
2436,1.5924511062040014,100,642,13,12.84,0.5260840687090687,239.18,124.49766102220556,38.31,20.383667481589274
2437,1.4405402337991131,100,1518,7,30.36,0.7520209153538764,249.49,52.60902869280139,42.11,8.738300750145877
2438,2.208349742459486,100,1826,23,36.52,0.6816417209908735,155.51,83.9729117037155,24.4,14.397221954252146
2439,2.2460236576260404,100,364,10,7.28,0.41606647151276305,333.2,78.80114212370275,54.17,12.852279953377922
2440,1.5313588928892476,100,786,5,15.72,0.6850646355704724,249.57,128.73020274978205,40.47,20.404634277536072
2441,1.5081217789858148,100,1891,1,37.82,0.7210525124249126,278.19,57.49864259267344,46.64,9.664905586709061
2442,0.17096166809569543,100,4040,3,80.8,0.9875,47.56,13.536853400993893,8.51,2.5670800532901183
2443,1.5019416070178828,100,631,13,12.62,0.6037696170709913,261.65,108.25685890510587,40.66,16.97835092109949
2444,1.38151777456242,100,1926,8,38.52,0.8597211176867361,131.03,71.40972692847943,22.96,12.361973952407439
2445,1.4893645489200396,100,632,18,12.64,0.7179690816037843,124.75,64.11417549965061,20.67,10.994594126205842
2446,1.4500141669012059,100,888,14,17.76,0.7548905434449115,184.97,96.97416717868732,31.69,15.847835814394342
2447,0.6854155050352485,100,1575,3,31.5,0.9903716608594658,90.82,4.043216541319547,14.61,0.7196526940128829
2448,0.3226942929799415,100,4283,4,85.66,0.9495790436970946,136.25,13.076983597145023,24.43,2.3420290348328305
2449,0.6898059449806343,100,1897,3,37.94,0.9915569314406524,46.1,22.115831433613344,8.23,4.083760521871967
2450,1.2136074425546712,100,3639,9,72.78,0.9247761731954012,111.59,39.01720005330982,20.78,6.573553072730149
2451,1.1116452539301616,100,1415,6,28.3,0.8314852909221498,177.55,39.78551872226878,30.16,7.603578105076584
2452,2.308846878056143,100,845,6,16.9,0.6344282488693357,345.38,66.13664339834612,52.97,10.065242172943481
2453,1.919267860639429,100,1404,8,28.08,0.5995933075172107,333.13,63.08908859699908,54.27,11.175737112155064
2454,1.328237685636402,100,1359,1,27.18,0.7248322308827129,155.53,39.70326309007862,30.46,7.531825807863588
2455,2.3116133358005517,100,868,2,17.36,0.5213815082461875,307.53,71.67209429059541,51.37,12.046289885271731
2456,2.131038225163028,100,814,13,16.28,0.46097751134522513,349.83,57.99259521697576,58.03,10.191619105912464
2457,1.271786960208225,100,3008,6,60.16,0.7776623351954811,206.96,94.64099745881803,30.41,14.856712287716956
2458,0.6775264860199398,100,1028,1,20.56,0.8098282727467473,232.68,94.20402114559654,36.25,14.827255309058383
2459,1.6733681944413863,100,1201,5,24.02,0.8333945764064141,133.7,60.3422737390629,20.92,9.503346778898473
2460,1.63629906915947,100,719,16,14.38,0.7305635994829544,217.04,73.59808693165876,34.72,12.227902518420727
2461,0.6061184388352168,100,3927,2,78.54,0.9145174587404529,170.87,48.299410969493195,28.75,7.645096467671287
2462,1.1566113949029764,100,1170,5,23.4,0.7504654944084781,238.63,90.68083094017169,38.62,15.56199216038872
2463,0.4893699302160686,100,3723,7,74.46,0.864134889952946,222.4,51.7779876009101,37.74,9.012901863439987
2464,1.6540814204345935,100,1538,6,30.76,0.6733833569936932,265.95,98.3041581012726,46.65,16.97372970210142
2465,0.7218853822795857,100,1098,4,21.96,0.7733163938845904,183.34,62.35562845485562,31.9,11.260106571431727
2466,0.9043461745716684,100,2024,2,40.48,0.7938061841156494,165.05,71.37637914604522,27.66,12.3614076868292
2467,0.16807833129362706,100,3353,7,67.06,0.94,112.39,22.4164649309386,18.28,4.030086847699441
2468,0.0802774570279963,100,4720,3,94.4,0.9754639175257732,106.81,25.294147544441977,17.19,4.160997476567367
2469,0.0,100,2963,5,59.26,0.9435485788163135,125.24,17.342502702897296,22.36,2.930938416275579
2470,1.3760498846529263,100,1181,6,23.62,0.832555978997251,188.52,52.97782177477666,34.95,8.42540800199017
2471,0.669404092431837,100,1901,1,38.02,0.9055904514206011,134.52,29.37464212547959,22.12,4.817219114800571
2472,0.5827314531399833,100,1573,2,31.46,0.8789913074870959,129.8,23.7714114010927,22.21,4.005733391028415
2473,0.9131518013336107,100,3618,1,72.36,0.9053564277481572,159.97,37.17726590269919,25.19,6.320909744649104
2474,1.786546773979751,100,1385,7,27.7,0.788455421876128,207.87,124.46715671212225,34.77,18.970954114118772
2475,0.3129513634506102,100,3609,2,72.18,0.920786887970906,117.23,32.55329630006768,20.11,6.013143936411302
2476,1.0722837853996725,100,2119,6,42.38,0.8336130241242136,180.3,51.47863634557544,29.11,9.150841491360234
2477,0.6702650910831247,100,3044,6,60.88,0.9030241340937544,49.72,41.3874570371266,7.9,6.392964883369843
2478,1.092893552114412,100,1020,13,20.4,0.6890075403839424,248.72,73.18703163812563,45.74,12.927196138374322
2479,2.385273881822016,100,970,8,19.4,0.5646067008108772,377.46,90.97762582085774,58.49,14.29510055928254
2480,0.0,100,4314,1,86.28,0.9856107704195008,117.43,10.112620827461098,17.02,1.4281456508353763
2481,1.650578872828523,100,1271,15,25.42,0.7218250997562883,255.54,119.97086479641631,44.34,19.824843000639376
2482,0.3595931909428824,100,2717,2,54.34,0.9767627481072103,122.34,27.865469671261593,20.76,5.227083316726452
2483,1.4120224894568214,100,388,22,7.76,0.627462703962704,161.95,65.96413798421078,29.03,11.84436997058096
2484,1.6194786894773479,100,1065,7,21.3,0.8693939140606156,158.23,134.426921038905,26.07,22.11617281538558
2485,0.9025413621608468,100,2549,9,50.98,0.901991592237472,147.62,49.82846174627509,23.99,8.815321888620971
2486,1.0115988640471298,100,1324,16,26.48,0.7765032061842179,221.33,124.75215869875758,32.8,18.48837472575672
2487,0.5608283119436117,100,1866,2,37.32,0.8268510742149218,156.47,65.18825891216915,27.02,11.076082339888956
2488,1.647183705022602,100,1225,3,24.5,0.5998129871558892,325.93,71.36781557536982,55.67,11.246381640332148
2489,0.6446892308412306,100,3782,3,75.64,0.9831149741961983,132.73,48.46583435782365,20.89,8.163204027831227
2490,0.3001128553309988,100,2348,1,46.96,0.9012801831000595,131.73,82.93815225817367,22.16,14.106537491532073
2491,1.716606144725839,100,540,9,10.8,0.7176742751186486,201.22,68.79310721285962,32.99,11.841870629254485
2492,1.36671046882105,100,1173,7,23.46,0.6374390621224513,246.09,61.031810558101576,40.61,10.017879017037489
2493,0.0,100,2400,3,48.0,0.7653760386865188,135.56,55.04967211528149,22.19,9.007435817145742
2494,1.7564052715385354,100,995,8,19.9,0.669754172508439,229.15,80.56331361109721,37.22,13.667904009027865
2495,1.7599812112467397,100,1194,19,23.88,0.5785417199849566,228.24,88.1130092551605,37.49,15.109927200354075
2496,0.9985636757543407,100,1704,2,34.08,0.7880465724627492,95.39,30.708596516285144,17.41,5.919619920231366
2497,1.097892651449812,100,451,25,9.02,0.669974025974026,179.66,90.86662973831483,33.01,16.523011226770986
2498,0.0,100,3241,2,64.82,0.8588180241646625,126.55,41.597445835050976,18.03,5.0466919858457775
2499,2.612133746490493,100,576,8,11.52,0.4910916785899043,288.01,79.00474605996781,47.32,13.302541110629951
2500,1.3289282236163786,100,1578,3,31.56,0.7879345382203397,225.87,47.02247441383748,40.34,7.825880142194871
2501,0.6523963971216109,100,2287,8,45.74,0.7806883560298837,175.21,107.00199016840763,30.12,19.045356389419442
2502,0.0,100,3370,2,67.4,0.8459488541322977,146.3,48.008853350189476,20.99,6.969210859200632
2503,0.0,100,4851,2,97.02,0.99,104.64,1.2846789482201382,16.82,0.4093897898091744
2504,0.7606988480128702,100,2056,7,41.12,0.7384359857562224,239.5,88.76615345952533,42.41,14.17469223651787
2505,0.3232177157677729,100,4577,1,91.54,0.9656102962473248,125.6,6.348228099241551,21.93,1.2981140165640304
2506,1.4612723150842097,100,1859,6,37.18,0.7199336482065906,150.0,43.103364137848914,24.44,6.582279240506286
2507,0.0,100,2012,7,40.24,0.8498695605469798,134.54,52.41896984871031,24.42,10.144141166210177
2508,2.780849546434977,100,119,30,2.38,0.21798901098901097,391.48,29.871216915284858,67.6,5.0517323761260355
2509,1.0168925087591376,100,2095,3,41.9,0.9390016365455977,123.18,42.56274897137167,23.68,7.311470440342353
2510,1.9163777428647026,100,1735,8,34.7,0.5966541194703635,158.59,41.84736431365779,27.67,7.010071326313305
2511,0.8861995398618886,100,1654,11,33.08,0.7707889627791649,149.03,54.858263734828505,22.96,9.220542283401773
2512,0.663432654605262,100,2843,3,56.86,0.9635451172016389,90.44,22.68714173270842,12.9,3.5227829907617076
2513,1.1733595980127005,100,2162,4,43.24,0.8027826246182745,195.27,30.40291268941185,34.2,5.043808085167397
2514,0.0,100,4794,1,95.88,0.9935683364254793,115.97,10.509476675838812,16.48,1.9415457759218557
2515,1.6112578683570475,100,457,11,9.14,0.3930559699513415,311.04,84.87260099702377,53.46,14.29364893930168
2516,1.9863797057011452,100,907,18,18.14,0.6380896904935949,279.64,61.714588226771795,42.72,10.761115183845956
2517,0.9852136093194735,100,791,7,15.82,0.7480090862609754,198.99,90.30243573680612,33.03,14.824611293386415
2518,2.04251333230215,100,453,16,9.06,0.7346692897371994,135.37,42.29152515575667,22.36,6.682095479712933
2519,0.6813624141870503,100,2229,2,44.58,0.9896237850200115,123.72,19.081446486050265,22.45,3.2446109165815242
2520,0.3924629209710229,100,3741,8,74.82,0.9195704514363885,120.16,41.49499246897149,22.26,6.7610945859379905
2521,0.9865293195841832,100,3306,8,66.12,0.8411059692544679,138.49,45.03809387618441,25.13,8.191037785287039
2522,1.8767971881286627,100,859,6,17.18,0.6298101024469351,232.61,114.83256463216347,41.21,20.619066419215002
2523,1.916749572800468,100,980,12,19.6,0.6465115045291199,243.77,86.6849300628431,38.22,13.458514033874618
2524,1.6910049175123236,100,1190,4,23.8,0.6109574754839083,296.4,43.94792372797605,50.44,7.809378976589624
2525,0.0,100,4516,4,90.32,0.952936500803164,126.11,26.33472802213837,22.77,4.144526510953935
2526,2.3261790930804764,100,429,28,8.58,0.5117240594802515,289.6,103.01650353220109,46.98,16.36336151284326
2527,2.1157902702592035,100,839,10,16.78,0.6050698048745798,219.4,103.85143234447949,34.59,17.08923345267423
2528,1.2678008138822063,100,2332,2,46.64,0.7903697270685263,221.91,96.66355000722868,38.75,16.787718725306306
2529,0.0,100,2734,5,54.68,0.9310258114044667,78.04,26.160626903803355,13.2,4.4586993619215916
2530,0.0,100,3628,1,72.56,0.9781169314241464,99.94,19.578467764357864,19.4,3.518522417151836
2531,0.4934662794979769,100,3001,2,60.02,0.7888158949125135,94.07,23.867239052726646,17.24,3.5919910913029836
2532,2.7775808021098958,100,797,12,15.94,0.7396243648156363,148.66,87.58461280384816,25.65,15.288803092459528
2533,0.0,100,3426,5,68.52,0.97,138.21,18.307536699403336,21.83,2.9259357477566046
2534,1.7931193479164895,100,692,11,13.84,0.514870800823555,247.81,82.26344206268055,44.57,14.808278090311513
2535,0.47415843231962435,100,1253,12,25.06,0.7643135519532375,158.51,70.22898190918049,24.6,11.790674280973077
2536,0.567802235638351,100,2401,7,48.02,0.8914182425243997,165.08,38.30500750554684,26.93,6.192342044816324
2537,1.911699332263943,100,602,11,12.04,0.665026312904561,310.55,99.13449197933078,50.83,16.637340532669278
2538,0.6897002244884035,100,858,9,17.16,0.7043466930094779,251.14,32.11417755446961,42.72,5.416788716573685
2539,0.6818659576799471,100,4372,6,87.44,0.9397872340425532,123.15,29.155917066695054,23.43,5.409722728569368
2540,0.7248550863123974,100,2099,12,41.98,0.8203013790882122,138.53,62.719606982187,24.71,10.862131466705787
2541,0.4170838248581741,100,4719,1,94.38,0.983060105343878,97.12,13.06007656945395,17.72,2.5222212432695112
2542,2.4466960093733747,100,324,21,6.48,0.34522169520951324,411.73,28.926062642537435,72.74,5.0746822560629345
2543,1.0118205756949787,100,2708,6,54.16,0.955,72.81,28.94328765016165,12.01,4.506650640997147
2544,1.0534030209722876,100,3591,2,71.82,0.8701531464109783,88.79,28.95731168461603,14.28,4.978112091948111
2545,1.242709528066723,100,2527,5,50.54,0.774229645129242,185.83,37.81773525741593,32.41,6.560632591450308
2546,1.4826502948830864,100,2068,5,41.36,0.9090151861036603,196.38,51.15325600584972,29.86,7.675962480366876
2547,0.8189592647752636,100,2603,9,52.06,0.8701248913232482,139.59,66.44758761610537,27.81,11.991409425084276
2548,1.075581284613985,100,1113,3,22.26,0.8326155235953359,179.77,39.49198779499457,29.16,7.006739612687203
2549,0.0,100,3776,5,75.52,0.932645165134367,188.24,25.289966389855085,29.78,4.599086865889794
2550,0.6662518596718064,100,2421,3,48.42,1.0,77.06,33.02508743364656,12.78,5.470977974731757
2551,0.6305088692600653,100,3095,3,61.9,0.9848039108812062,88.1,14.036737512684349,13.33,2.3960592647094523
2552,1.2552088777613823,100,833,15,16.66,0.7291905229448679,238.82,85.30455790870732,33.46,13.072429001528368
2553,0.6904330541970035,100,1606,2,32.12,0.8609586040652559,146.63,62.48210223736074,22.56,9.70908852570621
2554,0.7865478238426195,100,2379,8,47.58,0.8661496200107053,134.47,42.14296026621765,22.27,7.248248064187649
2555,2.9772400683450786,100,126,40,2.52,0.19210735179852825,360.74,84.07218565018992,58.95,12.552589374308395
2556,0.0487550600314654,100,4689,2,93.78,0.9845466021460131,90.88,14.293550993367603,15.88,1.8616122045152155
2557,0.0495160743046797,100,3568,2,71.36,0.9896169412119866,140.81,19.049249329041814,22.51,2.954640418054285
2558,1.668993936101633,100,1368,4,27.36,0.7375232937467449,307.65,75.62888006575265,52.0,13.118688958886096
2559,0.7718325181460872,100,3095,13,61.9,0.8392716049382716,177.3,91.99385849066229,28.94,15.701477637470939
2560,0.3373724332590189,100,2836,5,56.72,0.9673333333333334,86.38,39.57064063166024,16.84,7.715853808879482
2561,1.9252571783549481,100,1116,5,22.32,0.6747468576514367,180.14,72.86480906445854,32.8,12.734991166074675
2562,0.0,100,4036,1,80.72,0.9532609121199779,100.41,18.9953125796866,15.37,3.015476745060389
2563,2.011262106192354,100,476,20,9.52,0.530843110128873,204.54,92.40220993028251,35.84,16.02418172637842
2564,0.0,100,2190,4,43.8,0.9425538335169863,217.79,47.567487846216984,36.27,7.7238008778062115
2565,0.5450260316563004,100,1695,11,33.9,0.8069087812162524,137.9,66.15867290083743,24.63,10.802458053609836
2566,1.4493236770409006,100,1590,4,31.8,0.7370223744959773,272.55,82.87404599752567,44.92,13.997628370549062
2567,0.950290452374586,100,4098,5,81.96,0.9391310861423221,116.6,55.05706130915453,18.51,8.660825595750097
2568,0.9966273956152564,100,635,13,12.7,0.6439772010441795,215.54,101.93747299202586,36.67,17.36090723435846
2569,1.4529713705473035,100,664,7,13.28,0.655300760143796,228.68,107.19747011940161,32.89,15.416157108696058
2570,0.0,100,4616,1,92.32,0.9746074663812423,167.41,22.459784059514018,25.64,4.134053700667179
2571,0.8447146156275048,100,1849,5,36.98,0.7914215784215785,119.11,111.0035940859574,21.16,19.079685531999736
2572,0.23782088170997687,100,2936,6,58.72,0.8849977801646974,125.85,53.46052281824412,21.28,8.398904690493874
2573,2.323040285680662,100,869,39,17.38,0.548952380952381,283.1,110.04785322758458,47.82,17.122721746264524
2574,1.3078800291232495,100,1667,1,33.34,0.7156576561965534,259.58,56.906797485010514,37.44,9.462895962653294
2575,1.921378861008128,100,1515,11,30.3,0.7566614340229214,376.25,65.99066221822599,53.68,9.444448104574455
2576,0.8673870672206747,100,2122,7,42.44,0.8563449687567335,163.62,50.605687427402856,29.78,8.879842340942771
2577,2.5671761978795167,100,312,19,6.24,0.38493974371525186,363.53,62.01458779996849,63.35,10.457891756946042
2578,2.409873033515937,100,501,15,10.02,0.476243133984442,337.44,70.29499555444896,56.96,11.675547096389103
2579,2.181401013558949,100,185,25,3.7,0.3250079367656767,283.68,67.14162345371163,52.1,11.92937550754439
2580,1.3561734330041826,100,2202,7,44.04,0.7813876610117008,191.8,72.47951434715881,29.84,11.416409242839888
2581,0.09081376947076152,100,4069,3,81.38,0.9283789777165962,212.96,50.148762696601,33.97,8.485817579938894
2582,0.0,100,1991,6,39.82,0.9214668008163297,69.75,32.8162688311758,11.04,4.975781345678285
2583,1.3602236667310477,100,1187,6,23.74,0.911841228171349,137.93,24.774283037052758,22.73,4.586621850556246
2584,1.9997154536221389,100,546,6,10.92,0.5252303293041145,336.42,68.37297419302453,46.85,10.404205880315903
2585,2.82413732742217,100,422,10,8.44,0.4768910371530346,404.87,75.30214538776436,66.58,12.098909041727689
2586,0.36572227426981635,100,2797,4,55.94,0.9068867942061482,98.38,49.50328877963564,14.28,7.440537614984551
2587,0.3348329067460191,100,2692,4,53.84,0.9307810647813751,95.75,18.8856426949151,15.65,3.1539657575820317
2588,1.2734922999382068,100,1862,5,37.24,0.8596375837791334,229.84,57.18508896556863,35.89,8.118983926576034
2589,1.0220846539977853,100,880,7,17.6,0.7952808260096619,268.76,54.31723851596288,42.16,9.272238133266423
2590,0.7688673853390621,100,1886,10,37.72,0.932969696969697,135.89,42.41388805568289,22.0,6.606057825965498
2591,1.7281666542596676,100,1055,15,21.1,0.6247972689423941,343.36,94.24654052006366,51.65,14.81848507776689
2592,0.0,100,4919,1,98.38,0.994522073082444,109.04,27.607940886636225,20.64,4.663732410848633
2593,0.4015391775491333,100,2410,9,48.2,0.8285378189409116,233.17,33.91255077401285,41.42,6.197063820875173
2594,2.4646748543423684,100,436,17,8.72,0.4455130669346639,264.03,111.24490595078949,40.59,18.02503536751038
2595,0.5132975010947308,100,4006,10,80.12,0.8997777777777778,133.06,61.108071479960806,25.58,10.25883034268527
2596,0.0,100,4260,5,85.2,0.9492899434806042,86.85,31.27982576677818,16.6,5.451605268175603
2597,1.1893792926784974,100,2013,3,40.26,0.9499469499644815,136.37,63.830502896342594,19.93,10.39062558270675
2598,2.8467298364957165,100,161,30,3.22,0.34216167166167166,338.84,39.627697384531444,54.83,6.025039418958187
2599,2.0140825842065384,100,711,14,14.22,0.4577386592542364,310.1,66.45487190567748,51.06,10.885605173806368
2600,0.2702194802288844,100,3680,7,73.6,0.9353856637526796,136.49,48.64534818459007,24.86,8.802295155242184
2601,1.081126068406878,100,1748,8,34.96,0.9081234304458683,203.96,31.060238247637443,29.48,5.022907524531981
2602,0.9693351577131247,100,2131,2,42.62,0.9401337367258082,163.94,55.4174737785836,25.04,9.529868834354437
2603,1.164924813587202,100,1828,4,36.56,0.7648263912046184,135.68,37.10145010643115,22.93,6.748710988033197
2604,0.7613712470058148,100,3787,2,75.74,0.882389891955775,162.5,45.54459353205383,28.73,7.6182084508104655
2605,1.592685381171196,100,913,12,18.26,0.501948236571772,235.47,67.73883007551872,35.77,11.56793412844316
2606,0.9585533942070953,100,1450,6,29.0,0.8795614385614385,67.55,14.632412651370927,12.6,2.9732137494637008
2607,2.848511765772684,100,196,30,3.92,0.20816203361482,372.28,54.90866598270259,60.75,9.045855404548538
2608,1.1817484152039728,100,2487,7,49.74,0.7691241587339301,238.46,47.49240360310268,41.27,7.952175802885648
2609,0.2381727280812509,100,4646,4,92.92,0.9681140350877193,149.54,37.75378656505861,22.78,6.149113757282428
2610,1.878958288039689,100,1299,15,25.98,0.7055577660282764,155.44,56.170333807090735,23.49,9.319329375014062
2611,2.398868088559466,100,375,20,7.5,0.45068236160124703,379.4,96.09047819633328,56.68,14.709099224629629
2612,1.550063352483727,100,969,6,19.38,0.6480924766638319,292.41,55.282021489811676,49.28,9.532135122835808
2613,0.7797861861615623,100,742,5,14.84,0.5788950096392933,249.78,84.31981736223105,41.99,13.890640733961844
2614,0.1503445193662336,100,3071,4,61.42,0.884930959096392,112.59,74.61395244858697,20.05,12.616952880945542
2615,0.9850600228266364,100,1873,1,37.46,0.8263009996080389,159.27,61.10676803759138,28.49,10.960378643094408
2616,1.8540098208828237,100,1079,6,21.58,0.6984769495776425,260.86,111.33265648496852,41.92,18.002044328353378
2617,0.876275066859562,100,700,5,14.0,0.7482944362833135,176.73,58.95266830263071,28.68,10.69755112163527
2618,0.985182294623399,100,1542,1,30.84,0.7985927396209165,160.88,38.31221215226288,26.88,6.274201144368899
2619,1.8222478355249887,100,1131,8,22.62,0.6798927973288074,219.14,120.66159455269934,34.05,18.945382023068312
2620,0.1337733321578466,100,2546,3,50.92,0.8382993364033194,310.41,29.88715275833414,46.34,4.4614347468051125
2621,0.0,100,4376,4,87.52,0.9426996110729811,120.18,26.164624973425475,18.45,4.155418149837631
2622,0.8762203241066703,100,2641,7,52.82,0.880503016070041,201.96,42.80932608673021,34.09,7.068373221611887
2623,0.0,100,4950,1,99.0,1.0,99.79,6.409828390838557,14.34,1.1766052864066183
2624,0.7294937566500298,100,3376,5,67.52,0.9121942955383697,179.27,43.66047526081227,27.95,7.05744287968383
2625,1.7895889428593408,100,443,9,8.86,0.4705331037299385,262.23,76.86362663835216,47.64,13.175370962519423
2626,1.518408078247176,100,1294,32,25.88,0.5804413996367778,195.09,88.9444877437607,30.56,15.324046462994035
2627,0.3272388167289786,100,4309,3,86.18,0.9748687522993852,158.33,19.796492113503337,24.15,2.6659894973536558
2628,2.3749932828929,100,481,8,9.62,0.558008890876925,384.23,23.399510678644543,63.53,4.508780322881123
2629,0.0,100,2517,7,50.34,0.9052729458479809,97.99,43.25563431508085,12.61,7.172022030083287
2630,2.038687809706936,100,537,11,10.74,0.5986004651822485,192.34,72.81706118760904,28.17,10.771309112638074
2631,2.18155634879158,100,1182,5,23.64,0.5948500797461403,323.48,62.96276359881291,53.66,10.567137739236674
2632,0.49542654473505426,100,2259,7,45.18,0.9085805844124307,165.35,64.27478121316322,27.96,10.856260866430947
2633,0.0,100,1920,4,38.4,1.0,108.43,22.51632962984864,19.65,3.9124800318979265
2634,0.811767355593258,100,1816,14,36.32,0.7715137640112433,153.33,61.89071901343529,26.99,10.90366452161841
2635,1.2646284933274403,100,2054,4,41.08,0.880683209358082,174.69,95.98600887629405,27.92,16.652134998251725
2636,0.0,100,4024,2,80.48,0.9250665696380622,120.59,61.82492943788937,19.63,10.730009319660443
2637,1.5515469568503537,100,996,4,19.92,0.6611657686880636,242.55,94.2283794830411,40.73,15.71423240250697
2638,1.5044816415903204,100,1374,1,27.48,0.76971012595959,258.26,55.463072399570514,45.78,9.56407862786583
2639,0.0,100,4851,2,97.02,0.99,113.11,11.542005891525095,19.49,2.012436334396693
2640,2.2523628197084298,100,327,16,6.54,0.423720760252595,361.27,93.24718279926746,55.88,14.955453854697957
2641,2.404405998105447,100,361,15,7.22,0.57637105584474,209.81,97.83431862081936,36.85,16.54894256440574
2642,1.8304000285195883,100,952,25,19.04,0.6870569506794232,293.83,110.05399174950448,47.53,17.55531543436346
2643,1.59432463226405,100,927,4,18.54,0.5330453755607327,252.71,88.76624302064383,45.26,16.00351211453286
2644,1.112261087892491,100,1878,6,37.56,0.8944318492582569,113.98,34.67188486367592,19.34,5.839897259370236
2645,0.0,100,2524,2,50.48,0.9489410392611104,87.47,64.0183497131877,14.75,10.394589939001923
2646,0.6375868688833609,100,2992,18,59.84,0.810293935969825,86.02,71.12298925101504,13.44,11.347528365243244
2647,1.872852580726314,100,251,14,5.02,0.5876132756132756,259.71,113.997218825724,42.14,17.4745643722526
2648,0.0,100,4585,1,91.7,0.9687941232651335,133.99,18.891529848056248,22.12,3.213347164562211
2649,1.391789022492081,100,1452,5,29.04,0.7690088361629059,192.36,72.97568362132691,30.18,11.693912946486305
2650,1.7723383279998643,100,2486,15,49.72,0.7948559737873883,118.49,42.790535168422466,20.31,7.379288583596661
2651,0.6840501178572106,100,2095,2,41.9,0.8558493799767843,236.24,36.11208108099006,36.84,5.695120718650308
2652,2.4110570494659784,100,337,25,6.74,0.4290903100167806,257.1,83.9017878236215,42.74,14.358704676954673
2653,1.045740122243136,100,2040,7,40.8,0.8921705403290328,137.63,64.66987784123302,22.68,10.252687452565791
2654,2.3089506335293204,100,1183,8,23.66,0.5830853511291815,386.32,21.23811667733276,68.03,4.304544110588251
2655,2.909743435192361,100,174,23,3.48,0.2739988612836439,353.86,64.43291394931632,58.32,11.3867291177054
2656,1.9294775487557285,100,261,24,5.22,0.4110433003815357,253.93,95.47672543609778,43.23,16.33208804776658
2657,1.7356520399833009,100,2830,10,56.6,0.8721143558430609,131.33,38.90656885411511,22.32,6.003132515612161
2658,0.7654709441541719,100,2129,10,42.58,0.8123851650519588,103.95,60.63800376001835,14.06,9.633088808891985
2659,2.1490660687834926,100,457,16,9.14,0.6053049162216614,203.4,100.2094805894133,32.97,16.330006123697565
2660,0.7623224825109864,100,2362,4,47.24,0.8795767568817652,235.21,46.822066379005534,42.21,8.048968878061338
2661,0.6411427182354896,100,3646,4,72.92,0.9014135176795868,174.24,68.21643790172571,30.53,11.332656352329758
2662,1.851562981987336,100,697,22,13.94,0.739175983436853,228.81,112.81167448451424,32.69,16.999232335608568
2663,2.415626220293527,100,466,15,9.32,0.6802869450810627,236.62,87.16739986944661,40.05,14.968216326603512
2664,1.7750256951320778,100,806,13,16.12,0.6407518733144059,214.49,39.86840729198999,34.86,6.610627806797172
2665,0.0,100,1205,3,24.1,0.9042038678578048,166.57,46.18403512037466,29.09,8.586145817536528
2666,0.5595791935274623,100,1186,8,23.72,0.8949995467433212,91.91,26.977433161811376,15.63,4.439943693336661
2667,0.0908585087039812,100,2714,4,54.28,0.8764480871331867,153.17,35.624445258838776,28.82,6.208671355451182
2668,0.673026563448047,100,4173,1,83.46,0.9233068730479828,115.34,30.8273320285749,21.29,4.984566179719154
2669,0.6632873728301328,100,1877,3,37.54,0.9336554824801323,159.96,44.77452847322906,25.56,7.388260959116158
2670,1.5312611473104087,100,721,8,14.42,0.505990882597064,297.56,73.50011156454117,49.68,11.814296424248038
2671,0.9994427493378945,100,1683,4,33.66,0.7319595625558122,144.16,50.59223655858674,26.18,9.26647721628883
2672,0.2202505018608689,100,4408,2,88.16,0.974453485695254,97.09,9.195754455182023,15.99,1.5132415537514161
2673,1.019045097843747,100,1209,4,24.18,0.7660269624196873,175.87,49.74829745830504,30.0,8.809086218218097
2674,0.2815214864750874,100,4108,4,82.16,0.9693526570048309,121.35,40.03732633430958,21.93,7.54884759416959
2675,1.4344410732682864,100,525,19,10.5,0.7619696969696971,150.47,79.16621185834269,24.7,12.074352984735869
2676,2.508691489208565,100,704,7,14.08,0.47975661874810355,353.83,38.9268686128232,60.49,6.838852242884036
2677,1.615675090891384,100,2211,4,44.22,0.8146556751177786,92.9,24.450562365720753,15.14,4.39094522853565
2678,2.9855165722289176,100,213,18,4.26,0.35052315956280145,405.0,21.990907211845535,58.17,4.2025111540601525
2679,1.890425880378568,100,1110,15,22.2,0.7453718946243864,183.48,94.0178153330527,33.65,17.134978844457322
2680,0.6396809086686628,100,2845,1,56.9,0.9840563146221237,145.81,23.31681582034734,24.84,3.700594546826226
2681,0.7262355049009795,100,1785,5,35.7,0.9319110402268297,108.9,32.31330995116409,18.43,5.126899647935388
2682,0.5442222043561433,100,3126,7,62.52,0.9573333333333334,90.23,27.153215279226135,15.57,4.327250859379428
2683,2.3885032813774933,100,161,30,3.22,0.21090183999007528,312.98,69.48265682888069,54.96,11.288861767246512
2684,2.0167522119734027,100,566,6,11.32,0.4758308290601819,438.46,64.20520539644741,65.32,9.55079054319589
2685,1.833825979261439,100,820,6,16.4,0.6355880508662775,239.63,59.08124152385425,42.2,9.953893710503444
2686,0.6834624706008062,100,3031,1,60.62,0.9928373250673872,129.97,20.805025835119743,16.6,3.449637662132068
2687,0.6738094473184142,100,982,8,19.64,0.8717992455314436,197.15,64.16469044575841,32.95,11.25288851806504
2688,1.9537949811058304,100,933,8,18.66,0.5004659725020897,398.31,55.062454540276356,63.94,8.672738898410351
2689,2.015657334755706,100,506,13,10.12,0.45828914362750595,259.68,87.63342741214679,44.63,14.868527163105295
2690,0.8229549342600654,100,2147,12,42.94,0.8739760732970112,146.23,70.8963828414398,23.15,12.008642720973922
2691,0.5342862192155091,100,3272,3,65.44,0.9366907775768535,144.37,33.91980394990514,23.97,6.250527977699164
2692,0.4498651740092035,100,1767,4,35.34,0.952756074005266,166.72,42.92367179074968,24.23,6.385694950434134
2693,0.5737050134157129,100,1648,11,32.96,0.7861145827354536,157.03,58.96396441895676,26.54,9.513590279174315
2694,1.7502653004519655,100,908,21,18.16,0.7607097245028279,201.31,71.36241237514326,32.39,11.84642984193972
2695,0.6262628108152625,100,4082,1,81.64,0.8933072256323661,121.72,18.46622863499746,23.48,3.427768953707353
2696,1.5986176279185484,100,1660,7,33.2,0.685963675163226,131.49,41.019384441992784,22.29,7.0728989813230045
2697,1.6844613306286755,100,1278,2,25.56,0.6764649795984835,276.74,101.4222480523874,46.27,17.055119466013718
2698,2.1447731957340084,100,484,15,9.68,0.6500959214523385,277.01,99.43414856074344,41.64,15.13110703154267
2699,0.5648623260902339,100,2974,6,59.48,0.9775238095238095,57.54,37.40198390460058,10.04,6.009858567387422
2700,2.8215667288395747,100,428,14,8.56,0.36458919340280166,403.94,59.81869607405364,69.7,10.548459603183776
2701,0.0,100,4656,4,93.12,0.97,52.68,23.108388087445647,8.65,4.10700620890692
2702,2.572604765213881,100,299,26,5.98,0.33484920603723956,392.97,58.01852376612146,67.07,10.216902661765943
2703,0.0,100,2376,4,47.52,0.969642857142857,79.69,9.079311647916928,12.7,1.4035668847618201
2704,1.2105403537110475,100,1663,7,33.26,0.6651314774757501,212.91,91.35426591024635,34.69,14.827471126257507
2705,0.4736215141990103,100,2548,2,50.96,0.9081300062439682,144.56,34.53500253366141,25.69,6.537117101597613
2706,1.018171843180157,100,1347,16,26.94,0.7823293817202006,198.54,106.36131063502367,31.09,17.370143925713453
2707,0.9860528055566932,100,3067,6,61.34,0.8412145016181042,132.77,47.726691693432926,19.96,6.938184200495113
2708,1.620393832935526,100,745,8,14.9,0.6812307077921587,240.75,75.15921433862917,42.82,12.808106807799504
2709,2.297810526911248,100,614,24,12.28,0.5246589599819689,197.71,99.90538473976265,27.09,14.777750167058583
2710,2.6039198996653434,100,501,20,10.02,0.3926943270688787,375.7,84.554656879441,61.29,13.386780793006212
2711,0.45716961204153,100,3595,3,71.9,0.964352119595079,129.62,23.70982075006051,22.29,4.1092456728699
2712,0.6927876671436457,100,2618,2,52.36,0.9414569000950201,154.73,14.467104064048202,23.01,2.3978949101242946
2713,2.4815940649434176,100,652,15,13.04,0.4416332941818626,395.66,51.727984689140946,65.79,8.802607568215228
2714,1.9137112274326145,100,1016,4,20.32,0.6793561198634193,226.86,64.99307963160385,38.47,10.927447094358316
2715,0.6919389290572638,100,4575,3,91.5,0.9761148057495046,78.93,41.4394148124705,11.97,6.8839741428915895
2716,0.4964107125721671,100,3422,8,68.44,0.9114430045643925,154.93,40.28653745359608,28.2,6.955573304911681
2717,0.9268598998490316,100,1069,3,21.38,0.8132076142183661,131.28,20.9571372090751,20.87,3.431195127065787
2718,0.3058998695361631,100,1435,3,28.7,0.8792499259258172,244.98,40.139003475422754,38.33,6.462282878364269
2719,0.6751777727442246,100,3214,3,64.28,0.8007718243517356,228.7,54.29023853327594,37.46,9.348176292732182
2720,0.0,100,3690,4,73.8,0.975,109.87,35.393122213221034,18.05,5.790293602227783
2721,0.046898952573348605,100,3414,13,68.28,0.88,75.22,60.71434426887934,13.42,9.716151501494819
2722,2.3710717580634184,100,826,4,16.52,0.605284958412641,295.6,88.66115271075601,54.91,16.020046816410993
2723,2.344385536952753,100,200,36,4.0,0.35176862067079456,290.03,65.97203271083892,42.16,11.060488235154903
2724,0.9975437963346833,100,2344,3,46.88,0.9584279705565081,140.67,31.023879512401415,27.38,4.625537806569091
2725,0.3162278911695422,100,1987,1,39.74,0.933238559784986,128.7,38.733835338112335,19.64,6.290500774978095
2726,1.4822890597936844,100,2471,2,49.42,0.7836865368077354,176.67,51.791129549373615,31.08,8.471930122469141
2727,2.094015531853094,100,455,15,9.1,0.40800132722467475,293.34,88.73862969417547,51.07,15.307027797714355
2728,0.1253248467591229,100,2311,6,46.22,0.8264358454917246,126.98,104.75027255334471,21.29,17.770365781266293
2729,0.10428152835353081,100,2437,5,48.74,0.9221882223119815,106.6,69.67912169366085,16.97,11.043962151329568
2730,1.42488237864404,100,1372,3,27.44,0.7258354622836553,355.29,58.04348283829977,56.13,9.812904768721646
2731,1.093246152363303,100,3965,3,79.3,0.9127268843635664,180.23,44.976406036943416,28.15,6.951798328490262
2732,0.0,100,1146,5,22.92,0.8633398318746957,185.95,50.873445922209754,32.82,8.249096920269515
2733,0.7393426838855307,100,2227,3,44.54,0.9329733700928403,90.05,31.17478949407678,15.02,5.118554483445498
2734,2.5064615638871444,100,497,11,9.94,0.45626259088479165,336.55,57.82531884909931,57.53,10.39947594833509
2735,2.5473023864626088,100,278,21,5.56,0.3972284303244056,362.99,89.93336366443769,54.54,13.45021932906672
2736,0.6747152289628437,100,1085,7,21.7,0.6643905205294048,231.94,82.26540220530136,40.25,13.63845665755477
2737,1.2915692228996742,100,553,20,11.06,0.6647583842434278,189.52,97.78880099479696,31.27,16.329638697778957
2738,2.334499179182603,100,752,12,15.04,0.6411912833352926,233.15,121.01523664398628,37.99,19.932132349550564
2739,0.5886270526396837,100,2795,7,55.9,0.8994885844748859,187.66,53.90254539444311,29.75,9.01706715068708
2740,0.5110723967719156,100,2829,10,56.58,0.907002281795152,105.45,47.08001168224154,19.13,8.04444528852052
2741,1.1331993563880671,100,2276,3,45.52,0.7412634578377526,411.75,76.04740297998349,61.09,11.947464166089807
2742,0.5076921206949265,100,3312,2,66.24,0.9494499983474499,199.29,84.3013991580211,29.13,12.36822946100209
2743,0.8994676759011954,100,1790,2,35.8,0.8912547400820563,209.58,51.28258573824061,34.95,7.9011075173041405
2744,1.4874816729458396,100,164,35,3.28,0.2606491972080207,374.38,81.12469167892104,65.88,14.065759844388072
2745,2.481904390193774,100,633,16,12.66,0.45768368720469754,383.38,63.580465553501575,64.86,11.007288494447668
2746,1.2714185729508316,100,2932,3,58.64,0.8906960626780435,131.76,60.89714607434407,21.27,10.444955720346544
2747,2.837265347820923,100,482,10,9.64,0.4307874607785363,445.02,31.83613670029704,72.28,4.0226359517112655
2748,1.3060260819586498,100,1099,12,21.98,0.8150291056669405,170.9,81.98188824368466,29.24,14.281540533149776
2749,0.1931902346832504,100,1868,1,37.36,0.7828625404645784,173.57,56.22352799318094,29.27,10.082514567309088
2750,0.0,100,4563,3,91.26,0.99,116.17,13.957116464370426,17.97,2.1792429878285717
2751,2.990459315318986,100,164,28,3.28,0.21190594699418228,398.64,33.669131262923905,63.76,5.667662657568815
2752,1.8215667146890702,100,651,13,13.02,0.3836139117103797,415.34,54.75476600260474,67.37,9.667114357449174
2753,0.3818394782250003,100,3872,6,77.44,0.9287198317035329,159.45,47.799660040632084,25.25,7.955344115750116
2754,0.0,100,4224,2,84.48,0.9518163344765062,130.93,37.88858799163674,20.37,6.239639412658395
2755,0.5000095756458022,100,2774,5,55.48,0.7899327663652147,121.75,20.38547276861638,21.34,3.766218262395317
2756,2.362277429090468,100,523,15,10.46,0.3837731398221437,333.78,56.026347373356394,55.65,9.861414705811738
2757,1.1831665127917916,100,1101,12,22.02,0.8392160567265036,192.22,56.469917655332196,32.91,10.036030091624875
2758,1.0686024940574528,100,570,5,11.4,0.6334805832954978,239.93,67.97753378874523,38.57,10.611555022709915
2759,1.160060005004643,100,2099,11,41.98,0.7492772032826699,256.16,108.72568417811866,34.95,16.612871515785585
2760,0.6805612867971546,100,3821,6,76.42,0.9545664180282367,70.58,11.931621851198605,11.73,1.9992748685460937
2761,1.7373857826615715,100,1682,8,33.64,0.696012000437598,337.38,96.04319653156074,53.81,15.225435954349551
2762,1.6174963318201658,100,1260,5,25.2,0.7186541249662619,243.42,73.77834099517283,37.79,12.775989198492615
2763,2.067566855845823,100,401,11,8.02,0.6487297401936991,201.03,106.66118834890226,32.21,17.736569566858186
2764,0.552763414710579,100,2636,4,52.72,0.9738362652572241,155.66,29.73591094955727,26.57,4.6781513442812
2765,0.3919302442316918,100,2897,4,57.94,0.9678671192950934,135.8,37.786770171582546,23.1,6.646051459325305
2766,0.0868788206910917,100,4753,3,95.06,0.98,131.73,25.19240163223824,21.9,3.892300091205712
2767,0.8654090085808597,100,2930,2,58.6,0.9125442097951698,137.58,49.470027289258695,22.35,8.516307885463043
2768,0.6634884908299192,100,1704,7,34.08,0.8057171699745262,145.88,69.38418840052826,23.5,11.957006314291215
2769,1.0486681878739574,100,3451,3,69.02,0.9047967321907227,130.11,52.95090084219532,20.29,8.76275641564913
2770,0.692980972855669,100,1937,3,38.74,0.8933914071375575,135.3,54.586353606006696,22.64,9.187513265296547
2771,1.5421829709014745,100,2134,3,42.68,0.7086897487227253,373.59,106.18447108687785,55.14,16.54328866942725
2772,0.9003798415090557,100,1396,11,27.92,0.8690304267611713,322.15,44.57159970205243,44.5,6.617401302626281
2773,1.4882449572320395,100,1474,7,29.48,0.7666042873893599,190.0,94.2521087297255,29.61,15.170296635201305
2774,1.321816642653355,100,1284,14,25.68,0.7368061594183088,190.84,75.02569159961139,28.18,12.086670343812642
2775,3.256659140178884,100,84,42,1.68,0.14763492063492062,404.68,27.49904725622326,61.82,4.441576296766724
2776,2.373762751926163,100,814,10,16.28,0.5399240120962314,368.95,92.50906712317448,60.83,14.957977804502852
2777,2.6865153941079747,100,521,13,10.42,0.44144246399789094,320.24,78.90248665282991,49.15,12.894475561262661
2778,0.0,100,4096,9,81.92,0.91,80.36,49.78524279342223,13.43,8.864823743312668
2779,1.3184589371431057,100,1297,6,25.94,0.7038884348857644,198.67,52.72799161735633,34.75,8.141713578848128
2780,0.546969238046062,100,3142,3,62.84,0.8785552244441692,206.44,53.94095290222448,34.53,8.764080100044728
2781,2.243808152947228,100,890,12,17.8,0.5905847090925387,276.51,91.84568525521489,42.59,14.604858780556558
2782,0.7783743172124998,100,3078,1,61.56,0.8020186941586062,243.69,49.67870670619355,38.36,7.575645187045128
2783,1.0716891728616615,100,1948,4,38.96,0.841809842893908,94.83,77.30343524061529,15.27,12.421638378249465
2784,1.578140911933666,100,992,5,19.84,0.7137290220562381,199.43,59.88192632172081,34.9,9.382430388763883
2785,0.3959474849204962,100,2972,7,59.44,0.9382907809490088,100.07,52.07633915704905,18.13,8.425740323556145
2786,2.5634534451829016,100,443,14,8.86,0.4285123071252295,358.54,81.80543013761373,62.76,13.577275131630794
2787,0.4124146493577194,100,3317,4,66.34,0.8966345861448037,101.48,47.25197985270035,14.39,7.577459996595165
2788,0.651826576007591,100,3045,8,60.9,0.8708394274004361,154.13,69.20182873306167,24.81,11.225591298457289
2789,0.93654719584327,100,930,7,18.6,0.7522771694716588,179.97,46.59451791788386,30.6,8.683317338436964
2790,0.0,100,3963,1,79.26,0.9199919714068662,158.05,19.89893213215222,26.29,4.106811415197927
2791,0.7013090503288236,100,1917,11,38.34,0.7629519260774924,205.63,40.56024038390306,38.4,6.842514157822401
2792,2.7316626822193357,100,193,43,3.86,0.24198217859898435,320.03,86.78760913863222,55.12,14.526031805004422
2793,0.9601802804064796,100,4432,3,88.64,0.9588439500444125,106.17,34.533767532662864,15.38,5.737211866403401
2794,1.9472767616312805,100,2634,11,52.68,0.8136827892472592,119.48,57.432652733440754,20.71,9.79213459874812
2795,0.6356098003908774,100,2221,6,44.42,0.9169160861669681,128.17,13.770297745510081,26.61,3.7865419580403437
2796,0.55639868511184,100,2366,2,47.32,0.8357007428003732,151.68,40.91207156818143,25.51,6.33797286204351
2797,0.6112671451164498,100,2808,1,56.16,0.9120459203520717,148.05,71.88426462029086,28.29,12.77520645625737
2798,0.3595963816765753,100,3890,2,77.8,0.9786690655686834,103.9,13.473306943731373,18.31,2.5522343152618254
2799,2.143666916172048,100,881,12,17.62,0.676207126035509,189.0,66.83157936185557,29.05,9.897853302610622
2800,1.5166060570659792,100,1238,5,24.76,0.6486633048482032,251.5,121.48304408434949,43.84,21.030796466135087
2801,1.4927721034033166,100,2142,2,42.84,0.730704192492067,255.41,72.69966918769302,41.76,12.218117694636927
2802,1.072625177078329,100,1271,4,25.42,0.8803604723854748,143.86,37.22204185694278,22.68,6.486724905528213
2803,1.283564985215739,100,1447,2,28.94,0.8651177609876929,119.5,39.249840764008205,21.04,6.370117738315361
2804,0.4956880644995863,100,2327,7,46.54,0.7452044568634129,192.22,62.721699594319034,31.14,10.031968899473323
2805,0.56603734701937,100,2099,2,41.98,0.9352166836431541,133.33,67.94940102752929,18.64,9.42498806365292
2806,0.5454539162966187,100,2436,8,48.72,0.8011986941089014,136.78,48.515684061960826,24.96,8.731460358954852
2807,2.58534413694788,100,333,26,6.66,0.2537302522039364,406.6,71.2588240149948,67.55,12.166655251136197
2808,1.29330813470756,100,1112,6,22.24,0.9130223054528815,118.5,73.79871272590057,19.69,13.029731386333337
2809,2.2302559094654217,100,321,10,6.42,0.4604747180923651,336.78,66.50256837145466,50.95,11.07553610440596
2810,0.6013040136379793,100,4513,3,90.26,0.9598199980261188,133.62,25.34434059114579,25.07,4.645976754139004
2811,1.363075448561217,100,2011,3,40.22,0.7033013021057157,341.63,110.48562395171601,51.92,17.510385489760072
2812,2.8596927859199472,100,345,11,6.9,0.33437341943781074,335.69,78.45121987579287,48.07,11.376515283688587
2813,0.0,100,4498,1,89.96,0.951747859996445,120.9,25.650925909214273,23.27,4.533993824433377
2814,0.0,100,4466,5,89.32,0.95,82.02,19.674338616583785,13.48,3.0015995735607373
2815,0.2049799863631622,100,2790,12,55.8,0.8460616985923877,120.46,37.74398495124753,21.15,6.142271566773974
2816,1.606089992521628,100,2675,13,53.5,0.7746542795483993,139.51,65.95566617054217,23.81,11.555686911646577
2817,3.655245717123004,100,451,27,9.02,0.5441980546736644,198.33,100.28121010438596,33.92,16.273094358480197
2818,1.583647468994999,100,1668,4,33.36,0.6909328831694205,189.97,55.27087026635279,31.11,8.502817180205628
2819,1.5345189940170787,100,2027,2,40.54,0.6942916674612379,391.17,86.96379189064838,61.32,13.390205375572101
2820,0.0,100,2073,4,41.46,0.9631599326599327,119.79,51.43292622435555,19.47,7.828735530084025
2821,2.061007393902787,100,1195,16,23.9,0.5769426606994759,284.92,88.74127337378026,49.17,15.19740438364394
2822,0.9624977927275578,100,590,7,11.8,0.7911101717559674,117.3,62.854673652800074,20.23,11.228405942073879
2823,0.402394315063674,100,3905,1,78.1,0.9035156419251276,133.93,23.883155151696354,20.91,3.50455417992075
2824,2.984618755915076,100,141,24,2.82,0.21924365730887468,376.03,51.60745198127883,61.02,8.769241700398046
2825,0.6759231820504729,100,2779,6,55.58,0.9126452689577382,138.44,44.271959522930544,19.55,6.937398647908307
2826,1.3877188025494351,100,1738,4,34.76,0.8322887205920427,188.7,49.84205051961647,33.71,9.217694939625634
2827,1.2709054036699143,100,957,19,19.14,0.5634178071017572,206.03,100.17119895458974,33.88,16.648891855015457
2828,0.2475340826143926,100,1885,5,37.7,0.8743156804023916,100.09,43.90104668456095,16.73,6.9236623256770695
2829,1.7107918416843606,100,657,4,13.14,0.642988870903961,173.79,63.054309131097455,27.27,10.310048496491179
2830,1.0867206187810696,100,2570,5,51.4,0.7954206899911298,215.19,76.74264720479741,32.93,12.396172796472303
2831,0.0,100,3392,3,67.84,0.9277435256670319,164.91,26.651864850325204,26.37,4.234749107090053
2832,1.047481480147764,100,1315,2,26.3,0.6539048246134445,257.39,117.97625990003242,33.83,15.873912561180372
2833,0.8746402675170099,100,2067,2,41.34,0.9038272870558246,124.4,24.556465543721885,21.24,4.205044589537667
2834,0.5749046469817123,100,4196,2,83.92,0.9197948245981143,152.03,31.585900335434477,23.35,4.737879272417143
2835,0.6221127660386213,100,2222,8,44.44,0.8873616265777821,161.91,38.101468475637525,27.38,7.156507528117328
2836,0.5459435867831022,100,1263,15,25.26,0.7837480223905087,129.76,62.66548013061098,21.91,11.916455009775348
2837,1.672027199952647,100,1294,7,25.88,0.7145887935048275,281.78,59.978759573702426,44.63,9.82003564148318
2838,0.6797910160142848,100,3378,6,67.56,0.94435285146048,101.06,29.185208582430928,18.35,4.901785389018984
2839,0.1572652984566331,100,3608,5,72.16,0.9165424819863115,143.21,52.42104443827879,22.92,9.139671766535164
2840,0.8294017994126633,100,3424,4,68.48,0.8604683837308049,154.25,40.32279132203028,28.03,7.161640873431172
2841,1.7657988560373303,100,1032,8,20.64,0.5402888405000931,283.84,59.90404326921514,47.5,10.594810050208546
2842,1.1540005530406945,100,1389,3,27.78,0.7823692522763694,247.1,71.87384781685199,38.26,11.245994842609523
2843,1.724238422744375,100,909,4,18.18,0.630936899067391,219.58,73.9041514395504,38.3,12.769103335786738
2844,1.5397975136678277,100,1576,6,31.52,0.8320991746652118,170.02,96.86991070502748,26.16,15.473667955594756
2845,0.3572697346147753,100,4624,1,92.48,0.9866244832301538,125.82,17.633706360263574,24.24,2.8813885541523203
2846,0.3956215581556682,100,4642,3,92.84,0.9677012810707231,156.06,38.182933360337834,27.34,6.839912280139271
2847,0.936781061890838,100,3356,6,67.12,0.8800340999246322,188.05,40.7468710455171,32.69,7.207905382286869
2848,0.6510183035162594,100,2678,2,53.56,0.8098267269124807,221.5,62.60247598937282,36.63,10.515374458382354
2849,0.6867836831364235,100,2738,1,54.76,0.8509402335207861,167.38,62.840875232606365,29.15,11.035737401732609
2850,1.0958399337674716,100,3580,2,71.6,0.8906140937078979,294.82,71.95156426374619,45.75,11.28306252752328
2851,0.1671820585878563,100,2287,4,45.74,0.838569408001275,137.93,58.8367665664931,21.44,9.976291896290926
2852,0.0,100,4560,5,91.2,0.96,117.48,38.10917999642605,20.3,7.310950690573694
2853,0.0,100,3398,1,67.96,0.9743735214584962,137.25,25.55714185897946,20.94,3.9466948197194074
2854,1.0607772106538815,100,663,9,13.26,0.7313834875021534,204.51,90.98818549679953,32.71,14.89650630181453
2855,1.9516686912391783,100,1606,21,32.12,0.6608152088751875,247.53,130.3661347896761,39.92,21.893688588266713
2856,0.0,100,4753,3,95.06,0.98,72.17,16.00253417431127,11.86,2.7821574362354116
2857,1.9861894424350603,100,746,22,14.92,0.6032810372065877,271.06,72.78486381109742,44.3,11.51477311977965
2858,0.0,100,3557,7,71.14,0.9329528103816908,153.22,30.848202540828858,29.01,5.5434556009767055
2859,1.298214210495764,100,717,7,14.34,0.7349622645760663,229.81,65.98343655797264,38.17,11.431583442375775
2860,0.5300445303026307,100,3455,4,69.1,0.8888388868419276,118.7,54.17037935994171,19.7,8.930285549745875
2861,1.1700165078808236,100,2285,1,45.7,0.8040577806241873,176.73,68.4839915600719,32.69,12.180882562441852
2862,1.7965569247940945,100,1176,17,23.52,0.7444951845945339,184.44,77.86441035543774,32.09,13.053041791092223
2863,0.4233561065131444,100,2875,7,57.5,0.7956454249713539,122.42,112.98258095830525,19.68,18.025470867636162
2864,0.2116583610239365,100,1936,3,38.72,0.9603780041696491,99.33,20.40737856756717,16.13,3.6541893765922975
2865,1.6319773111766953,100,1442,1,28.84,0.6694258878012582,212.39,47.163735009008775,34.06,8.179021946418777
2866,2.0014524244205587,100,462,19,9.24,0.6970177389159352,266.4,74.87950320348018,41.77,11.422657309050289
2867,0.4462614865651511,100,4233,4,84.66,0.9595471460486054,96.33,13.459609949771945,15.27,2.4035598598745156
2868,1.79671405814714,100,1207,7,24.14,0.7000039815610256,260.39,56.52254329026605,45.44,9.857301862071587
2869,2.0273985496957043,100,1658,2,33.16,0.6966506701194404,339.89,71.23270246172049,54.7,10.76522178127325
2870,0.9903609506513388,100,3916,3,78.32,0.9411418064673447,93.08,18.359564264981888,13.98,3.0165543257166783
2871,0.0,100,4757,2,95.14,0.9892089206816748,75.48,10.085117748444983,13.33,1.8387767673102684
2872,0.6537948159093835,100,2437,1,48.74,0.8872919162134688,148.04,50.80864493371182,26.15,8.402826905274202
2873,0.0,100,4232,3,84.64,0.9792890587673196,95.03,20.23386023476489,17.59,3.1688957067091996
2874,2.066919657794939,100,755,22,15.1,0.6815291073613525,138.69,72.31205916028114,20.87,11.355751846531343
2875,1.8321202593439077,100,1732,3,34.64,0.7366001166509303,196.59,76.27923636219754,35.46,12.321055149620912
2876,1.5900265672673417,100,1552,9,31.04,0.6580352276505306,239.65,100.5681236774357,38.89,16.419436652942753
2877,0.7248094396015605,100,2684,6,53.68,0.7763006004695999,146.79,32.35623432972385,25.08,5.354773571309995
2878,0.1878099465417551,100,1102,8,22.04,0.8665596908175118,134.58,43.45967786350929,21.23,7.253764539878585
2879,1.9126019118157271,100,643,10,12.86,0.4378996614699478,296.23,91.56635353665668,50.21,14.681481532869903
2880,0.0,100,4838,2,96.76,0.987675152535241,93.53,11.733247632262774,16.82,2.393240481021496
2881,2.2565945011243205,100,298,18,5.96,0.5074891249960909,192.67,73.79716186954617,34.13,13.41316890223932
2882,1.3959737259262115,100,2182,8,43.64,0.8663763458481221,95.21,62.419915892285545,17.62,10.83307897137282
2883,2.4804315520372757,100,323,19,6.46,0.5951170851492329,236.97,84.18556348923491,38.14,14.07694569144884
2884,2.509764731552641,100,131,26,2.62,0.12596031746031747,404.08,64.7524022720393,66.09,10.940836348287089
2885,1.5808025164974115,100,895,2,17.9,0.51846328892565,293.5,90.10421743736528,48.58,15.4202334612677
2886,1.9379888182140288,100,636,9,12.72,0.6213755052347149,261.86,63.26073347662039,38.46,8.963726903470453
2887,0.7678743936599114,100,1632,8,32.64,0.9150114354220175,130.73,47.25269410308792,21.12,7.864197352559254
2888,2.722058449268919,100,192,35,3.84,0.24908227883227885,437.52,36.16669185867018,76.14,6.154705516919554
2889,0.9307877252502216,100,994,6,19.88,0.7489083416233577,221.98,68.64473468518906,37.86,12.164719478886475
2890,1.7346475847224436,100,1099,9,21.98,0.8325537042453237,321.87,78.89951267276625,53.4,13.191664034533321
2891,1.191320157003689,100,424,11,8.48,0.590389526504515,166.28,60.13818753504298,28.66,10.516862650049205
2892,0.7400504864202947,100,3014,3,60.28,0.9527636185234921,165.92,16.858635769243016,26.06,2.704884470730682
2893,0.6886578873166442,100,1333,1,26.66,0.6233475813024788,205.84,90.47748007100994,30.97,13.479209917498874
2894,0.5607922981825364,100,1456,4,29.12,0.9194965009725038,129.95,44.676475912945506,23.39,7.016972281547077
2895,1.3678202222102929,100,1519,7,30.38,0.9234542942887072,143.81,82.99526432273109,19.1,11.793642355099632
2896,1.93229160631608,100,337,7,6.74,0.4109880748938024,384.86,66.97746188084466,58.56,10.165943143653715
2897,1.024000884704789,100,2771,9,55.42,0.8650053265836943,150.12,58.10013425113576,26.04,9.54978533790158
2898,0.236994674039995,100,3432,11,68.64,0.8616009979647137,138.75,53.96394629750497,22.67,8.827292903263151
2899,0.4811163849405269,100,2061,4,41.22,0.9753178256668521,96.97,31.191811425436647,15.96,5.491666413758214
2900,1.6403859151808355,100,1017,15,20.34,0.5688186985174064,251.23,91.50277099629278,43.28,16.22657080223668
2901,1.019947899757437,100,2845,5,56.9,0.9847686042206589,90.35,26.17685045990063,15.32,4.791408978578221
2902,1.0689620538215945,100,2308,4,46.16,0.9227356571103617,132.18,67.46293500878834,16.65,9.045855404548538
2903,0.5159484324026322,100,2077,8,41.54,0.8898027007335385,174.75,28.53291958422762,28.07,4.416457856699189
2904,1.5699812138811986,100,801,7,16.02,0.6876578188309876,208.17,100.09266256824223,34.8,17.11198410471445
2905,0.0,100,4950,1,99.0,1.0,110.84,13.256485205362694,18.89,2.235598353908859
2906,2.19922308292238,100,435,19,8.7,0.5675778056876791,257.1,74.66826635191151,42.7,13.237446883746127
2907,0.0,100,2622,4,52.44,0.954547209993742,75.54,62.4125660424245,13.26,10.252433857382355
2908,1.9707820216102192,100,999,7,19.98,0.5617434234201315,364.19,70.61921763939331,61.18,11.76977484916343
2909,1.7233021847527927,100,687,15,13.74,0.6000851884736229,253.2,77.0183095114402,46.4,14.093260800822499
2910,1.5613651849786263,100,507,15,10.14,0.4847862989419945,252.7,89.52625313281015,42.2,15.462212002168384
2911,0.6169438238911724,100,2086,2,41.72,0.8531563580112791,166.73,55.47519355531805,29.0,9.817331613019904
2912,0.5840644046935253,100,1553,4,31.06,0.770931157713583,318.47,132.4567442601546,55.18,23.27461277873383
2913,0.0,100,2200,4,44.0,0.8756011916723123,107.99,69.60854760731617,15.22,10.984152220358203
2914,1.6713125962301183,100,2453,1,49.06,0.7279903789202167,341.17,46.42780524642533,57.22,7.561190382472855
2915,0.6928923457962654,100,2422,5,48.44,0.8770191503634365,175.07,79.75465566347836,25.0,11.794914158229385
2916,0.282537495150391,100,3117,6,62.34,0.8493913552091226,203.57,39.125760056515205,33.01,6.312677720270535
2917,0.6811135818853216,100,3006,2,60.12,0.9971910112359551,118.45,18.183165291004755,18.93,3.0537026705296637
2918,2.613165635094966,100,1247,38,24.94,0.654,160.8,112.78235677622631,27.33,20.49392836915363
2919,2.430150959537835,100,591,14,11.82,0.45481230513636645,256.25,101.5264866918973,44.21,17.427733644969447
2920,2.517482497083895,100,214,32,4.28,0.3115999850010147,375.26,99.26284501262293,58.06,15.469208124529194
2921,0.8611926430747122,100,2552,4,51.04,0.9407551959234065,176.52,41.183608389746524,28.17,6.330963591744941
2922,1.9525817548730175,100,404,25,8.08,0.7133571428571429,190.09,80.16484204437754,31.92,13.204302329165294
2923,0.0,100,2987,7,59.74,0.9042222222222221,159.76,32.655511020346935,26.77,4.9896993897428334
2924,1.320378392810022,100,1552,6,31.04,0.7511474981854822,205.49,60.91329821968271,36.06,10.153639741491718
2925,0.0,100,485,15,9.7,0.4851825997955456,353.73,50.445387301516476,61.21,8.893025356986227
2926,0.5606410624131419,100,1975,6,39.5,0.913931012626409,87.41,42.89943939027642,16.35,7.373432036711262
2927,1.2139584841088538,100,1258,27,25.16,0.6328747514756646,161.97,52.749114684513906,29.19,9.261419977519646
2928,2.014780414592037,100,816,10,16.32,0.6233127659657327,226.8,76.4128261484942,39.57,12.870318566375891
2929,0.519062267680032,100,3284,1,65.68,0.9209700597828955,74.19,58.11758683909716,12.31,10.626095237668443
2930,2.0027257401148595,100,1120,6,22.4,0.5864654227321128,303.62,67.6166813737557,43.9,10.424490395218367
2931,1.33899660362094,100,1453,4,29.06,0.6509654182402571,206.49,109.24280250890673,36.35,18.45934722572822
2932,0.0,100,1702,3,34.04,0.9954545454545455,57.9,37.341264038594076,7.62,5.467686896668463
2933,0.733254340125312,100,4534,1,90.68,0.9631217244139915,127.32,22.681657787736768,20.96,3.6384612132053844
2934,2.588533065271713,100,820,8,16.4,0.5345660315724509,326.67,81.58713807947916,58.75,14.534355850879667
2935,1.79774290837896,100,1786,1,35.72,0.7478211670999864,316.54,76.00860740731933,52.4,12.308533625091172
2936,2.0728098616755384,100,525,16,10.5,0.6339197474638651,222.94,118.13338393527884,32.16,16.819464914199855
2937,0.8740310209226546,100,1877,2,37.54,0.8718977850175621,186.29,47.60447352928084,31.71,8.655974815120478
2938,0.0,100,4753,3,95.06,0.98,56.24,1.732743489383238,9.03,0.2215851980616034
2939,0.0,100,4851,2,97.02,0.99,101.79,16.816833828042665,16.58,2.818439284426755
2940,1.493288302570367,100,952,6,19.04,0.7661413172914721,166.65,110.80960021586577,29.45,18.71864044208339
2941,2.1614833092898467,100,208,15,4.16,0.38636602286602284,338.46,43.67480280436307,59.6,7.66550715869472
2942,1.0433553720017057,100,1377,7,27.54,0.9522920056687498,155.5,57.54537340221193,26.98,10.213696686312943
2943,1.2302222641553355,100,2030,5,40.6,0.6723804745074498,173.69,90.65977001956271,27.51,15.13109050927923
2944,0.6585047259613768,100,1768,6,35.36,0.8229439520724325,171.45,44.06526409769945,29.57,6.981769116778355
2945,1.0738828210683606,100,1500,3,30.0,0.8152145855185929,193.86,51.31043168791314,33.9,8.231038816577165
2946,0.0,100,2736,2,54.72,0.9864738872482508,117.13,23.775472655659236,20.17,4.103790930347207
2947,1.1972453407185792,100,1315,17,26.3,0.6535535552008451,157.54,101.36867563503039,22.73,15.442056210233142
2948,0.8034605378220635,100,3171,3,63.42,0.9196735362641859,145.28,22.85129318003688,25.24,4.157210603277154
2949,1.6782670171964524,100,1464,10,29.28,0.7131081176623256,180.06,122.47814662216277,29.4,19.390719429665314
2950,0.6257928856697402,100,2250,6,45.0,0.9249191436728215,162.66,28.062508797326014,25.31,4.949131236894007
2951,0.0,100,4753,2,95.06,0.9797938144329896,117.95,10.831781940198022,17.8,2.1540659228538015
2952,0.9876195888758136,100,3820,2,76.4,0.8712184426981618,188.08,30.599895424657905,29.36,4.786480962042991
2953,0.3098365256047016,100,4207,3,84.14,0.99,99.42,10.70624117045754,14.9,1.997498435543818
2954,0.7786236007076975,100,2696,5,53.92,0.8083252372516408,157.96,52.09988867550486,28.73,8.574211333994516
2955,1.1820094229784133,100,2590,1,51.8,0.8089707456057844,163.86,42.352100302110166,28.16,7.741731072570269
2956,2.41834226341363,100,405,13,8.1,0.42650887706391816,370.42,25.231401070887838,61.87,4.153685110838326
2957,0.0,100,4658,2,93.16,0.9997916666666665,74.32,15.03853716290251,11.62,2.544720023892609
2958,1.050013965281868,100,1302,6,26.04,0.8824857902953553,110.11,30.598331653866357,18.38,4.955360733589433
2959,2.0028272676717327,100,1156,4,23.12,0.6857819988524524,280.45,99.48018646946737,43.0,15.289211882893113
2960,0.8177655910763354,100,3108,7,62.16,0.870167791425138,148.53,44.35796546281175,22.21,7.487716607885211
2961,2.093585568067033,100,467,25,9.34,0.5187489162460558,322.59,81.1790730422564,45.87,11.859725966480001
2962,1.3768902988786846,100,1322,8,26.44,0.90500226039783,131.67,88.98034108723117,21.11,14.549841923539926
2963,2.595524013003751,100,391,19,7.82,0.36445224369085166,327.44,88.89975478031421,54.78,14.916152318879021
2964,3.555534581422392,100,105,55,2.1,0.20303074703074703,340.14,68.35261809177464,51.27,11.621406971619228
2965,1.988898784282143,100,999,9,19.98,0.6009387962764416,230.89,79.7036881204377,34.8,12.460337074092338
2966,0.1154996030542385,100,4751,3,95.02,0.9795919243986255,84.15,6.155282284347323,14.13,1.0455142275454699
2967,1.3840596559110112,100,2018,8,40.36,0.697553681676782,110.36,92.71715267414115,19.17,16.030006238301965
2968,1.0935281283620952,100,1831,12,36.62,0.8885714285714286,124.97,39.89221853945955,22.46,6.150479656091873
2969,0.0,100,4007,8,80.14,0.9293283963227783,122.85,38.623923933230806,22.07,7.008930018198212
2970,0.4428140825841975,100,3500,8,70.0,0.9111962134251291,127.68,55.06612025556187,22.55,9.70090201991547
2971,1.4859651019793878,100,1091,10,21.82,0.6245651484032533,175.06,62.97441067608334,28.76,10.558522623928027
2972,1.5184401935061136,100,1088,7,21.76,0.7352183017521761,183.33,64.94921939484723,29.42,11.195695601435402
2973,0.0,100,4572,3,91.44,0.9673672545726018,72.5,37.80595191236427,13.79,5.855416296045909
2974,2.207344682132833,100,1129,12,22.58,0.654584016896397,168.16,55.40518387299152,28.38,10.001779841608194
2975,2.3459663613774504,100,360,17,7.2,0.36567872893723197,326.12,73.04577742758303,57.49,12.414100853464983
2976,2.020432202315661,100,745,10,14.9,0.5196262938934004,210.22,58.392050828858544,33.16,9.4336843279813
2977,2.5293275695668265,100,395,21,7.9,0.5018412516691843,257.68,65.92357393224368,47.01,11.740949706050188
2978,0.8462703176038985,100,1349,9,26.98,0.6950171146970338,240.65,102.78223338690398,39.54,17.196755507943934
2979,1.4936126204555926,100,1331,10,26.62,0.7593253689487425,196.33,63.28096949320546,33.44,10.669882848466518
2980,2.0651582253380827,100,1057,9,21.14,0.6397437982114809,179.96,84.1726701489266,27.63,13.248135717903859
2981,0.6882642817780869,100,3866,3,77.32,0.9437725466207809,254.04,18.898105725177857,34.27,2.890864922475625
2982,0.2786506011264279,100,3806,4,76.12,0.9425684093426046,121.05,31.407761779534688,18.37,4.940961444901185
2983,1.0679940891373487,100,1426,9,28.52,0.8417111178299349,126.6,50.84781214565676,21.82,8.502211477021728
2984,0.0,100,2600,9,52.0,0.92,83.43,23.909937264660478,10.34,4.361696917485212
2985,0.0400846485671265,100,2506,8,50.12,0.7697601239299777,125.48,82.77046333082833,20.66,13.57071847766359
2986,0.0,100,2449,13,48.98,0.7952857142857143,151.31,103.74398247609354,22.43,17.091667560539552
2987,1.1915551390780392,100,3559,1,71.18,0.8516241176015843,273.54,85.80878975955785,44.62,14.041210774003785
2988,2.080320851080544,100,1324,3,26.48,0.7513138035418863,249.47,29.17308862633506,43.75,5.342986056504359
2989,0.7096646261174474,100,3088,4,61.76,0.9111086419854104,64.21,61.057562185203565,10.95,9.457668845968334
2990,0.2965632764259939,100,4069,2,81.38,0.9680310260040015,85.68,50.68527991438934,13.5,8.040522371090077
2991,1.0295997756284312,100,3240,5,64.8,0.8342337698662157,186.04,44.48863225589207,35.11,7.307386673770589
2992,0.5114147747635491,100,3294,1,65.88,0.9157622976462539,93.04,31.780471991460413,15.82,5.452302266015706
2993,0.9957512381389652,100,1449,3,28.98,0.9029669229191157,110.09,18.916709544738485,18.73,2.770758019026562
2994,1.5957700663286378,100,1435,7,28.7,0.6770798194848655,228.81,64.83975555166754,37.92,10.954159027510967
2995,1.423503157245699,100,878,5,17.56,0.6598362483652477,301.52,124.97307550028526,44.31,18.736432424557243
2996,0.4213933653245446,100,1954,8,39.08,0.8702279688142408,164.54,39.822712112562094,27.8,6.7631353675643675
2997,1.360376059059914,100,981,14,19.62,0.7284401154401156,214.11,100.22503629333342,35.94,16.154144978921043
2998,0.0,100,1610,4,32.2,0.9494091209415629,83.99,34.8067507819963,13.29,5.15421186991765
2999,2.6904930866917742,100,252,21,5.04,0.28832119102088144,403.96,68.65448565097549,66.99,11.268979545637661
3000,1.7318374734155346,100,388,11,7.76,0.5868569368368131,215.92,84.20138716197019,33.08,11.998066510900829
3001,0.6540896020786052,100,2953,9,59.06,0.8708209246893458,82.34,71.4330763722241,13.63,12.101780860683274
3002,0.0,100,2508,8,50.16,0.8478767257777322,123.72,54.31944035057799,19.43,8.112034270144573
3003,0.8537543117267491,100,3599,1,71.98,0.8997507503456016,218.52,43.19987962946193,35.06,7.238535763536711
3004,1.6113832718513708,100,723,11,14.46,0.7410436618678682,301.54,76.98342938581003,52.47,13.615766596119368
3005,1.6752732473948146,100,1317,11,26.34,0.7822994631384458,90.92,42.11334230383525,13.87,6.950762548094993
3006,0.9535710501106432,100,1160,5,23.2,0.5899628701804229,175.31,59.166324036566614,26.53,9.2352097972921
3007,2.341226308830386,100,535,33,10.7,0.4686569368943584,196.65,133.34761902636282,32.22,21.701880102885095
3008,0.2554453234483516,100,4376,4,87.52,0.9797849462365592,149.6,14.362451044302988,23.77,2.3952244153732236
3009,1.1397503715277637,100,2826,4,56.52,0.8849058617552791,133.06,62.429291202127224,24.7,10.10692831675381
3010,2.566028891571352,100,414,7,8.28,0.47670168971839866,375.01,54.46218780034456,61.7,8.947066558375433
3011,1.7853049254627915,100,1900,6,38.0,0.7037879251398209,125.36,115.40359786419138,19.61,18.318785440088543
3012,1.097309991505034,100,2039,1,40.78,0.95262326597828,174.84,36.586806365136596,30.92,6.5033529813473905
3013,0.4844576050499425,100,724,6,14.48,0.6984887469456486,213.04,107.28717723940733,32.29,16.665110260661343
3014,0.6063634834672526,100,1399,8,27.98,0.7656897158746179,94.52,53.322130490069505,15.93,9.185047631885205
3015,0.45587992745264233,100,4008,3,80.16,0.9260692114573007,207.26,35.35608009946804,31.55,5.5792024519639
3016,0.48617580313952163,100,1501,6,30.02,0.8449441824270749,86.22,23.223083343948968,14.71,3.8763255797210845
3017,0.507358885410262,100,2708,10,54.16,0.8551396381396381,145.91,69.0876392707118,24.45,12.146089905809195
3018,0.2600163443701615,100,3971,5,79.42,0.9132050918552941,132.69,87.95211140160309,23.21,15.234365756407454
3019,2.408879971374118,100,1169,4,23.38,0.5922709581102745,298.08,95.47331354886558,52.9,18.788560349318942
3020,0.7302543293004433,100,2255,11,45.1,0.82015919071084,190.98,51.324259371178464,29.85,8.331116371771552
3021,0.3375068279295786,100,3343,11,66.86,0.879899739880933,123.1,55.930224387177276,23.56,8.897550224640488
3022,2.3592378297789742,100,560,25,11.2,0.4540327403723887,265.37,87.60612478588469,45.37,14.851703605984062
3023,0.0,100,4546,1,90.92,0.9848724029070642,147.68,17.35158782359701,23.36,2.8513856280762866
3024,0.3663703138689294,100,2969,10,59.38,0.8889967913942597,125.28,24.521451833037947,21.23,4.514100131809219
3025,3.163316218191414,100,152,35,3.04,0.3361710537484532,374.14,43.91879324389503,62.82,7.388342168578822
3026,2.5541735961229937,100,1013,3,20.26,0.5734614934841128,297.44,99.19852015025224,45.62,15.677231898520862
3027,1.457140253455096,100,1497,10,29.94,0.8268742590641313,181.56,41.656528900041586,29.94,6.707935598975292
3028,1.970951523397123,100,723,9,14.46,0.447160484321673,356.57,78.99572836552619,61.15,13.255470568787818
3029,1.1623603236356694,100,3124,6,62.48,0.8077759875349447,132.68,53.38012364167022,20.03,8.40054164920334
3030,1.4637682376172207,100,1426,3,28.52,0.6500839178043039,309.53,62.59703746983558,48.58,10.228567837190111
3031,2.2026673221086703,100,994,7,19.88,0.5754036654982265,262.73,86.04973619947943,44.48,14.750918615462563
3032,0.0,100,2053,4,41.06,0.99,64.18,26.979021479660823,10.02,3.939492353083072
3033,1.3924215155809658,100,1356,4,27.12,0.675864241814392,336.13,73.35579799852223,54.44,11.811282741514573
3034,1.422897346703295,100,1253,1,25.06,0.8854654788199378,61.6,35.64014590318059,10.37,6.260439281711787
3035,0.4179542317269996,100,3525,3,70.5,0.9193267057338119,178.84,58.27516108943844,31.65,9.951256202108356
3036,1.6448391995987812,100,1199,12,23.98,0.7351558848952466,220.11,100.3132987195616,36.35,15.570083493674655
3037,0.8881582835041875,100,1679,4,33.58,0.968145345882188,97.32,41.13997569274926,17.74,6.418130568942954
3038,0.8026784781031465,100,1784,9,35.68,0.7330152791239045,169.79,114.55787140131402,28.79,19.052188850628163
3039,2.24478938794768,100,540,5,10.8,0.4593782461341055,313.73,68.59356456694752,52.88,11.85772322159697
3040,1.2113904550124277,100,2046,4,40.92,0.8704607367274485,122.41,32.601562845974115,19.97,5.445098713522098
3041,2.369634957761747,100,1101,6,22.02,0.5291959612117548,383.73,70.16692311908795,62.48,11.45991273963288
3042,1.527758069967832,100,3320,11,66.4,0.8024208770172896,123.26,89.59716736593853,21.58,14.842627799685605
3043,2.70503130729873,100,559,6,11.18,0.36153990640499,436.35,26.246285451469127,71.87,3.9664971952593135
3044,0.7981023699035733,100,2590,7,51.8,0.8986670991378811,97.09,48.47949979114883,15.98,7.89554304655481
3045,0.1335143097880668,100,3424,2,68.48,0.8586043320230616,165.45,24.83520686444951,25.72,4.333774336533917
3046,1.8732874083122208,100,996,10,19.92,0.6205144095122539,163.35,79.88796843079689,29.04,14.746470764220163
3047,2.325519914246021,100,617,19,12.34,0.6779715022605864,232.47,81.4585115258068,35.28,12.993906264091642
3048,0.9499250695967684,100,2824,5,56.48,0.8817811444451087,88.7,39.54529049077779,14.34,6.442390860542381
3049,1.6556863138051512,100,1508,13,30.16,0.5661280833212493,273.8,83.08104476955016,44.0,13.475162336684482
3050,1.7112985459024401,100,1236,4,24.72,0.6623852799339182,207.42,34.797752801007135,33.48,6.22009646227452
3051,0.0,100,4851,2,97.02,0.99,56.11,20.994234922949683,8.32,3.1839597987411836
3052,1.946687953740782,100,716,9,14.32,0.6172082459545833,343.04,58.82566106725874,55.79,10.265763488411372
3053,1.5097124067510161,100,1304,7,26.08,0.7347788315898094,141.1,100.32711497895272,23.19,17.282763089274816
3054,1.3363580109990094,100,1237,4,24.74,0.71476598305292,262.2,94.60190272927919,45.4,15.837297749300541
3055,0.6903148124840998,100,2452,2,49.04,0.8166889067792918,155.18,99.94172101780117,26.39,17.109585032957405
3056,1.0358373274233312,100,2035,2,40.7,0.8098119901364312,200.67,83.38477738772228,33.07,14.44109067903114
3057,0.8491575071785618,100,2968,1,59.36,0.8465086111352177,229.71,60.81172502075566,33.73,8.874519705313633
3058,0.6389588468044243,100,860,3,17.2,0.7900651783024897,249.61,96.19333604777412,38.74,16.108767798934842
3059,1.324549189499297,100,1694,6,33.88,0.8800513001070189,175.24,44.415789985094264,26.55,7.819686694491027
3060,0.7081219360698393,100,3979,3,79.58,0.9500432653534802,139.11,37.78197850827826,23.61,5.949613432820658
3061,2.2730103696249904,100,1576,24,31.52,0.6629024304933145,165.05,85.45412511985596,28.37,15.615156099123697
3062,1.974225808467974,100,685,6,13.7,0.6433079343863148,217.29,93.10019280323752,31.96,14.323351563094443
3063,1.7236624770007936,100,812,11,16.24,0.6782680748830937,210.01,93.49229861330824,32.16,14.057538902667138
3064,0.7132602063060823,100,2066,4,41.32,0.9396106670614671,102.85,19.572110259243892,17.19,3.5176554692010416
3065,0.693032639452846,100,3804,2,76.08,0.9491565516339038,146.9,37.82869281378885,23.7,6.449030934954491
3066,0.5485438695684193,100,1635,6,32.7,0.8243805787636549,124.42,90.83943857158079,22.01,15.37757783267573
3067,1.3534623664037289,100,1256,7,25.12,0.6755438823587849,380.35,72.31533378198569,61.97,12.626523670432807
3068,1.708731610557215,100,758,11,15.16,0.4624371197197995,300.6,83.88837821772454,52.1,14.0089257261219
3069,0.6755674006684486,100,2564,2,51.28,0.8665975803470645,167.83,52.46409343541543,26.38,8.06074438249967
3070,0.5991893483782649,100,3165,16,63.3,0.8,61.05,77.90511857381387,9.83,13.1248276179156
3071,1.515683765299545,100,1150,5,23.0,0.6463757494517377,207.68,79.26056774966983,36.09,13.895391322305393
3072,1.0317847238466833,100,4060,7,81.2,0.9131720610167219,127.92,38.608206381545365,19.62,6.572335962197916
3073,2.56283512864434,100,351,18,7.02,0.3385911913588865,344.83,65.71180335373546,57.53,10.831855796676763
3074,0.3320997431556109,100,3580,7,71.6,0.8869061582967649,75.45,36.473654875814134,14.69,6.74639903948766
3075,1.6599812654894857,100,1103,3,22.06,0.6953068042772006,221.02,88.27615533087064,37.46,14.985606427502358
3076,1.5750232989816777,100,1181,6,23.62,0.7291571539645867,223.64,61.72155539193743,34.88,9.744003284071695
3077,0.4236050916260264,100,2330,6,46.6,0.9453613445378152,89.88,34.96320351455227,17.14,5.767183021198478
3078,1.6753546707358236,100,2380,6,47.6,0.9166503835039083,158.98,77.02856353327641,31.63,12.65911134321837
3079,1.4339236886101938,100,616,11,12.32,0.5337721490988013,340.96,85.22686430932443,56.36,14.360027855126189
3080,2.292553121189002,100,404,17,8.08,0.3492845576306767,323.21,68.48025919927582,54.54,10.68870431811078
3081,2.009115179110343,100,1353,20,27.06,0.5858377441162538,165.98,105.02589966289268,26.13,18.150292008670274
3082,2.0180572157916536,100,573,10,11.46,0.5537018397492776,256.36,83.15413639741561,41.86,13.15752256315755
3083,1.906038978095503,100,475,11,9.5,0.38010959739518346,262.32,67.80927370205347,47.32,12.45622735823331
3084,1.219841654382556,100,1216,5,24.32,0.7251321065391655,254.77,97.21469590550598,39.74,15.761104022244126
3085,0.1403486768221367,100,4563,3,91.26,0.99,141.06,17.51274964133274,21.67,3.4294460194031346
3086,0.5282667798872692,100,3996,3,79.92,0.9324957523952861,149.19,29.327698511816436,26.23,5.084987708933031
3087,1.407786318529822,100,3549,4,70.98,0.8724270037396322,154.54,32.75589107321002,25.61,5.122294407782513
3088,0.0220444912476904,100,3731,4,74.62,0.9317510760787109,72.31,38.32589072676589,11.89,6.295863721523838
3089,0.7835660895239495,100,3233,8,64.66,0.8336603279950725,236.55,70.3541576596579,35.83,10.525260091798206
3090,2.6849930517687177,100,77,49,1.54,0.1542058371735791,287.39,69.13434674602777,47.88,11.695537610558993
3091,2.0669502129249184,100,518,7,10.36,0.5939386001165246,212.3,95.14751704590088,33.43,14.771090007172797
3092,0.6880172560654678,100,2260,4,45.2,0.8820410621484391,142.49,50.44928047058749,25.81,9.277602060877584
3093,0.0,100,2433,1,48.66,0.9837707333937168,128.11,11.69349819344066,22.16,2.4113066996962456
3094,2.391357012145629,100,1091,8,21.82,0.639352463909898,341.19,44.37312136868444,53.56,7.403134471289847
3095,1.9576414648168818,100,1233,6,24.66,0.727027844473684,284.6,63.837449823751584,43.1,10.349396117648604
3096,1.0086815193898058,100,895,12,17.9,0.7370955908349623,209.16,73.52941180235294,31.59,11.82209372319472
3097,0.8364586075465098,100,1294,3,25.88,0.6810852936134553,187.66,131.61627710887433,29.23,20.631943679643953
3098,0.6905932561611703,100,3899,3,77.98,0.9586441153663161,125.83,23.21855077303491,20.9,3.930648801406709
3099,1.519738540351371,100,1796,6,35.92,0.7983107055295224,157.3,129.57364701203713,23.62,18.626207343418034
3100,1.9009025653408937,100,1670,8,33.4,0.6785971346117481,178.16,108.00321476696885,27.99,16.290791877622155
3101,0.4236789037579453,100,2869,7,57.38,0.7973178277128113,149.54,64.01084595597843,22.62,9.663105091015
3102,1.521979134788835,100,1227,18,24.54,0.771145422754495,227.31,89.11629424521647,35.59,15.832937188026738
3103,1.1882817175202554,100,2178,10,43.56,0.7933132066684497,162.49,66.37823363121379,27.25,10.952967634390234
3104,1.951520477571268,100,1644,4,32.88,0.7431065114246518,292.84,58.08179060600663,50.88,9.595082073645852
3105,0.0,100,4477,4,89.54,0.9676667133258678,151.72,26.004645738790593,21.83,4.397851748297117
3106,1.34367449490657,100,3602,5,72.04,0.916525510535759,171.7,46.40829667203915,25.8,7.4565407529228995
3107,0.0,100,2683,3,53.66,0.9463904718047824,112.21,46.97941996236224,16.86,7.447173960637686
3108,1.3662007258814617,100,1540,8,30.8,0.7281277567828053,235.25,73.95192695258184,40.05,11.85105480537492
3109,0.5177861917792833,100,3698,4,73.96,0.9474061183003677,159.52,49.74363878929647,28.74,8.528329261936362
3110,2.3455404519843395,100,429,12,8.58,0.44953333645622306,294.21,93.61114196504603,50.1,15.339165557487147
3111,0.8052544706397452,100,2641,5,52.82,0.7515052262840679,161.3,50.59654138377444,29.3,9.033825324855469
3112,2.4786593353304425,100,117,36,2.34,0.19965001665001667,413.91,24.87733707614221,63.09,3.8706459409251064
3113,1.6236362904574475,100,500,8,10.0,0.5492630795130728,305.79,109.18683940841957,48.6,18.2608871635526
3114,0.5980089800644464,100,1399,3,27.98,0.8846829654431566,256.8,44.89587954367305,42.8,7.406753674856481
3115,2.0002171916906777,100,1237,8,24.74,0.5784681194455188,236.04,98.21017462564662,37.65,16.155107551483525
3116,1.508724027401066,100,1329,4,26.58,0.7387089503221245,216.58,118.79690063297107,37.12,19.961603142032455
3117,2.8026320506449154,100,396,16,7.92,0.35623464452485065,284.55,93.4734587998112,46.16,15.369918672523937
3118,0.2692241951734673,100,4066,2,81.32,0.9388131622438491,160.85,50.92118910630427,27.07,8.304522864078345
3119,1.2922732786357891,100,2460,4,49.2,0.8013964770868205,219.08,39.088023741294464,34.19,6.5233350366204546
3120,0.5830292200328604,100,2201,1,44.02,0.863743208305172,139.74,65.0071719120283,25.32,11.588684135828364
3121,0.6854180677905984,100,1758,6,35.16,0.7524655037178108,282.09,46.625335387533674,49.46,8.127016672801897
3122,1.235416326911809,100,1405,3,28.1,0.8877760828501635,138.62,48.26256934726952,23.68,8.40699708576136
3123,0.33600821095003114,100,4192,5,83.84,0.9595604395604396,134.21,25.68474060604857,18.77,3.8570843910912815
3124,0.0,100,2570,4,51.4,0.9797058823529412,170.34,18.209459080379077,31.26,2.9312795840724575
3125,0.12158528065049971,100,3565,4,71.3,0.97,153.76,10.340328814887853,25.43,1.3435400998853737
3126,0.0,100,2959,2,59.18,0.9569907298191954,174.74,36.62038230275593,30.35,5.945376354781924
3127,1.6817120715449583,100,693,6,13.86,0.7400705446899639,278.94,86.19881901743202,49.97,15.204246117450218
3128,0.8789705590302965,100,3078,1,61.56,0.9159503919945425,108.52,47.20878731761705,17.24,6.669512725829376
3129,1.7086601208873506,100,1585,8,31.7,0.6512630973833243,282.25,80.43225410244325,48.03,13.889172041558128
3130,1.113684841698269,100,1498,5,29.96,0.8411269102681304,129.72,49.71902653914294,24.75,8.86383100019399
3131,1.921168868741665,100,946,21,18.92,0.5893335621661054,287.22,110.92254775292534,46.54,18.78212980468403
3132,1.0143080484125728,100,1904,3,38.08,0.8945236388204456,88.26,66.38216929266473,13.99,10.231808246834964
3133,1.2239563163098268,100,1589,10,31.78,0.8891010603982363,111.49,24.754593513123982,15.5,4.2130748865881795
3134,0.3139971753072519,100,2468,9,49.36,0.93,97.44,21.497125389223555,16.25,3.3686050525402944
3135,2.778856979057372,100,737,7,14.74,0.43446356412037695,395.96,80.74427781583039,57.65,12.44618415418959
3136,0.04887848748306709,100,3588,4,71.76,0.948105399708972,106.5,28.837649002649297,19.33,5.36666563146988
3137,2.8854072938659936,100,159,31,3.18,0.3017992562992563,286.36,87.21175608827058,46.74,14.249645609628331
3138,0.7826301194539106,100,1819,10,36.38,0.7985859889620369,141.67,52.02942532836587,24.7,8.239538822045805
3139,1.6657181109533827,100,780,8,15.6,0.5816801330008277,374.05,77.568211916996,61.73,12.54580009405538
3140,1.5443991332157934,100,500,14,10.0,0.574493071970182,174.34,52.69691072539262,27.45,8.931265307894508
3141,0.653008557042627,100,4206,4,84.12,0.942571856574477,168.79,46.47069937067872,25.91,7.78472221726633
3142,2.033340809903646,100,878,7,17.56,0.5380243959832588,311.35,95.83416666304352,51.98,15.021304870083691
3143,1.733075444092366,100,1004,7,20.08,0.8241992009903314,173.54,74.42599277134299,32.11,12.916574623327966
3144,1.5591822454960438,100,1185,1,23.7,0.8233598585111943,263.94,78.01689816956325,40.35,11.839235617217861
3145,2.159954169653185,100,347,15,6.94,0.4078176219875163,287.75,84.23400441626885,50.32,14.779634636891403
3146,2.011531672333552,100,1203,6,24.06,0.6753641100460076,306.85,80.14566426201732,49.56,13.232777486227146
3147,1.9320316807572209,100,667,6,13.34,0.5543136233897565,202.53,63.44437800152193,34.4,10.93069073755177
3148,1.310061947770075,100,3380,2,67.6,0.7930208268769541,284.79,48.45581389265895,47.72,8.010093632411547
3149,0.8375298386995319,100,2568,13,51.36,0.8397183098591549,119.48,65.86797097224112,19.05,10.216041307669032
3150,2.110525728607793,100,844,8,16.88,0.5839937004854195,322.36,59.478318738848024,55.41,10.10157908447981
3151,2.623320571486449,100,220,23,4.4,0.30668192763548796,379.34,60.408810615670966,59.4,9.479451460923253
3152,1.0782833088146433,100,1078,5,21.56,0.7172966727676992,140.2,47.08396754735097,24.1,7.856844150166147
3153,1.431155568845351,100,1737,5,34.74,0.7214063409655235,221.68,85.0650198377688,37.34,14.338912092624042
3154,0.1084556247715785,100,4246,5,84.92,0.9642654291284016,116.7,20.63952518833706,21.62,3.7034578436914867
3155,1.6376022268578942,100,1953,15,39.06,0.8056796339475735,189.12,65.0291134800406,28.29,10.22965786329142
3156,0.62916998383367,100,1153,18,23.06,0.7603449278155161,178.84,104.50949430554144,29.21,16.503511747503925
3157,0.2929511846905862,100,3958,1,79.16,0.941150262470957,116.51,26.568212209330156,19.41,4.777227229261761
3158,0.0425107712123192,100,4753,3,95.06,0.98,128.07,44.094048351223094,18.81,7.006703932663347
3159,0.5975622691846797,100,907,3,18.14,0.7872537152658261,236.47,91.61052941665604,38.1,14.949581933953873
3160,0.6769378059886444,100,811,10,16.22,0.5872266548971554,288.06,101.80764411378941,47.67,17.183745226230513
3161,1.077360918319172,100,1293,5,25.86,0.8091736980842056,168.18,51.31303538088543,27.69,8.300234936434027
3162,0.9765912156067942,100,881,3,17.62,0.8709930437457336,197.94,83.64075800708648,32.44,13.55530892307512
3163,0.0,100,2525,1,50.5,0.9457868783878554,126.2,12.09297316626478,22.98,2.1539730731835993
3164,1.2846656250636368,100,2397,5,47.94,0.8609271684232802,119.06,76.28509946247695,21.45,13.854511900460441
3165,2.5707308165138305,100,332,18,6.64,0.40492299714409247,318.72,89.78074181025684,55.81,15.370553015425306
3166,0.539470795687331,100,4488,3,89.76,0.9758672920923718,147.14,33.4783571878908,24.79,5.342836325398711
3167,1.636632585004487,100,845,8,16.9,0.6423174300887529,267.62,95.49919161961529,39.6,14.67242311276498
3168,1.5420572804161143,100,827,11,16.54,0.777192068658256,128.92,40.76755572756356,18.17,6.28180706485005
3169,0.6807542412294122,100,4398,2,87.96,0.9356098760129079,111.06,26.3369778068783,18.61,4.337960350210684
3170,1.2383006408786326,100,1734,8,34.68,0.7560094697890442,154.9,69.66914668632019,25.14,12.083062525701006
3171,1.2184968859710494,100,2580,9,51.6,0.7373279560200792,161.9,68.33322764219469,30.0,12.090492132250036
3172,0.6864922889445341,100,3552,1,71.04,0.9323769784025664,120.15,40.58949987373582,17.94,6.159253201484739
3173,1.4019776317758206,100,917,3,18.34,0.5904888095127153,257.42,69.20118207082882,40.95,11.460693696282089
3174,0.0,100,4561,4,91.22,0.96,67.05,39.37191257736916,11.3,6.242595614005444
3175,0.8672992209984501,100,1559,3,31.18,0.7962442703402374,136.9,47.77290026782966,25.68,8.344914619095873
3176,1.2050911547288397,100,1508,7,30.16,0.8705582143579171,179.23,80.12588283444994,31.25,13.412960150540968
3177,0.0499657259581165,100,4469,3,89.38,0.9666824744470561,118.35,42.28105367655825,19.07,6.516525147653463
3178,1.6685594394240495,100,1824,19,36.48,0.7332924377760365,155.98,63.78432095742652,27.97,11.318529056374773
3179,0.9643026121900385,100,1908,3,38.16,0.7324794307239101,418.03,46.64020904755895,76.41,8.58498107161571
3180,0.561388164760459,100,1543,9,30.86,0.7035219891780913,321.58,74.10589450239434,50.41,11.806011180750254
3181,0.0357755532873849,100,4415,4,88.3,0.9416730924007788,153.14,29.30154262150715,24.04,4.957660738695217
3182,0.5718122389100055,100,2514,5,50.28,0.97,107.07,42.328773901449125,18.08,6.821554075135664
3183,1.7143589940787425,100,1923,5,38.46,0.8934542620191686,162.47,43.80512641232759,29.23,7.779273745022731
3184,0.8225669383195764,100,2747,2,54.94,0.9089453500093043,165.79,27.31274244743651,26.55,4.000937390162461
3185,0.0,100,4652,3,93.04,0.9690021929824562,106.42,14.203647418885051,16.28,2.3370066324253336
3186,2.0153630148712205,100,179,29,3.58,0.30481760104061895,313.9,97.3754075729596,55.33,16.819069534311343
3187,0.2787599265501027,100,3564,3,71.28,0.9580190397549228,137.25,28.09568472203516,20.91,4.214486920136306
3188,0.45851361058722767,100,2584,2,51.68,0.9352858931539113,108.12,38.41699623864417,16.37,6.2139439971728105
3189,0.6384072763844046,100,4090,3,81.8,0.9783079264485128,130.53,19.811337663065565,18.45,3.447825401611863
3190,2.495633948781065,100,1707,13,34.14,0.6346156590611768,141.78,97.88131384488052,22.82,15.520554113819522
3191,1.31381524830446,100,1787,3,35.74,0.7189925290865082,250.52,60.0983327555765,37.93,9.540707520933655
3192,1.9334311302682128,100,1091,8,21.82,0.7114240465133431,144.68,39.834126073004285,22.7,6.063827174318213
3193,2.2625054979881374,100,667,12,13.34,0.6786129643823244,293.21,61.199884803813156,47.44,9.887689315507442
3194,1.977671802953565,100,821,6,16.42,0.5351827646580058,283.29,67.85842541645069,46.85,11.814715400719562
3195,0.0,100,4599,1,91.98,0.9601392777912418,145.23,27.53138391000351,21.34,4.327169975861821
3196,1.4775460655361476,100,1962,2,39.24,0.6871908913255516,331.52,56.81627935724057,51.9,8.874119674649423
3197,0.2818127283001358,100,2850,5,57.0,0.9577363509212824,143.54,34.33989516582717,20.86,5.582150123384357
3198,2.459516436908449,100,358,22,7.16,0.33349146285661946,349.87,65.25268653473204,61.16,11.478431948659189
3199,1.0770294852698226,100,2486,3,49.72,0.8217429253504541,135.54,31.1378933134533,24.03,5.437747695507764
3200,0.0188897336388425,100,1955,11,39.1,0.8769155844155844,97.1,59.38139439251995,15.45,9.803443272646605
3201,0.9178156067313991,100,1253,3,25.06,0.6496621920412412,308.6,51.77933950911309,51.65,8.325112611850965
3202,1.530328257620174,100,1075,8,21.5,0.7170715006388139,231.12,89.93645312107878,36.07,14.517751203268364
3203,1.2554842669305717,100,523,7,10.46,0.41315186981096375,333.91,79.6714622684936,53.05,13.05785204388532
3204,0.1258639790742535,100,3676,3,73.52,0.9855294117647059,90.35,26.636581987935315,14.72,4.271018613867189
3205,1.5182156711446675,100,980,11,19.6,0.7135009969403104,117.07,60.708196316477725,19.49,9.557714161869459
3206,1.3429037337784802,100,1655,7,33.1,0.7333991035983967,265.33,82.87774791824401,45.24,13.134016902684415
3207,0.5699209761627624,100,1722,8,34.44,0.8294680746190503,232.05,63.12564851152026,38.84,10.418944284331307
3208,2.050905217738862,100,1272,9,25.44,0.593152463579473,339.69,83.92898128775303,53.55,13.634056623030432
3209,0.9209335453251329,100,2147,4,42.94,0.7930231460336812,160.12,77.52499983876169,27.77,13.100270989563537
3210,1.231847336840315,100,2265,8,45.3,0.8500974506121429,159.46,94.71561856420513,28.79,17.05244557240984
3211,1.462421771057932,100,2193,7,43.86,0.7080633870557951,221.65,49.19885669403305,38.85,8.017948615450214
3212,1.9346779296147203,100,546,6,10.92,0.642152389545962,373.55,75.8807452520071,51.31,9.99469359210176
3213,2.246104413132441,100,1061,8,21.22,0.6668715778807168,209.18,71.5613554930313,35.81,12.020561550942618
3214,1.6927605120062512,100,264,24,5.28,0.3709107052367922,329.32,110.38531424061809,54.13,17.192821176293318
3215,1.6117638834231915,100,899,4,17.98,0.6332720574215407,258.17,75.89032283499657,43.42,12.043404834182068
3216,0.6435172332843823,100,4481,3,89.62,0.9511789826953714,138.68,21.961275008523526,21.38,4.189940333704049
3217,2.7387454539968608,100,236,12,4.72,0.23231256850566315,450.07,63.57141731942116,75.58,10.178585363398982
3218,1.8149366447856456,100,465,21,9.3,0.6373437118437119,243.37,122.86371758985644,39.11,19.812569242781212
3219,1.5938676808562275,100,1005,14,20.1,0.5625170802546774,252.24,101.43333968671247,44.29,17.364501144576543
3220,1.475791331890692,100,1026,6,20.52,0.5930365738504595,236.14,101.46989898487136,39.51,17.04024354286053
3221,1.888094849164605,100,2899,11,57.98,0.8377794903790609,100.89,56.99524453847005,17.25,8.935742834258381
3222,0.4954028333951203,100,2858,4,57.16,0.9134851943477521,85.06,41.114187332355236,15.89,6.823334961732422
3223,0.4055779446564843,100,3718,2,74.36,0.9333682873965921,114.92,50.3872364790926,16.78,7.118398696336135
3224,1.3968376242575034,100,1752,3,35.04,0.8202535669893628,181.52,81.78563198997732,29.91,13.808761711319375
3225,0.0,100,4228,1,84.56,0.9108063820809393,257.35,53.403253646196504,37.38,8.911543076257894
3226,1.8770941768135223,100,1101,4,22.02,0.5469101056194009,358.17,69.48928766363922,61.5,12.083459769453448
3227,0.0878494484140399,100,4187,8,83.74,0.92,87.14,43.564210081212295,12.36,6.786044503243402
3228,2.2404415669304454,100,730,6,14.6,0.5039094439685489,426.85,59.64115609208124,66.94,9.631012407841661
3229,0.3949478961685082,100,4590,2,91.8,0.9659802080504458,160.36,26.866529362759156,26.25,4.775719841029203
3230,1.9281386894140666,100,2837,2,56.74,0.8303916186063844,327.28,49.17704342475257,55.77,8.463870273107924
3231,0.3709958757088356,100,3246,6,64.92,0.8389737545150123,118.03,89.90210842911304,19.71,15.348156241060357
3232,0.0,100,3089,6,61.78,0.9451753720870448,60.41,37.108245714396155,9.95,6.370831970786861
3233,0.932232630642894,100,2264,4,45.28,0.9009878337008672,99.25,49.965463072006045,16.33,8.126567541096302
3234,1.07869746454719,100,2750,2,55.0,0.7692229685091189,208.58,64.94477346176518,31.38,10.566721345810157
3235,0.871578385192656,100,1685,11,33.7,0.7596547439785283,240.08,85.06617188988817,38.65,13.667754021784267
3236,0.0,100,2209,4,44.18,0.9242588219590373,83.65,57.09665051471933,13.68,8.782801375415477
3237,2.1031206602169705,100,645,15,12.9,0.42906248088388976,359.11,76.76182579902591,54.7,12.215973149937748
3238,0.6730124369670407,100,2212,6,44.24,0.97,94.34,20.085427553328305,16.19,2.8273485812683234
3239,0.0,100,3925,2,78.5,0.9747700777771707,88.53,12.323518166497747,16.5,2.1977260975835913
3240,0.6849060028609024,100,1825,8,36.5,0.9563232323232324,171.35,71.68184916699624,29.24,12.19927866719996
3241,1.5435781588748771,100,1144,10,22.88,0.6751827036295676,229.7,130.84047538892543,38.34,21.65881806562861
3242,1.04330182491075,100,1518,11,30.36,0.6043142069299852,266.1,82.79112271252275,44.51,13.656862743690441
3243,0.6916479487288753,100,1957,5,39.14,0.8032639323575606,108.43,59.86355402078965,18.72,10.126282634807305
3244,1.779026242221091,100,454,8,9.08,0.4290036141650853,336.91,91.78944329278829,55.11,15.266889008570146
3245,0.0,100,4561,4,91.22,0.9597916666666667,82.68,19.910740819969508,14.69,3.1770898633812674
3246,1.736486547838915,100,1224,5,24.48,0.6719205241800098,277.29,84.71673919598182,44.96,13.786166979983959
3247,0.690489874212474,100,2009,3,40.18,0.9294821049472013,182.86,63.58978219808588,27.53,9.571264284304347
3248,0.8064328619659563,100,3253,13,65.06,0.8488683473389355,105.16,16.57270044380215,17.02,2.3663473963051156
3249,0.3901663319158904,100,3349,1,66.98,0.7970470808321931,192.05,52.98874880576065,36.19,9.977670068708427
3250,2.682795271514093,100,756,8,15.12,0.5427128389251445,426.24,28.547546304367387,72.75,4.970663939555761
3251,0.0,100,2136,2,42.72,0.9080017954373788,116.24,36.14778554766529,19.39,6.052924912800423
3252,1.0147591558267584,100,1148,7,22.96,0.7182596204550741,178.43,78.79102169663749,30.95,12.164189245486112
3253,0.0,100,4656,4,93.12,0.97,91.2,22.133232931499176,13.47,3.879316950185948
3254,0.7651722100818162,100,1866,8,37.32,0.8146605340308126,179.19,79.20034027704679,24.65,12.563737501237439
3255,0.9726902251577968,100,3663,5,73.26,0.9006321545501086,242.9,16.347782724271813,38.47,2.677517506945566
3256,1.9297316164477485,100,785,3,15.7,0.5558579774519429,293.46,14.442589795462586,46.79,2.69924063395615
3257,1.7883179621475849,100,1006,5,20.12,0.7588735109484582,205.92,99.28078162464273,30.6,16.311345744603663
3258,2.395013332390383,100,734,7,14.68,0.6599013787934291,272.47,112.7941891233764,41.92,16.821819164406687
3259,2.363489003098368,100,290,9,5.8,0.3771059885462879,343.54,91.83620418985097,59.28,15.500374189031696
3260,0.0,100,4950,1,99.0,1.0,89.1,1.3747727084867518,17.67,0.4702127178203499
3261,1.032094050553003,100,3005,2,60.1,0.8349004333279875,206.78,67.19963987998744,35.76,11.907241494149684
3262,1.7207966351144866,100,1015,6,20.3,0.728356607806474,192.35,79.18868290355637,31.6,12.983836104942174
3263,1.1046958955536597,100,3517,4,70.34,0.8375011052208202,180.49,50.00289891596287,29.0,9.162968951164245
3264,2.9015173236225014,100,167,39,3.34,0.2654085399464656,387.17,90.9987972447988,60.57,13.863805393902497
3265,0.4389745623076568,100,3661,3,73.22,0.99,127.71,21.845042915956927,21.42,3.5047967130776643
3266,1.6604422874886486,100,1672,11,33.44,0.6797863436519109,208.53,89.20229313195934,33.56,14.351529535209828
3267,2.049987732980899,100,1507,7,30.14,0.7265908926474697,177.59,56.44964038857998,25.15,8.934623663031365
3268,1.5521901959843432,100,1052,7,21.04,0.6704284069941545,253.11,82.26079199715987,40.2,13.631580979475567
3269,1.5936819488549812,100,883,14,17.66,0.6265288406674631,241.58,85.55772086726013,39.23,14.209753692446608
3270,0.2462452559593847,100,4393,2,87.86,0.9648510000169712,163.64,42.48400169475564,28.52,6.378840019940929
3271,3.122241626140861,100,188,41,3.76,0.28697266229555235,422.72,27.076956992985753,64.92,5.078740001220775
3272,1.9055755916437842,100,541,9,10.82,0.5418889981445844,292.12,120.74901904363446,47.41,19.232313953344253
3273,2.2672643219343724,100,299,25,5.98,0.507081099670883,238.04,95.04671693435813,37.38,14.926339135903351
3274,0.7646243121120352,100,2009,14,40.18,0.873058608058608,158.49,54.526047903731296,25.96,8.799909090439513
3275,1.6417668375366778,100,482,11,9.64,0.4786888746272351,268.79,111.98832930265547,44.34,19.146393916348845
3276,0.2857043056978509,100,3864,1,77.28,0.9598066272351388,229.31,38.82439825676632,37.35,6.53968653683034
3277,1.6254530996674674,100,877,7,17.54,0.584131615271563,323.14,83.81181539615999,54.09,13.642650035825149
3278,1.1402709835281093,100,2410,3,48.2,0.8511347932314017,216.16,67.14711013885855,36.39,12.272648450925333
3279,2.0747422066688976,100,781,10,15.62,0.5293085822063273,265.48,98.3723009794932,44.61,17.342949576124585
3280,0.0,100,2574,9,51.48,0.8456552716222735,98.79,82.03454089589336,15.14,12.748348912702381
3281,1.271323462123653,100,2700,4,54.0,0.8213159698472997,211.2,50.903045095553956,37.39,9.66943121388223
3282,2.2552193536035703,100,420,7,8.4,0.4735759599620151,309.51,99.41161853626568,48.34,15.094515560295402
3283,1.1747915321788431,100,647,17,12.94,0.7349113284611181,200.55,100.79001686675124,32.15,15.489593280651365
3284,0.1158991738526049,100,4101,7,82.02,0.95,136.53,69.66110177136161,23.74,10.234861992230282
3285,0.04414588306793019,100,3992,3,79.84,0.939203182965311,153.3,26.997592485256902,26.38,4.551439332782543
3286,0.0,100,2514,5,50.28,0.97,84.88,20.293486639806382,13.06,3.273591300086192
3287,1.0121004311541797,100,1838,2,36.76,0.8585975850586978,181.99,58.68415373846674,27.29,9.32340602998711
3288,1.889745686797154,100,785,16,15.7,0.46594377225984884,428.85,61.62846339152064,68.86,9.855982954530717
3289,0.0,100,3194,3,63.88,0.943611985950966,145.95,26.731021304843555,26.26,4.959072493924645
3290,1.606204906506191,100,1366,13,27.32,0.7979911197402036,134.27,57.68342136177431,24.19,9.94051809514977
3291,0.4658614676798578,100,1806,7,36.12,0.9237686065781304,114.21,49.46843336916988,17.69,8.882223820643116
3292,0.3247726667996304,100,3229,5,64.58,0.9511116005056386,191.09,50.55691742976424,32.17,8.006316256556445
3293,0.9687076071912202,100,3073,4,61.46,0.9300601965648474,192.2,52.94789891959831,31.12,8.6824881226524
3294,0.2618748926842451,100,2712,1,54.24,0.9281939703114809,95.07,50.12808693736477,14.98,8.352221261436984
3295,1.6848655605641862,100,1109,7,22.18,0.48142752258544336,381.7,67.73426016426252,60.31,11.387444840700656
3296,0.3146931633176736,100,3583,1,71.66,0.9859002432815703,54.05,46.617673687132864,8.58,6.023586971232341
3297,0.9575605237339128,100,4138,2,82.76,0.9365174721258309,105.39,16.789815365274272,13.65,2.4305349205473266
3298,2.580960592586232,100,737,9,14.74,0.5103791346887439,324.45,76.07987578854214,54.42,12.673736623427205
3299,0.3798155893809028,100,2870,3,57.4,0.9189745661439552,142.9,31.480946618550085,26.23,5.222748318653696
3300,0.6109416844720827,100,1295,8,25.9,0.9036159082788321,130.12,46.029182047913906,20.23,7.765120733124501
3301,1.6728324626863866,100,942,10,18.84,0.6411750296366234,233.58,71.46316253847152,35.2,11.44901742508937
3302,1.0532713768658128,100,2033,15,40.66,0.7199802522781367,221.46,80.24891525746625,36.29,13.15088970374248
3303,0.7912825826180235,100,1509,7,30.18,0.8593030376332262,194.54,68.4487282569954,34.44,11.153761697292982
3304,0.9632319422664782,100,2243,14,44.86,0.7629696287499036,195.2,72.89677633475982,36.31,13.214912031489273
3305,0.6475946280317382,100,2495,6,49.9,0.895317636648624,135.14,67.87724508257536,21.93,12.069179756719176
3306,0.0,100,3592,3,71.84,0.9030399819593352,194.87,51.6512642633266,31.02,7.2896913514908155
3307,1.6491331825941036,100,1334,4,26.68,0.6501791559481862,348.72,75.25225312241488,52.21,11.259036370844532
3308,1.7572210949091958,100,2067,23,41.34,0.6892193672340732,160.36,99.99065156303362,26.28,17.120794374093744
3309,0.9064692252391057,100,1118,13,22.36,0.6851424951599807,210.76,69.99501696549548,36.38,11.958912994081025
3310,0.0,100,4678,2,93.56,0.9700060666582005,125.02,30.57514676988485,18.43,4.46823231267131
3311,0.1266456686312341,100,3767,7,75.34,0.877498218728048,107.35,60.00306242184644,17.74,9.993617963480492
3312,0.467300933035508,100,906,10,18.12,0.7197929119898501,143.25,75.60560495095585,26.12,13.82988069362856
3313,2.0489105382053823,100,1019,3,20.38,0.5463816316585749,344.02,57.41724131304116,53.48,9.247140098430432
3314,1.7151996341323432,100,1386,11,27.72,0.7214795554314632,216.96,90.51463086153531,36.32,14.791132478617044
3315,2.199753307208111,100,1505,14,30.1,0.689947140396086,161.65,71.58776082543719,25.88,10.648267464709928
3316,1.342801420010655,100,589,35,11.78,0.5856093977146609,144.47,74.67669716852774,23.94,12.510651461854415
3317,1.349162011347924,100,827,8,16.54,0.6226833142413103,256.55,82.23154808222937,41.75,12.695176249268853
3318,0.0,100,4671,1,93.42,0.9687289194242515,110.66,20.006608908058357,19.96,3.4377899877683045
3319,1.9735796592216441,100,375,16,7.5,0.42864382564226466,313.15,93.34209929072733,49.55,15.33908406652757
3320,0.3789769385708655,100,3238,4,64.76,0.8458460508993588,203.97,49.68389175577936,33.39,8.50281718020563
3321,0.3480278950833813,100,2067,5,41.34,0.8825912715848695,117.98,21.72693259528367,19.64,3.8328057607971737
3322,0.0,100,4080,3,81.6,0.8808259358924966,114.74,16.35213747496027,20.84,3.2053704934063396
3323,0.0,100,3406,9,68.12,0.8615507377295996,113.21,54.19119762470654,19.82,8.157671236327191
3324,1.2998282030391612,100,2091,5,41.82,0.7864285537028713,145.78,69.2412564877328,28.14,12.523593733429715
3325,0.0,100,2235,6,44.7,0.8140030777489226,129.88,40.11839478344067,18.7,7.312318373812781
3326,0.6615120743013467,100,4110,5,82.2,0.953125680811074,135.99,14.604447952593073,22.68,2.5253910588263357
3327,2.0835546651732013,100,305,21,6.1,0.696104784104784,243.96,72.88098791866092,44.02,12.502783690042788
3328,0.944452303692752,100,712,5,14.24,0.8548981624584566,170.87,41.680848119969916,27.26,7.173032831376139
3329,2.2544393483739893,100,550,19,11.0,0.6527416959328791,210.09,72.43080767187399,33.39,11.12555167171498
3330,0.6661984124867059,100,2166,2,43.32,0.9208127290559291,165.12,46.06848814536896,26.85,8.315497579820464
3331,2.407589175843308,100,360,26,7.2,0.46779943665968804,269.91,82.38338364014919,41.3,12.690547663517126
3332,1.6386256412124183,100,1283,5,25.66,0.7098053003289645,302.94,90.45273019649545,45.19,14.290342893016948
3333,1.299814732303192,100,2520,3,50.4,0.7538715296198124,169.79,64.71078658152751,29.69,11.111881028880754
3334,3.078954209996518,100,102,35,2.04,0.248,414.25,84.8143118818988,67.56,13.438243932895398
3335,0.727204316979479,100,1991,11,39.82,0.866657878831614,223.21,84.42053008599271,36.83,14.181011952607612
3336,0.5141148354648746,100,3179,2,63.58,1.0,90.43,19.60013010160902,13.47,3.3330316530150146
3337,1.4547219995558036,100,3081,2,61.62,0.8494967039780014,319.39,20.739283979925634,51.58,2.7934924377918047
3338,0.0,100,3453,2,69.06,0.8884017344930973,148.72,24.028766093996587,25.07,4.278445979558466
3339,0.6917422169537524,100,2715,3,54.3,0.8274431072225528,193.93,38.26911417840763,35.54,7.128001122334367
3340,2.2370294941128424,100,204,28,4.08,0.2727125661131746,342.7,67.80789039632482,58.09,11.188471745506622
3341,1.2744428608428724,100,1187,1,23.74,0.6412307803825261,200.21,54.88447776921996,31.57,9.589843585794297
3342,2.374111125389584,100,550,10,11.0,0.4580636636800846,333.0,86.66117931346191,55.84,14.965774286684937
3343,1.9328806543418768,100,1730,12,34.6,0.6997965040825441,172.34,89.59310464539111,27.12,13.910629029630543
3344,1.511455112125206,100,1962,7,39.24,0.865561665343807,174.58,46.10773904671535,28.5,7.681796664843453
3345,1.6181512758961432,100,764,6,15.28,0.7320196087182156,182.52,121.44805309267004,29.53,19.129796130643943
3346,2.1091254337197234,100,609,6,12.18,0.45788790824517583,266.31,85.36072808967833,44.46,14.23265259886575
3347,2.1560806587984898,100,378,11,7.56,0.46454511982729535,302.34,68.59755389224895,48.4,11.048981853546506
3348,0.0,100,2725,4,54.5,0.9839976702319179,109.23,44.81692872118749,18.57,7.412496205732587
3349,1.5405237449404128,100,2352,4,47.04,0.727367910738472,241.91,92.13002713556531,36.61,14.41727782904942
3350,2.118337790583572,100,293,12,5.86,0.4366901614431565,374.9,46.10281987037235,65.25,7.404559406203721
3351,1.081187472283106,100,2282,7,45.64,0.7945326253576581,151.33,76.87614129234115,24.08,13.214143937463373
3352,0.5958537083258469,100,2606,6,52.12,0.8378081757550768,229.95,44.885715990724705,35.35,7.526453348025218
3353,1.4480605664627675,100,2395,3,47.9,0.7420079445503401,277.28,56.037858631464495,41.18,8.57598973879983
3354,0.1602443017488511,100,3136,6,62.72,0.9369689996558678,77.13,46.12605662746384,10.97,7.068882514230944
3355,0.139588337091235,100,3952,1,79.04,0.9458421456138776,70.25,30.0786884687481,11.84,5.017409690268476
3356,0.0928267546472159,100,3291,2,65.82,0.8998446009319487,156.64,31.784121822067068,25.76,4.897182863647221
3357,0.6615361941961617,100,3306,2,66.12,0.8786340394529683,110.55,16.127848585598763,19.18,2.5782940096117817
3358,2.040982363286096,100,582,8,11.64,0.4749777633540294,344.25,64.82459024166678,56.1,10.58347768930421
3359,2.0307423412024304,100,1648,1,32.96,0.6740000657837306,364.05,53.70965928024493,56.34,9.754199095774087
3360,0.0,100,4185,1,83.7,0.9297527696095872,192.43,41.273539949948564,33.36,7.647901673008094
3361,1.5542773806860166,100,1515,16,30.3,0.7038540583713029,109.85,57.11573776114601,18.78,9.946436547829578
3362,1.0188984147248032,100,1809,1,36.18,0.7221175011018661,266.72,61.38958869384938,41.0,10.130153009703259
3363,2.0009947997872786,100,941,7,18.82,0.49343160860132707,317.68,60.512953985076614,55.0,10.818502669038818
3364,1.2111091055680951,100,911,10,18.22,0.700118876421482,236.83,93.2052632634016,39.04,15.500916101959909
3365,0.0,100,4905,1,98.1,0.9926131654950738,199.38,18.8041378425069,32.66,2.8955828428832775
3366,1.4706415188262116,100,1062,10,21.24,0.8633040557653561,129.08,41.222731593139244,20.07,7.172523963013299
3367,1.5044041229472287,100,741,13,14.82,0.6621964352552588,196.87,77.59686269431259,33.29,11.167179590209875
3368,0.332276757593566,100,2258,2,45.16,0.9036948087119598,122.41,47.00597727949074,20.26,7.985762330548036
3369,0.5329325019634539,100,2109,5,42.18,0.9364362226920366,94.53,21.27790168226181,13.55,3.5982634700644143
3370,1.1955777154886165,100,725,5,14.5,0.5330497834414107,348.38,68.19674185765768,57.96,11.644672601666397
3371,0.0,100,4756,1,95.12,0.9695531886489955,227.1,18.23595349851496,35.54,2.808629559055448
3372,1.0003256055063423,100,2177,9,43.54,0.8208984080445377,166.39,67.9280347132169,31.07,12.18298403512046
3373,0.9115755027797651,100,1350,6,27.0,0.8249824844866263,165.77,51.747822176396944,30.66,8.451295758639619
3374,0.0,100,3529,2,70.58,0.9148423850595792,130.4,24.21115445409409,20.9,4.02119385257662
3375,1.6477060468797324,100,1161,5,23.22,0.7510600454000392,200.99,88.22805619529426,38.44,14.864938614067666
3376,1.3267952433265398,100,2331,5,46.62,0.8005891025389196,170.76,74.7980106687337,29.73,12.05973051108523
3377,1.0968897276996548,100,2029,2,40.58,0.7843805753000764,208.18,101.42567525040197,34.96,16.887818094709573
3378,3.121601766643247,100,324,32,6.48,0.3408850120525967,358.31,50.340777705553975,63.14,9.000022222194787
3379,0.0,100,3208,2,64.16,0.9578239871253443,115.77,17.693984853616215,18.98,2.887836560472216
3380,0.5379727610927602,100,2677,4,53.54,0.9232830792900368,216.59,45.718069731781114,34.23,7.461708919543833
3381,0.792024671756851,100,1626,5,32.52,0.7792434371997773,263.97,44.42509538537875,43.43,7.185060890486594
3382,0.573529987109159,100,1624,5,32.48,0.7878347193311115,216.48,130.0520265124692,36.52,20.906687925159257
3383,0.3901191738664546,100,3764,2,75.28,0.9215055262043046,133.05,68.8901117723001,23.3,11.872236520555006
3384,0.6341413953845669,100,1259,6,25.18,0.9212556442911306,187.98,48.50009896897119,34.26,8.34939518767677
3385,0.6807314907704051,100,1906,12,38.12,0.7602277184185531,155.59,66.81662891825657,26.43,11.71089663518554
3386,1.302983710541436,100,486,15,9.72,0.6612418625814039,186.26,84.66966635106105,32.9,14.757032221961161
3387,0.6821524644329804,100,1955,5,39.1,0.99,101.98,56.58868791551895,16.78,9.420806759508444
3388,2.10463155631188,100,990,12,19.8,0.6197281247019583,226.03,72.93085149646889,34.99,12.323550624718509
3389,2.3061237510453303,100,343,20,6.86,0.37367931754474426,336.68,98.72323738613925,54.85,16.176139836190835
3390,0.96604033858157,100,2795,1,55.9,0.8110581030678169,137.77,16.661845636063248,24.97,2.6700374529208384
3391,0.0551593566651056,100,4841,2,96.82,0.988063661992332,135.82,18.320141920847664,19.98,2.6343120544081335
3392,0.5102188561122801,100,2237,9,44.74,0.9045158371040724,145.62,80.3213271802701,20.52,11.94276349929111
3393,2.4061747600305505,100,544,9,10.88,0.5360968143923824,299.91,111.13659118400204,49.85,17.98075359933504
3394,0.0462744810714234,100,2730,4,54.6,0.904021770175812,109.68,56.38313222941769,18.8,9.085152722987106
3395,2.2214395737925843,100,756,3,15.12,0.6709195348618967,263.69,60.31694538021633,40.99,10.432157015689516
3396,0.3802887010057287,100,3663,8,73.26,0.8847929963242344,128.51,66.7370204609106,19.4,10.311159003720192
3397,0.9371333694723858,100,1230,4,24.6,0.8024493881612542,162.87,57.75892225448809,29.52,10.42926651303916
3398,2.182231824194304,100,660,19,13.2,0.5153944111444111,201.32,96.91737511922204,35.57,17.226290953075186
3399,0.0,100,2147,4,42.94,0.6757078545110753,329.99,60.6912670818463,57.07,10.663259351624154
3400,2.281179746566268,100,171,47,3.42,0.3769025974025974,195.62,93.56022445462601,31.21,14.746046927905798
3401,1.516048438480339,100,695,16,13.9,0.6782514952418393,186.81,102.7087820003723,32.6,17.413787640832194
3402,1.07467574708151,100,3169,2,63.38,0.8746729915338635,80.55,38.988556013271385,14.63,6.582788163081051
3403,2.3985460532223355,100,839,6,16.78,0.564751910899527,320.06,115.46807524160087,53.62,19.41070838480657
3404,2.2596739774838355,100,867,6,17.34,0.5787761081754935,321.81,81.44847389607739,51.07,13.51832460033417
3405,2.3517694342840034,100,200,28,4.0,0.3273338196890828,278.5,68.43792808085294,49.94,11.805778246265684
3406,1.6744333748967464,100,498,15,9.96,0.6005916305916306,196.2,85.51643116968808,30.49,13.683928529483044
3407,1.8619619208056664,100,402,17,8.04,0.3212168142524663,351.19,72.00759612707537,58.3,12.115692303785202
3408,1.5630150573303432,100,1522,4,30.44,0.7831004984698585,233.65,92.20210138603132,37.57,15.415093253042619
3409,1.386124576887318,100,3093,4,61.86,0.8375882807244753,173.56,64.2065915619261,27.97,11.097256417691717
3410,1.0509408299483107,100,1884,3,37.68,0.8575593118146333,114.39,48.139774615176584,18.87,8.643673987373656
3411,1.8475440780358243,100,1174,9,23.48,0.6334319103818454,406.38,87.31160060381437,62.24,13.530794507345089
3412,0.6886345950927591,100,1665,3,33.3,0.9635219323251297,162.21,35.03149868332784,29.35,6.898369372540151
3413,0.9022356480669288,100,2034,3,40.68,0.873860979979827,167.98,40.33583518411389,29.53,6.872343122982147
3414,1.0829876810774195,100,3070,4,61.4,0.8384041259690043,181.75,77.91602851788585,31.15,13.528765649533591
3415,1.3470535498458778,100,3374,3,67.48,0.9073367885714327,217.52,78.82264649198224,39.01,14.051686731492415
3416,1.4483310093626234,100,1818,6,36.36,0.7771947397526262,154.3,106.92628301778754,23.35,17.965174644294443
3417,0.798329874658933,100,2193,8,43.86,0.777987866515506,143.79,83.13378314500069,24.85,15.344298615446718
3418,0.0,100,4223,3,84.46,0.9519102867838821,110.18,55.001705428104685,18.3,8.564461454172118
3419,1.345879746070101,100,1528,4,30.56,0.8858787708767493,95.7,41.32420598148258,16.27,7.159406399974792
3420,1.4522403924462626,100,1297,4,25.94,0.7386101983098381,272.58,81.77715818001992,42.6,13.66747965061591
3421,1.80064764292719,100,1160,4,23.2,0.6101863168379795,301.33,72.78187343013369,46.02,12.137528578751112
3422,1.1462716382421752,100,945,7,18.9,0.5191714789981604,293.93,99.86954040146576,47.71,15.962014283917929
3423,1.3383738995549,100,2938,9,58.76,0.8098068147951579,115.32,50.04315737441034,21.06,8.711853993266875
3424,1.5906962207904671,100,1451,7,29.02,0.6724451467272919,203.05,81.34892439362673,33.81,12.769256047240965
3425,1.1637138637843618,100,1516,3,30.32,0.814850930815111,198.2,61.53438063391879,27.87,8.60076159418455
3426,1.2271734280435094,100,2379,3,47.58,0.883582576262839,136.62,45.99973478184412,22.43,7.407097947239526
3427,2.3836777945351835,100,247,24,4.94,0.43529013209013206,281.37,79.93205302004947,45.81,13.500144443671706
3428,1.2477748316477448,100,2374,10,47.48,0.7749574209994908,149.94,60.9038291078648,25.49,10.295139629941888
3429,1.5656512227094705,100,888,13,17.76,0.8063339913040098,246.68,81.77076250103089,38.95,13.03639137184827
3430,2.369360738606805,100,300,20,6.0,0.6303278371954842,244.26,66.51355049912762,35.85,10.280442597476044
3431,1.2247505247155848,100,844,8,16.88,0.5523481254517807,224.7,73.69538655845426,39.58,13.321546456774454
3432,1.8952475065866805,100,951,8,19.02,0.6126956699009697,283.34,72.59782641374328,50.96,12.506734186029542
3433,1.109446739102325,100,1674,9,33.48,0.8745170828574054,155.85,65.17489930947342,27.64,10.613689273763388
3434,1.5136206696374368,100,2465,4,49.3,0.8179161548686339,202.9,51.0512487604368,34.2,8.423775875461075
3435,2.1191184700802577,100,3383,17,67.66,0.8253839205058717,137.69,84.64817718061033,24.71,14.958138253138323
3436,1.0565483045870971,100,1547,16,30.94,0.7701509873675836,159.56,70.50266945300724,27.56,12.185499579418154
3437,2.673623547930594,100,599,13,11.98,0.47659191851706256,292.27,75.33456776274754,50.42,12.819656781677114
3438,0.6899897421127617,100,2375,2,47.5,0.9461310808974972,160.57,51.9363562449273,27.22,8.720756847888834
3439,1.9532809728869391,100,601,8,12.02,0.5161025971992476,347.11,91.53784954869762,57.34,15.142800269434977
3440,1.9034325947143398,100,953,4,19.06,0.7109353191095426,298.94,74.92086758707484,53.31,13.12379137292269
3441,0.1508743548804001,100,4359,1,87.18,0.9727621464908144,147.19,13.698682418393384,25.82,2.2243201208459182
3442,1.7941522999258452,100,1466,3,29.32,0.575705712176971,242.52,78.4233995692612,40.54,12.708595516421159
3443,0.5198905984815404,100,4821,2,96.42,0.985707973911214,120.04,10.027881132123575,22.62,1.8696523741059463
3444,0.1607266260307402,100,4474,4,89.48,0.958441209406495,133.46,21.488797081270043,23.9,3.6455452267116373
3445,2.926827784833248,100,398,17,7.96,0.3984059119949314,430.29,31.86512042971123,69.24,5.490209467770788
3446,2.988133541566116,100,233,22,4.66,0.3464356101414925,345.42,94.60139322441293,57.9,15.507740002979158
3447,0.6667190961928872,100,4369,5,87.38,0.9585364906110773,137.62,44.46971553765551,23.72,7.062690705389838
3448,0.4264249758564555,100,3367,8,67.34,0.9259567901234567,84.12,38.44379793932956,15.08,6.706235903992641
3449,1.2426383403943353,100,894,3,17.88,0.7467664008147384,133.03,50.39632030218079,23.89,9.243262411075433
3450,2.2896763641177973,100,375,16,7.5,0.5568333023185964,283.95,61.556863955208115,46.32,10.879227913781381
3451,0.4242841706398981,100,3796,4,75.92,0.98,100.53,8.398160512874233,18.42,1.5567915724335097
3452,0.500931663821172,100,3014,3,60.28,0.9788006329113924,71.12,30.113877199723053,11.72,5.459084172276518
3453,0.0,100,4950,1,99.0,1.0,145.51,6.507680078184545,25.29,1.336375695678427
3454,0.9057566092376894,100,2437,8,48.74,0.888243585180184,141.46,43.331148150031744,25.03,7.101344943037199
3455,0.5759617233402828,100,2584,3,51.68,0.9428049338515894,110.51,18.562594107505554,19.2,3.1559467676119
3456,2.6496049100004107,100,393,8,7.86,0.4468194286167277,335.52,36.90324646965359,58.5,6.48459713474939
3457,1.9529581555091398,100,1168,21,23.36,0.6718781015615307,145.49,96.75613623951713,24.73,15.653660913664893
3458,1.6817109277664437,100,1861,2,37.22,0.6727577083171081,182.39,51.625748420725095,31.37,8.844947710416381
3459,0.7547787093830176,100,1349,11,26.98,0.7850679877240442,169.72,108.73095971249404,29.92,18.158568225496193
3460,0.9747429809678864,100,4230,2,84.6,0.9365680982454669,119.5,21.101421753047827,21.9,3.8820097887563345
3461,1.435318775141332,100,434,15,8.68,0.614693547388018,181.42,73.13237039779308,29.52,11.879797978080266
3462,0.0,100,4684,3,93.68,0.970592531972789,229.37,31.64037136318094,39.82,5.054463374088292
3463,0.0,100,4848,1,96.96,0.9967468259784553,209.0,31.135831448670196,37.79,5.589803216572118
3464,0.8642301592464364,100,1799,3,35.98,0.9455025492835497,132.75,40.424095537191675,20.44,6.536543429060957
3465,3.0512178710356648,100,206,31,4.12,0.2864444838786944,380.96,71.790238890813,59.25,10.782740838951847
3466,0.1533367146689709,100,4278,6,85.56,0.9593621595795508,105.24,23.50962356142692,17.31,4.471453902255954
3467,0.2761569929005019,100,3812,8,76.24,0.9055880994925397,97.8,34.941951863054236,16.93,5.683757559924596
3468,1.2650258840253807,100,1976,3,39.52,0.7767800239649364,286.72,79.20367163206512,48.43,13.792211570303
3469,1.6795601819743442,100,944,13,18.88,0.5845273066767976,209.87,141.41814982526108,36.63,24.14980538223859
3470,2.297974633474746,100,555,6,11.1,0.5338200712211747,305.05,78.33152302872708,51.26,13.518594601510914
3471,0.8159492586053433,100,2272,8,45.44,0.7552953387771365,277.44,49.26506267122777,46.13,8.641359846690797
3472,1.245640064090103,100,933,8,18.66,0.6294908260289342,298.3,53.95210839253643,51.94,9.378507343922058
3473,2.603662208282058,100,643,5,12.86,0.5444518784387371,382.65,76.6326790605679,63.95,12.488694887777504
3474,1.0632460590860529,100,2732,3,54.64,0.8234276828803232,261.68,57.69902598831283,37.14,9.268246867665965
3475,0.0,100,4391,5,87.82,0.940000176026101,122.35,36.24399950336606,22.8,6.5482822174979605
3476,0.6180431556158932,100,3116,4,62.32,0.9424565567002082,175.68,43.46467071081984,28.43,7.781073190762313
3477,0.0,100,4754,2,95.08,0.98,74.22,11.457381899893187,11.32,1.5419468213917105
3478,1.3562776469396205,100,2633,10,52.66,0.7885963899263787,128.29,70.57510821812461,22.15,11.83416663732601
3479,2.0068850345329152,100,559,6,11.18,0.5583516104331175,269.51,70.8935109865494,44.36,12.109104013096921
3480,1.8018272817007208,100,979,1,19.58,0.5194687760158536,333.26,54.508094811688295,56.45,9.446030912504996
3481,1.4602463571025848,100,1356,2,27.12,0.6660814001700343,357.87,84.08444029664466,51.88,12.666712280619624
3482,2.233597143467549,100,243,16,4.86,0.5263611111111112,222.27,94.97377058956856,39.12,16.193998888477175
3483,1.4844624227503822,100,1223,8,24.46,0.6418396563757053,261.99,73.3165049630709,42.84,12.94505310919967
3484,1.8400256253487672,100,2083,3,41.66,0.7195462828896393,161.36,42.40460352367417,28.3,7.4746237363495425
3485,1.277108673275712,100,1673,8,33.46,0.5953000846052824,270.77,67.58858705432449,45.82,11.532892091752181
3486,1.8113660637826683,100,805,8,16.1,0.5883636766639487,233.71,118.10701037618385,40.72,20.259358331398357
3487,1.0051471756363488,100,408,6,8.16,0.5262321903218409,293.24,108.23032107501113,45.89,16.1987005651688
3488,0.691641275599526,100,1414,5,28.28,0.9258235354956991,237.65,47.78585041620585,43.08,9.262483468271347
3489,1.6328821213097762,100,650,10,13.0,0.5538198223558293,311.97,80.22424259536514,56.11,14.193586579860638
3490,0.0,100,3869,2,77.38,0.8876286176023865,177.66,16.177898503823048,28.98,2.6267089675104853
3491,2.471360234626736,100,631,13,12.62,0.534656899389157,277.8,104.77528334488053,41.4,16.89260193102294
3492,1.7222126508945645,100,792,11,15.84,0.6372898238102059,239.62,86.3775179083076,38.76,13.42916229703104
3493,0.8465517269580832,100,1794,16,35.88,0.6950744814324774,200.92,112.06745111761934,34.5,18.238695128764007
3494,1.6783773589063262,100,727,13,14.54,0.6769509846468089,194.98,100.95890054868862,31.71,16.35683037755176
3495,1.1875535916202666,100,1239,6,24.78,0.7744664461422072,132.63,43.305809079152425,22.39,7.166442632157185
3496,0.0,100,2486,2,49.72,1.0,59.83,17.35629856853125,10.8,2.8844410203711917
3497,0.0,100,4171,4,83.42,0.9777398486006205,110.47,14.254441413117524,18.09,2.375268405885954
3498,1.5650617185872882,100,3154,2,63.08,0.8576591268317969,204.38,58.40578396015244,31.5,9.925220400575496
3499,1.22794077006257,100,1880,3,37.6,0.8651699210971872,107.47,70.93383607277983,17.48,12.075164595151488
3500,1.678080130043538,100,909,7,18.18,0.5325763607370011,210.81,85.23692803005044,36.6,15.055231648832244
3501,2.6381358283216745,100,337,11,6.74,0.31707752390368493,413.53,42.928651271615784,65.52,7.345039142169361
3502,3.408997528570852,100,187,61,3.74,0.3503968253968254,211.29,72.9587959056343,35.3,11.08286966448672
3503,1.1697601453256583,100,1327,2,26.54,0.7206678573526392,175.93,52.00716392959724,27.21,7.78626354550114
3504,1.6144185493991534,100,787,7,15.74,0.7048645245715468,259.41,88.61231234992121,41.19,14.586771404255295
3505,0.2432428499751729,100,3768,4,75.36,0.9587586793455207,75.71,29.423220421972843,10.86,5.018007572732429
3506,1.7370835729664307,100,712,5,14.24,0.5344213077526319,309.51,108.6039129129333,49.26,17.986450455829242
3507,1.980528573069428,100,306,24,6.12,0.5035281633309632,174.38,64.62875211544781,32.64,11.757993026022767
3508,0.677024426105603,100,2600,4,52.0,0.8573914740938196,107.01,71.79407983949652,16.93,11.173410401484409
3509,1.126227125721897,100,1742,2,34.84,0.7854679587782245,215.1,50.93005006869716,34.86,8.87357875944086
3510,0.6242301979664036,100,2952,5,59.04,0.8789888038947072,214.87,42.71268078685767,36.78,7.302848759217186
3511,0.5682141806946137,100,2568,8,51.36,0.8921556845349399,131.44,60.35931079792081,19.49,9.061451318635443
3512,2.594511628436244,100,600,5,12.0,0.5454924791196345,311.58,85.31191944857413,51.63,13.923113875854062
3513,2.3451631118594274,100,406,14,8.12,0.5765700467770946,213.62,94.23065106429011,31.18,15.182476741296197
3514,2.2175381895950617,100,1206,15,24.12,0.6276959222199376,242.19,77.89976829233832,39.38,12.296162002836494
3515,0.684911733061151,100,1864,2,37.28,0.9013406397566568,148.96,30.233067988545255,25.96,4.983813800695207
3516,1.0019186882108029,100,3806,2,76.12,0.8399239272692811,166.27,33.56332969179309,28.12,5.7606944025872435
3517,0.9653694944321468,100,3040,4,60.8,0.9378007747327288,121.85,35.8651293041026,20.95,6.394333428904063
3518,2.9000275044646826,100,314,22,6.28,0.34071180908616794,426.61,80.21544676681668,70.94,13.865655411844042
3519,0.7077426903333635,100,1356,9,27.12,0.8101734869621903,221.94,69.5636140521753,35.67,12.034163867922027
3520,0.2899053606851256,100,3496,6,69.92,0.9087693960360309,137.29,49.690098611292775,23.26,8.300144577054064
3521,1.5816336147822974,100,487,16,9.74,0.6583787017024195,282.97,69.88926312388763,47.1,11.743508845315354
3522,1.0543731014203228,100,1706,3,34.12,0.8709464254286762,166.46,32.06600068608494,29.94,5.328827263103957
3523,2.1396368209886147,100,422,16,8.44,0.5168828379910423,268.51,75.42671874077513,46.77,12.029842060476104
3524,1.1227442414338624,100,1058,10,21.16,0.844516129032258,117.14,66.00818434103456,20.18,10.782745475990797
3525,1.1886806893827686,100,977,15,19.54,0.7347880103132514,242.23,42.84223500238988,33.59,6.729182714119152
3526,2.249501611489721,100,441,18,8.82,0.5220431640827925,283.83,77.14584305067902,47.96,13.185537531704954
3527,1.44179281187007,100,1121,4,22.42,0.6826115228347683,229.97,75.33013407660974,37.52,12.628127335436558
3528,1.8573993156700483,100,1285,3,25.7,0.6514703279068553,252.58,74.71615354125238,44.84,13.500162961979385
3529,0.42502390717993715,100,1505,2,30.1,0.6860543199808479,251.26,94.59964270545635,40.81,15.11270657427054
3530,1.990408927321132,100,263,23,5.26,0.6025627150627151,238.74,95.94838404058716,42.88,16.274692009374554
3531,0.7737859958023847,100,2219,8,44.38,0.7966496323288491,181.26,90.99204580621318,29.76,15.778542391488514
3532,1.168492528049753,100,1327,7,26.54,0.7559495409627464,174.92,81.54565347092388,27.99,12.641594045056186
3533,1.5731829805440414,100,943,9,18.86,0.723936665562049,276.28,60.538100399665666,44.31,9.695045126248768
3534,0.0,100,4244,2,84.88,0.9546461375544317,118.81,9.978672256367577,19.3,1.9723082923316024
3535,1.6864666588555244,100,518,23,10.36,0.5000167390873557,217.72,69.29618748531553,35.85,12.251020365667506
3536,0.6806507777069911,100,4536,1,90.72,0.9486070616435831,158.89,10.39701399441205,27.88,2.0360746548199065
3537,0.0,100,4842,1,96.84,0.9878430233685929,140.4,21.94584243085692,24.37,4.2840518204148745
3538,1.4158045849105123,100,431,13,8.62,0.5049065412340012,237.56,87.83533685254471,38.81,14.228629589668852
3539,1.6864884798889375,100,405,11,8.1,0.4253763874831986,347.88,72.06667468393418,59.92,11.41812594080132
3540,2.447257887817049,100,777,11,15.54,0.6716468806904256,311.75,92.49825674032998,46.99,14.248154266430442
3541,0.9787325037763948,100,2515,6,50.3,0.7653739273825789,176.66,80.85718520947907,30.73,13.801344137438207
3542,1.7201533647594986,100,1152,2,23.04,0.8705733477512786,196.26,103.01093340029495,32.61,17.181906180630833
3543,0.5837284163753031,100,4468,4,89.36,0.98,149.64,13.717521642045986,24.52,2.1376622745419818
3544,0.5349117259137939,100,3019,8,60.38,0.872580202426362,160.24,35.51538258276264,26.74,6.364935192128824
3545,0.40394936133762754,100,1291,11,25.82,0.7204544599452235,137.15,70.09042373962366,20.64,10.925676180447597
3546,2.590435056417346,100,375,21,7.5,0.31282166661530153,388.07,63.72366201027684,58.23,10.192011577701429
3547,0.0506854916304235,100,3096,8,61.92,0.92,87.05,45.50041208604599,15.16,7.965827012934689
3548,2.8982836701205934,100,482,18,9.64,0.33465625778084834,415.16,56.55859262746908,62.22,8.996199197438882
3549,0.0,100,3143,7,62.86,0.947962382445141,114.98,29.641180813186235,19.59,5.140223730539361
3550,1.8159538743741763,100,1311,6,26.22,0.7111510507745432,223.88,84.29570333059688,39.72,14.137948931864196
3551,0.5313339020288413,100,3325,2,66.5,0.9439134157553403,129.96,63.31207151878699,18.43,9.402398630136886
3552,0.0836413195316662,100,4440,1,88.8,0.9586111269622957,120.43,18.07277233852073,20.32,2.501519538200731
3553,2.3256007004595696,100,297,17,5.94,0.31773237760056305,399.52,36.83136706667294,66.8,6.130252849597641
3554,1.8307288161454582,100,915,6,18.3,0.5497690681202311,311.17,46.40367550097729,56.78,7.995723857162652
3555,0.1214542389172973,100,1400,6,28.0,0.6759031360035705,248.72,65.26914738220502,45.55,11.775716538707952
3556,1.8247001553115603,100,1857,9,37.14,0.8731645878638044,142.49,68.68136501264371,24.5,11.274307074051158
3557,1.5446610232762137,100,714,28,14.28,0.4811346079999709,265.73,155.42167512930752,37.02,22.29393639535199
3558,0.1479513660683643,100,4822,1,96.44,0.9846488881555537,116.39,10.7822956739277,17.61,1.938530371183284
3559,1.6291877276546327,100,563,19,11.26,0.614479497355618,216.78,44.52989557589373,34.13,7.390067658688924
3560,1.9564248513430667,100,456,10,9.12,0.38615833126023313,436.21,72.62235124257545,67.69,11.273593038601312
3561,0.0,100,4471,2,89.42,0.9995877192982456,78.91,8.466516402866057,13.91,1.3935207210515386
3562,1.7033407525051032,100,2062,3,41.24,0.8157671671646938,151.38,68.05803112050774,27.48,12.170850422217834
3563,0.0,100,4877,1,97.54,0.9960874046588332,123.0,16.564419700067972,16.57,2.4505305547982874
3564,1.4684261035893302,100,1752,2,35.04,0.8375186027978282,195.64,63.40087065648231,30.09,9.816409730649998
3565,1.0791864462006544,100,1971,11,39.42,0.7480813520188423,145.86,48.03603230909064,24.02,7.932187592335421
3566,1.99928495858617,100,1193,4,23.86,0.6881154761998328,313.35,56.198109398804505,50.12,9.282542755086022
3567,0.5544169771158498,100,2504,6,50.08,0.8571370582264868,140.3,55.30506305936194,23.73,9.69521015759844
3568,1.014286328121885,100,3435,2,68.7,0.8654473300568998,195.15,37.74582758398603,29.28,6.104228042922381
3569,1.623749715142039,100,1456,4,29.12,0.7391159194141198,211.98,99.44365037547647,36.04,15.616606545597541
3570,1.1942347714241277,100,1154,6,23.08,0.7160098644355964,212.39,80.53445163406778,37.59,13.996495990068372
3571,1.1936573036201372,100,1291,12,25.82,0.7157385302041397,228.93,70.06571986356809,36.75,11.734031702701335
3572,0.3980506550740186,100,2973,10,59.46,0.8814934174768836,161.93,59.70397892938124,28.47,10.464659574013863
3573,0.6873141792587303,100,2201,2,44.02,0.8695616842577338,118.64,24.094613505927004,20.87,3.3545640551344373
3574,0.1522738296809675,100,2388,3,47.76,0.9832241245804519,109.33,13.935605476619951,18.09,2.494373668879625
3575,1.447011533163585,100,1110,8,22.2,0.7004190355797558,178.04,81.3403860330156,30.15,13.85162445347115
3576,1.0494426247961717,100,3340,2,66.8,0.8575936541034318,136.51,39.58901236454378,21.26,6.298603019717944
3577,1.231072539098189,100,2107,3,42.14,0.7824827633477709,125.6,46.861071263896655,25.08,8.084157346316314
3578,2.624855971168756,100,189,21,3.78,0.38109894680482914,335.26,43.847376204283876,55.11,7.2717191914979775
3579,0.0,100,2611,3,52.22,0.9735671489370525,62.06,35.94212570230091,10.53,5.52169358077755
3580,1.5412507107599822,100,842,8,16.84,0.7096217864261343,210.21,103.72427825731063,35.54,17.558712936886916
3581,1.926588008973442,100,578,7,11.56,0.5416330261741483,299.73,84.5917082224966,49.22,13.866924677086843
3582,0.1314314324721614,100,4347,5,86.94,0.9648246844319776,135.68,17.202836975336364,22.07,2.7830019762838836
3583,0.8087298084028602,100,3308,13,66.16,0.8310454013132119,125.57,39.730153536073836,18.86,6.154705516919554
3584,2.106315802773488,100,1071,21,21.42,0.5622832462080143,212.67,78.60522310890035,35.85,13.738540679417158
3585,2.4130377441317465,100,258,26,5.16,0.31319489866858286,361.97,58.67647825151063,59.46,9.746199259198429
3586,1.8014914750892703,100,686,12,13.72,0.5013738641631812,276.78,71.07637863594346,43.13,11.524456603241648
3587,1.7069900333062125,100,1565,3,31.3,0.6315551782376336,298.76,75.48869054368343,45.96,11.507319409836507
3588,0.0,100,4038,2,80.76,0.9714029504254716,103.3,19.940160480798546,16.42,3.6254103216049907
3589,0.1246472239253814,100,3597,4,71.94,0.9104436687758433,125.71,46.83829522943806,21.82,8.019201955307025
3590,0.385639088848962,100,4139,2,82.78,0.9831151601410357,177.21,21.288633117229484,30.43,3.712829109991463
3591,0.0,100,2651,5,53.02,0.8932940651380059,187.69,83.59386281300799,28.57,13.782057175908104
3592,0.936069556052111,100,652,15,13.04,0.49159478841016657,265.9,58.034041734140835,41.65,9.314907406947208
3593,0.0822714668784334,100,1567,4,31.34,0.9221555780339058,134.56,32.12921412048542,24.3,5.239274758971894
3594,0.0,100,4666,2,93.32,0.9849315787628128,119.48,42.42086279179149,21.66,7.263910792403773
3595,1.3707652239488148,100,1224,7,24.48,0.7062872667779826,152.96,59.87953239630383,27.53,10.235677798758616
3596,0.5104846805642007,100,651,10,13.02,0.5701015343087719,280.37,81.03093915289394,45.62,13.411025315016001
3597,1.7714247993470804,100,1145,4,22.9,0.6977456085668442,244.45,89.7638429435817,39.68,14.489223581683044
3598,0.10044764217891271,100,4382,1,87.64,0.9856297125793206,95.86,14.617126940681606,17.19,2.6709361654670825
3599,1.6820847081932182,100,340,15,6.8,0.39660943148029637,311.87,96.14360665171658,51.7,15.865371095565335
3600,0.5438439259702852,100,1030,9,20.6,0.9080318015318015,152.73,70.70698056062075,23.59,10.95453787249832
3601,2.9329158362232177,100,127,43,2.54,0.20983436532507738,380.32,46.43379803548273,59.57,7.472957915042745
3602,1.9621413541672907,100,412,8,8.24,0.5584174446550945,249.64,78.38220716463654,44.79,13.758848062247072
3603,0.3768512976895045,100,3445,2,68.9,0.9756794838195426,216.34,21.552828120689867,28.33,2.687210449518236
3604,1.5801311489237608,100,1579,7,31.58,0.632714747064568,228.46,76.23784099776175,36.36,12.409286844939963
3605,0.0,100,4888,1,97.76,0.9908242655338914,126.22,15.218791016371833,18.52,2.5474693324945052
3606,1.950970811876359,100,1160,8,23.2,0.7960386758182001,209.0,51.22499389946279,42.1,10.229858259037611
3607,1.0033841423207472,100,2117,5,42.34,0.9525910087963196,91.56,24.266981682937004,15.69,3.8850868716156146
3608,0.0,100,1660,10,33.2,0.8968343691190352,157.48,25.172794838873173,21.96,4.2706439795421955
3609,1.9917542506503505,100,1320,5,26.4,0.6564146774030714,321.94,80.28571728520585,53.34,12.550075696982866
3610,0.6342898607039906,100,2754,3,55.08,0.8974958266183418,98.04,46.95080829975135,14.9,7.930321557162737
3611,1.978620953783496,100,1010,17,20.2,0.7451249571745586,178.28,66.6570446389577,28.7,10.802314566795395
3612,1.811566788151041,100,1418,6,28.36,0.6885113085754031,226.74,86.1512182154147,35.24,13.505643264946691
3613,0.8697404998305654,100,2463,17,49.26,0.80644099378882,131.66,75.29305678480584,21.73,12.730164963581577
3614,1.1107477325018222,100,1188,16,23.76,0.7154843201093405,143.26,95.49655700599891,22.87,15.59208453029934
3615,1.624702270339643,100,1318,7,26.36,0.6020137721242589,366.52,35.31443897331515,59.59,6.112438138746272
3616,1.717934308713989,100,1476,6,29.52,0.8709662105378334,189.87,47.52613070722252,27.87,8.176374502186162
3617,0.7943159886756966,100,2382,3,47.64,0.9081881219755077,133.59,56.76585153065178,20.08,8.832530781152139
3618,1.896503104339029,100,1801,5,36.02,0.6274991665683255,478.02,39.80401487287432,69.95,6.103072996450231
3619,2.742350018702618,100,233,25,4.66,0.3468613813087497,324.66,109.46078932658946,46.7,16.218199653475722
3620,1.60872350442067,100,1020,7,20.4,0.7787479069929991,158.02,68.76292314903432,25.29,11.291851044005142
3621,0.9683406931978983,100,1804,10,36.08,0.8333175017589461,193.0,44.13343403815298,34.09,7.488784948174169
3622,0.0,100,3469,1,69.38,0.9598623832940077,100.72,27.53546077333735,16.74,4.729947145582072
3623,2.268897329423552,100,993,17,19.86,0.6395706817188113,259.25,115.10945877728729,42.69,18.98667690776877
3624,1.1745835403595764,100,1471,4,29.42,0.8571322676576998,195.0,46.00608655384633,31.37,7.441310368476778
3625,2.0111403665473078,100,582,13,11.64,0.6039145124295114,265.4,63.34287647399667,46.47,10.69341386087717
3626,2.392544742813234,100,184,32,3.68,0.39656854256854257,276.8,86.75240630668408,45.48,13.840144507916094
3627,0.48931869726261307,100,3455,3,69.1,0.9181209017927201,139.99,27.664596508895627,27.01,4.742351737271289
3628,0.245266223444312,100,1315,8,26.3,0.892073022016184,193.22,43.03477198731277,30.57,6.686187254332622
3629,1.0899581468590431,100,2074,2,41.48,0.7787659304489765,294.91,78.521092070857,46.47,12.336494639888594
3630,1.1906864808312605,100,2893,3,57.86,0.9112372816724456,138.61,33.77806832842873,20.99,5.600883858820856
3631,1.8344605111232115,100,593,11,11.86,0.6433267409475711,198.31,66.73989736282189,30.75,10.72601976503866
3632,2.038916489787424,100,616,11,12.32,0.49040305693903447,360.1,84.55879611252752,57.67,13.896801790340108
3633,0.0,100,4852,1,97.04,0.9897979797979798,124.49,23.1233626447366,18.49,3.321129325997409
3634,0.0,100,2429,4,48.58,0.9754997556207233,121.11,19.576462908298833,19.56,3.5786030794152066
3635,2.1050519517992905,100,2305,4,46.1,0.7671703097864484,308.99,56.58701176065052,52.81,11.092064731149021
3636,1.8121185490132492,100,825,2,16.5,0.543154753377231,274.72,75.2618203340844,49.18,12.6778389325626
3637,0.8791968378022256,100,3044,7,60.88,0.8496799934496966,177.99,84.68653907203905,30.38,14.277800951126894
3638,1.954039317112774,100,1101,7,22.02,0.5746582445684447,364.11,44.01588236080245,56.3,6.285698051927088
3639,0.591419794966679,100,3697,3,73.94,0.8992365094504163,106.99,36.12242932029904,18.3,6.304760106459246
3640,0.0,100,4836,1,96.72,0.9876185539208601,134.4,22.68038800373574,26.08,4.480357128622673
3641,1.222164105325432,100,1315,9,26.3,0.7339956297726047,105.63,36.21205738424703,16.73,5.981396158088845
3642,0.2593604579880766,100,2703,1,54.06,0.8764435030090542,205.0,52.9378881331698,34.31,9.343120463742293
3643,1.6219629652916423,100,1994,5,39.88,0.7400895733353917,132.04,80.25047289580291,21.95,13.017200159788587
3644,0.4867637890109127,100,3230,3,64.6,0.9571666689120636,133.4,53.161452199878816,21.99,9.763703190900468
3645,1.009541401267274,100,2600,3,52.0,0.8431135808416811,124.84,29.914785641886187,20.35,4.825712382643623
3646,1.5626976942858282,100,935,8,18.7,0.6110169463954684,259.09,85.6261753204007,46.0,15.107613974417006
3647,0.0,100,3273,5,65.46,0.9534098912243393,136.13,52.263114143724735,21.58,8.021446253637807
3648,0.0,100,4950,1,99.0,1.0,106.03,16.943703845381624,20.29,3.0538336562425927
3649,2.261748476705049,100,301,19,6.02,0.5009479080244325,272.86,84.84928049194053,42.78,12.68667016990668
3650,1.741078689265282,100,2109,8,42.18,0.7306355456102395,250.42,55.30572845555874,43.47,9.431283051631947
3651,2.1856944106612435,100,199,28,3.98,0.26854135896782955,368.73,75.80855558576486,60.68,12.307623653654673
3652,1.0315017348045954,100,2602,5,52.04,0.838483101073742,358.08,42.240662873586636,57.38,7.009679022608667
3653,2.1299479061367816,100,512,9,10.24,0.489297872940017,312.04,71.23410980702994,54.94,12.687647536088003
3654,1.595813399424773,100,1236,7,24.72,0.6966195801590435,221.85,105.45334276351792,32.22,16.25827789158495
3655,0.6814248542568974,100,1853,4,37.06,0.9152428949712654,125.52,42.22214584788414,19.33,7.2595523277954275
3656,0.885378928148603,100,2988,7,59.76,0.9362648648648648,139.77,43.37945481446258,23.81,7.414438616645228
3657,2.098195293937991,100,298,23,5.96,0.43433114880961154,309.01,100.12846698117374,47.49,15.68151459521688
3658,0.5429508577925922,100,1538,5,30.76,0.8866681521578512,134.45,33.40430361495357,21.31,5.162741519774159
3659,0.5625816627032612,100,1065,8,21.3,0.8320359059046504,106.9,70.0637566791847,16.38,11.883417017003149
3660,0.7461088954023847,100,2193,8,43.86,0.9433177960766538,102.9,28.43571697706952,17.67,4.758266491065838
3661,1.8867250747883368,100,934,8,18.68,0.580866653390924,248.27,72.98244377930901,41.99,12.071035581092453
3662,0.9760346507227243,100,1829,3,36.58,0.8790661892383287,153.91,51.05371582950648,24.49,8.337259741665724
3663,1.6653631607123918,100,1238,6,24.76,0.7125533386610059,246.9,59.429201576329454,39.87,9.50332047234018
3664,0.0507571044710583,100,3871,2,77.42,0.9281443298969072,100.51,8.895498861783974,18.88,1.2351518125315604
3665,0.0,100,2342,2,46.84,0.9648341164453987,193.69,17.070263618351063,29.01,2.670187259350924
3666,0.5121683651483391,100,1981,3,39.62,0.7582449884336637,209.23,86.8998107017501,35.68,14.519559221959874
3667,0.9912652838514356,100,1434,4,28.68,0.9284865689883705,73.38,42.363139638133525,13.5,7.132320800412724
3668,0.8623217004101363,100,1795,5,35.9,0.7870629527479304,219.69,163.08173993430412,35.67,24.724504039515132
3669,0.0,100,4851,2,97.02,0.99,114.06,5.4732440106393945,18.92,0.9019977827023744
3670,0.8186292604522682,100,3970,2,79.4,0.9034040785230296,192.58,41.20077183743043,31.32,6.979799424052242
3671,0.856598873349086,100,2031,5,40.62,0.602230291597503,204.46,112.91380960715125,36.25,19.21737495080949
3672,1.3757413761492232,100,1887,3,37.74,0.8499169874935086,219.54,44.17112631572802,35.72,7.075422248883807
3673,2.3131358105687707,100,373,11,7.46,0.4568807314565156,356.19,116.48894325213874,54.07,17.930563292880677
3674,3.2757620046285285,100,42,65,0.84,0.09766666666666665,340.12,65.974886131012,58.37,11.458320121204503
3675,1.9775280735679344,100,403,7,8.06,0.42547606604748006,254.3,71.62073722044475,44.99,12.242136251488137
3676,1.0429235993629071,100,1890,2,37.8,0.9141029071587639,215.4,76.43297717608546,34.94,13.13683371288531
3677,0.41912008194818934,100,4044,3,80.88,0.8890346464007073,157.3,50.8241084525838,25.63,8.313428895467862
3678,0.3942743375428253,100,3041,3,60.82,0.8979346370775662,153.5,53.55212414087792,22.1,7.925276020429825
3679,0.0727582008499837,100,3785,6,75.7,0.9106600197187045,46.92,74.64913663264967,7.71,12.372788691317734
3680,1.5336966593261832,100,1753,7,35.06,0.7896594753831583,201.87,97.36433176476898,37.32,17.645894706701615
3681,0.6882196095312435,100,2480,4,49.6,0.7916218190539694,230.63,47.96220491178445,39.79,8.462026943941977
3682,1.9102372323588812,100,648,7,12.96,0.5742875208250797,206.24,84.7996603766784,35.85,13.920039511438178
3683,2.230920725158988,100,140,19,2.8,0.259984126984127,310.59,62.79077878160136,54.29,11.420415929378406
3684,0.6807770775733396,100,1575,4,31.5,0.8026242240510494,114.52,39.28345198680992,19.87,6.301833066656082
3685,0.559167847694195,100,3281,8,65.62,0.8437727713091799,160.55,34.8225142687888,25.87,5.224279854678537
3686,1.6925265637616702,100,1728,2,34.56,0.7951281014692337,210.78,47.08111723398246,39.98,8.192655247232121
3687,2.0329136536143584,100,134,30,2.68,0.35270057720057724,288.41,97.89924361301266,46.35,16.6477475953956
3688,0.0,100,4950,1,99.0,1.0,109.66,11.096143474198591,20.01,2.1656176947928736
3689,1.33728458735034,100,1837,5,36.74,0.8286549014646074,184.53,126.81888305768979,33.28,21.440652975131144
3690,0.0,100,3894,2,77.88,0.9798759571418003,123.91,27.790320257240648,20.79,4.53055184276706
3691,0.2044151579078253,100,4753,3,95.06,0.98,84.4,12.943724348115575,14.73,2.1810777152591334
3692,0.6624307291228446,100,2049,2,40.98,0.7393258665933219,253.07,78.7393491210081,42.52,12.866607944598297
3693,1.4461545146206405,100,1290,5,25.8,0.6189421591828179,248.71,80.53574299651055,39.73,13.02294513541388
3694,1.8566449793652675,100,1054,6,21.08,0.6367398072646888,235.4,75.90783885739339,41.74,13.484524463250455
3695,0.0,100,1757,16,35.14,0.7157117349123007,120.94,105.81746736716015,19.75,17.688626289228907
3696,0.6720958704382803,100,1789,4,35.78,0.9290476827777785,54.23,27.624574204863322,9.37,4.605768122691372
3697,2.017081674770923,100,374,16,7.48,0.43420802126431307,326.2,110.99342322858595,55.75,18.40672431477149
3698,2.306878182218324,100,405,11,8.1,0.32576603131711496,381.11,55.72196963496535,63.33,9.915699672741201
3699,1.8110925831401763,100,539,16,10.78,0.5524450624395721,196.71,65.119781172851,32.61,10.723707381311746
3700,1.2521130514448144,100,2746,4,54.92,0.9108079168479043,78.75,23.233327355331607,15.39,4.413377391522279
3701,1.246067368963249,100,2515,6,50.3,0.8183946009781387,139.3,58.83119920586354,24.16,10.523041385455063
3702,0.6675697658048424,100,4705,2,94.1,0.9718673282555359,116.91,21.126331910674885,15.61,3.4406249432334235
